#
# A fatal error has been detected by the Java Runtime Environment:
#
#  SIGSEGV (0xb) at pc=0x00000001082151b8, pid=24635, tid=246059
#
# JRE version: OpenJDK Runtime Environment Homebrew (11.0.24) (build 11.0.24+0)
# Java VM: OpenJDK 64-Bit Server VM Homebrew (11.0.24+0, mixed mode, tiered, compressed oops, g1 gc, bsd-aarch64)
# Problematic frame:
# V  [libjvm.dylib+0x6951b8]  ObjectSynchronizer::inflate(Thread*, oopDesc*, ObjectSynchronizer::InflateCause)+0x18c
#
# No core dump will be written. Core dumps have been disabled. To enable core dumping, try "ulimit -c unlimited" before starting Java again
#
# If you would like to submit a bug report, please visit:
#   https://github.com/Homebrew/homebrew-core/issues
#

---------------  S U M M A R Y ------------

Command Line: --add-opens=java.base/java.util=ALL-UNNAMED --add-opens=java.base/java.lang=ALL-UNNAMED --add-opens=java.base/java.lang.invoke=ALL-UNNAMED --add-opens=java.prefs/java.util.prefs=ALL-UNNAMED --add-opens=java.base/java.nio.charset=ALL-UNNAMED --add-opens=java.base/java.net=ALL-UNNAMED --add-opens=java.base/java.util.concurrent.atomic=ALL-UNNAMED -Xmx2048m -Dfile.encoding=UTF-8 -Duser.country=GB -Duser.language=en -Duser.variant -javaagent:/Users/sav/.gradle/wrapper/dists/gradle-8.5-bin/5t9huq95ubn472n8rpzujfbqh/gradle-8.5/lib/agents/gradle-instrumentation-agent-8.5.jar org.gradle.launcher.daemon.bootstrap.GradleDaemon 8.5

Host: MacBookPro18,3 arm64 1 MHz, 10 cores, 16G, Darwin 25.3.0
Time: Wed Mar 11 20:58:23 2026 CET elapsed time: 1244.207049 seconds (0d 0h 20m 44s)

---------------  T H R E A D  ---------------

Current thread (0x000000076df01000):  JavaThread "ForkJoinPool-2-worker-5" daemon [_thread_in_vm, id=246059, stack(0x000000017f9a4000,0x000000017fba7000)]

Stack: [0x000000017f9a4000,0x000000017fba7000],  sp=0x000000017fba6130,  free space=2056k
Native frames: (J=compiled Java code, A=aot compiled Java code, j=interpreted, Vv=VM code, C=native code)
V  [libjvm.dylib+0x6951b8]  ObjectSynchronizer::inflate(Thread*, oopDesc*, ObjectSynchronizer::InflateCause)+0x18c
V  [libjvm.dylib+0x694fa0]  ObjectSynchronizer::slow_enter(Handle, BasicLock*, Thread*)+0xc8
V  [libjvm.dylib+0x5e9510]  SharedRuntime::monitor_enter_helper(oopDesc*, BasicLock*, JavaThread*, bool)+0xdc
V  [libjvm.dylib+0x12ae94]  Runtime1::monitorenter(JavaThread*, oopDesc*, BasicObjectLock*)+0x50
v  ~RuntimeStub::monitorenter_nofpu Runtime1 stub
C  0x00000001373b42ec

Java frames: (J=compiled Java code, j=interpreted, Vv=VM code)
v  ~RuntimeStub::monitorenter_nofpu Runtime1 stub
J 32826 c1 java.util.concurrent.ForkJoinTask.setDone()I java.base@11.0.24 (40 bytes) @ 0x0000000112db7844 [0x0000000112db7480+0x00000000000003c4]
J 32823 c1 java.util.concurrent.ForkJoinTask.doExec()I java.base@11.0.24 (37 bytes) @ 0x0000000113a60130 [0x0000000113a60000+0x0000000000000130]
j  java.util.concurrent.ForkJoinPool$WorkQueue.topLevelExec(Ljava/util/concurrent/ForkJoinTask;Ljava/util/concurrent/ForkJoinPool$WorkQueue;I)V+12 java.base@11.0.24
J 32837 c1 java.util.concurrent.ForkJoinPool.scan(Ljava/util/concurrent/ForkJoinPool$WorkQueue;I)Z java.base@11.0.24 (209 bytes) @ 0x0000000112d5a61c [0x0000000112d5a200+0x000000000000041c]
j  java.util.concurrent.ForkJoinPool.runWorker(Ljava/util/concurrent/ForkJoinPool$WorkQueue;)V+25 java.base@11.0.24
j  java.util.concurrent.ForkJoinWorkerThread.run()V+24 java.base@11.0.24
v  ~StubRoutines::call_stub

siginfo: si_signo: 11 (SIGSEGV), si_code: 2 (SEGV_ACCERR), si_addr: 0x0000000000000000

Register to memory mapping:

 x0=0x0 is NULL
 x1=0x0000000770c70bc0 points into unknown readable memory: 0x0000000000000000 | 00 00 00 00 00 00 00 00
 x2=0x0000000000000001 is an unknown value
 x3=0x000000076df01000 is a thread
 x4=0x000000017fba65b0 is pointing into the stack for thread: 0x000000076df01000
 x5=0x0 is NULL
 x6=0x0000000000000008 is an unknown value
 x7=0x000000076df01000 is a thread
 x8=0x0 is NULL
 x9=0x0000000770c70bc0 points into unknown readable memory: 0x0000000000000000 | 00 00 00 00 00 00 00 00
x10=0x0 is NULL
x11=0x0 is NULL
x12=0x0000000000000001 is an unknown value
x13=0x00000003330fc678 is an oop: java.util.Arrays$ArrayItr 
{0x00000003330fc678} - klass: 'java/util/Arrays$ArrayItr'
 - ---- fields (total size 3 words):
 - private 'cursor' 'I' @12  1
 - private final strict 'a' '[Ljava/lang/Object;' @16  a 'com/android/tools/r8/graph/p0'[1] {0x0000000337bf5028} (66f7ea05)
x14=0x0000000000000001 is an unknown value
x15=2150434331 is a compressed pointer to class: 0x00000004016830d8
com.android.tools.r8.graph.p0 {0x00000004016830d8}
 - instance size:     10
 - klass size:        164
 - access:            public 
 - state:             fully_initialized
 - name:              'com/android/tools/r8/graph/p0'
 - super:             'com/android/tools/r8/internal/Eh'
 - sub:               
 - arrays:            'com/android/tools/r8/graph/p0'[]
 - methods:           Array<T>(0x000000013a900040)
 - method ordering:   Array<T>(0x0000000126300058)
 - default_methods:   Array<T>(0x000000013a907570)
 - default vtable indices:   Array<T>(0x000000013ab23b08)
 - local interfaces:  Array<T>(0x000000013a8ffe40)
 - trans. interfaces: Array<T>(0x000000013a907548)
 - constants:         constant pool [1424]/operands[152] {0x000000013a8fcd90} for 'com/android/tools/r8/graph/p0' cache=0x000000013ab20100
 - class loader data:  loader data: 0x000000077225fd40 for instance a 'org/gradle/internal/classloader/VisitableURLClassLoader$InstrumentingVisitableURLClassLoader'{0x0000000306ada600}
 - host class:        
[error occurred during error reporting (printing register info), id 0xb, SIGSEGV (0xb) at pc=0x0000000107e96a74]

Registers:
 x0=0x0000000000000000  x1=0x0000000770c70bc0  x2=0x0000000000000001  x3=0x000000076df01000
 x4=0x000000017fba65b0  x5=0x0000000000000000  x6=0x0000000000000008  x7=0x000000076df01000
 x8=0x0000000000000000  x9=0x0000000770c70bc0 x10=0x0000000000000000 x11=0x0000000000000000
x12=0x0000000000000001 x13=0x00000003330fc678 x14=0x0000000000000001 x15=0x00000000802d061b
x16=0x00000001852009d0 x17=0x0000000337bf5028 x18=0x0000000000000000 x19=0x0000000000000001
x20=0x0000000332e4a4d0 x21=0x0000000770c70bc0 x22=0x000000076df01000 x23=0x0000000000000000
x24=0x000000010840ba84 x25=0x0000000000000000 x26=0x000000013bd32090 x27=0x0000000000000000
x28=0x000000076df01000  fp=0x000000017fba61e0  lr=0x00000001082151b4  sp=0x000000017fba6130
pc=0x00000001082151b8 cpsr=0x0000000060001000
Top of Stack: (sp=0x000000017fba6130)
0x000000017fba6130:   000000017fba6150 00000001080d41dc
0x000000017fba6140:   000000017fba6200 0000000108215188
0x000000017fba6150:   000000017fba6220 00000001080d1714
0x000000017fba6160:   0000000000000000 000000033a672050
0x000000017fba6170:   0000000000000000 0000000000000000
0x000000017fba6180:   0000000000000000 0000000770825e00
0x000000017fba6190:   0000000000000000 0000000000000000
0x000000017fba61a0:   000000013bd32090 00000003330ee3c8
0x000000017fba61b0:   000000017fba6708 000000017dae4d58
0x000000017fba61c0:   000000017dae4d58 000000077e852b18
0x000000017fba61d0:   000000017fba65b0 000000076df01000
0x000000017fba61e0:   000000017fba6220 0000000108214fa0
0x000000017fba61f0:   000000017fba6708 0000000000000001
0x000000017fba6200:   0000000332e4a4d0 0000000000000001
0x000000017fba6210:   000000017fba65b0 000000076df01000
0x000000017fba6220:   000000017fba6260 0000000108169510
0x000000017fba6230:   000000076df01000 000000076df01000
0x000000017fba6240:   0000000332e4a4d0 000000017fba65b0
0x000000017fba6250:   0000000000000001 000000076df01000
0x000000017fba6260:   000000017fba6290 0000000107caae94
0x000000017fba6270:   0000000337bf53c8 0000000000000000
0x000000017fba6280:   0000000337bf9ed8 0000000337bf9ec0
0x000000017fba6290:   000000017fba6490 0000000110fea87c
0x000000017fba62a0:   000000017fba62d0 0000000107c40240
0x000000017fba62b0:   0000000000000062 0000000000007400
0x000000017fba62c0:   000000017fba6330 000000010824cb34
0x000000017fba62d0:   000000017fba6330 00000001373b4398
0x000000017fba62e0:   000000017fba6310 0000000107d15a8c
0x000000017fba62f0:   0000000000000000 3ff0000000000000
0x000000017fba6300:   0000000000000083 0000000000009d0e
0x000000017fba6310:   000000017fba6380 000000010824ca3c
0x000000017fba6320:   00000001373b4398 00000001373b4398 

Instructions: (pc=0x00000001082151b8)
0x00000001082150b8:   1f 30 00 f9 1f 44 00 f9 1f 28 00 f9 79 03 00 b4
0x00000001082150c8:   b7 02 00 f9 bf 22 00 f9 bf 2a 00 f9 b4 06 00 f9
0x00000001082150d8:   bf 2a 00 f9 bf 3a 00 f9 08 03 40 b9 a8 7e 00 b9
0x00000001082150e8:   a9 02 7f b2 bf 3b 03 d5 e8 03 17 aa 89 7e a8 c8
0x00000001082150f8:   bf 3b 03 d5 1f 01 17 eb 60 08 00 54 ff 02 08 eb
0x0000000108215108:   20 08 00 54 bf 06 00 f9 bf 22 00 f9 bf 2a 00 f9
0x0000000108215118:   bf 36 00 f9 bf 2e 00 f9 bf 32 00 f9 bf 46 00 f9
0x0000000108215128:   bf 2a 00 f9 0d 00 00 14 bf 3a 00 f9 bf 2a 00 f9
0x0000000108215138:   08 03 40 b9 a8 7e 00 b9 bf 3b 03 d5 e8 03 17 aa
0x0000000108215148:   9f 7e a8 c8 bf 3b 03 d5 1f 01 17 eb c0 02 00 54
0x0000000108215158:   ff 02 08 eb 80 02 00 54 e0 03 16 aa e1 03 15 aa
0x0000000108215168:   22 00 80 52 9c 05 00 94 97 02 40 f9 e0 03 17 aa
0x0000000108215178:   52 ba ed 97 e0 f8 0f 36 e0 03 17 aa 4f ba ed 97
0x0000000108215188:   15 00 7f d2 e0 03 15 aa fd 7b 4b a9 f4 4f 4a a9
0x0000000108215198:   f6 57 49 a9 f8 5f 48 a9 fa 67 47 a9 ff 03 03 91
0x00000001082151a8:   c0 03 5f d6 e0 03 17 aa 44 ba ed 97 08 f8 7e 92
0x00000001082151b8:   08 01 40 f9 a8 02 00 f9 e0 03 17 aa 3f ba ed 97
0x00000001082151c8:   a0 22 00 f9 bf 2a 00 f9 b4 06 00 f9 88 02 40 f9
0x00000001082151d8:   48 01 00 b4 e0 07 00 90 00 d0 3b 91 e2 07 00 b0
0x00000001082151e8:   42 64 01 91 03 05 00 90 63 60 0c 91 01 bd 80 52
0x00000001082151f8:   a0 9e ed 97 49 4a fb 97 a8 02 7f b2 bf 3b 03 d5
0x0000000108215208:   88 02 00 f9 08 11 00 d0 08 61 0b 91 08 01 40 f9
0x0000000108215218:   48 01 00 b4 09 11 00 d0 29 01 2c 91 29 01 40 39
0x0000000108215228:   3f 05 00 71 a1 00 00 54 08 15 40 f9 09 01 40 f9
0x0000000108215238:   29 05 00 91 09 01 00 f9 c8 0f 00 f0 08 e5 43 f9
0x0000000108215248:   28 06 00 b4 c8 10 00 d0 08 e5 37 91 08 01 40 39
0x0000000108215258:   1f 05 00 71 21 01 00 54 89 0a 40 b9 ca 0f 00 f0
0x0000000108215268:   4a 61 2b 91 4b 09 40 b9 4a 01 40 f9 2b 21 cb 9a
0x0000000108215278:   6a 01 0a 8b 03 00 00 14 8a 06 40 f9 e9 03 0a aa
0x0000000108215288:   4a 09 40 b9 5f 05 00 71 eb 03 00 54 80 10 00 d0
0x0000000108215298:   00 80 27 91 0a 00 40 f9 40 01 3f d6 0a 00 40 f9
0x00000001082152a8:   4a 3d 41 f9 ea 0f 00 f9 40 05 c0 3d e0 03 82 3c 


Stack slot to memory mapping:
stack at sp + 0 slots: 0x000000017fba6150 is pointing into the stack for thread: 0x000000076df01000
stack at sp + 1 slots: 0x00000001080d41dc: _ZN36JavaThreadBlockedOnMonitorEnterStateD2Ev+0x60 in /opt/homebrew/Cellar/openjdk@11/11.0.24/libexec/openjdk.jdk/Contents/Home/lib/server/libjvm.dylib at 0x0000000107b80000
stack at sp + 2 slots: 0x000000017fba6200 is pointing into the stack for thread: 0x000000076df01000
stack at sp + 3 slots: 0x0000000108215188: _ZN18ObjectSynchronizer7inflateEP6ThreadP7oopDescNS_12InflateCauseE+0x15c in /opt/homebrew/Cellar/openjdk@11/11.0.24/libexec/openjdk.jdk/Contents/Home/lib/server/libjvm.dylib at 0x0000000107b80000
stack at sp + 4 slots: 0x000000017fba6220 is pointing into the stack for thread: 0x000000076df01000
stack at sp + 5 slots: 0x00000001080d1714: _ZN13ObjectMonitor5enterEP6Thread+0x280 in /opt/homebrew/Cellar/openjdk@11/11.0.24/libexec/openjdk.jdk/Contents/Home/lib/server/libjvm.dylib at 0x0000000107b80000
stack at sp + 6 slots: 0x0 is NULL
stack at sp + 7 slots: 0x000000033a672050 is an oop: com.android.tools.r8.graph.p0 
{0x000000033a672050} - klass: 'com/android/tools/r8/graph/p0'
 - ---- fields (total size 10 words):
 - private 'b' 'Lcom/android/tools/r8/graph/D;' @12  a 'com/android/tools/r8/graph/D'{0x000000030c291d08} (618523a1)
 - private final 'd' 'Z' @16  false
 - private 'e' 'Lcom/android/tools/r8/internal/zd;' @20  a 'com/android/tools/r8/internal/Ad'{0x000000030c847aa8} (61908f55)
 - private final 'f' 'Lcom/android/tools/r8/graph/R0;' @24  a 'com/android/tools/r8/graph/T0'{0x000000033c8b67c0} (67916cf8)
 - private 'k' 'I' @28  1
 - public final 'h' 'Z' @32  false
 - private 's' 'Z' @33  false
 - public final 'g' 'Lcom/android/tools/r8/graph/N2;' @36  a 'com/android/tools/r8/graph/N2'{0x000000033a671268} (674ce24d)
 - public 'i' 'Lcom/android/tools/r8/graph/s3;' @40  a 'com/android/tools/r8/graph/s3'{0x000000030c843030} (61908606)
 - private 'j' 'Lcom/android/tools/r8/graph/x;' @44  a 'com/android/tools/r8/graph/P'{0x000000033a671d28} (674ce3a5)
 - private 'l' 'Lcom/android/tools/r8/internal/HG;' @48  a 'com/android/tools/r8/internal/Xf'{0x000000030c8a1ac0} (61914358)
 - private 'm' 'Lcom/android/tools/r8/internal/G9;' @52  
[error occurred during error reporting (inspecting top of stack), id 0xb, SIGSEGV (0xb) at pc=0x00000001080d9e38]


---------------  P R O C E S S  ---------------

Threads class SMR info:
_java_thread_list=0x000000076da6f500, length=144, elements={
0x0000000102b8e800, 0x0000000778cc8000, 0x0000000778cc9000, 0x0000000778cca000,
0x0000000778ccb000, 0x0000000778d30000, 0x0000000778d31000, 0x0000000778d32000,
0x0000000778d33000, 0x00000007767e6000, 0x00000007767e5000, 0x0000000778e8b000,
0x0000000775b39000, 0x0000000775b3a000, 0x0000000775b3b000, 0x0000000775bf5000,
0x0000000775bf4000, 0x000000077495b000, 0x000000077495a000, 0x0000000772cc1000,
0x000000077259d000, 0x0000000772788000, 0x0000000772069000, 0x000000077205b000,
0x00000007721c8000, 0x00000007721c9000, 0x00000007721ca000, 0x00000007721cb000,
0x00000007721d0000, 0x00000007721d1000, 0x000000077236f000, 0x00000007714c1000,
0x0000000771e9e000, 0x00000007716c0000, 0x000000076f2fe000, 0x000000076f34a000,
0x00000007716c5000, 0x000000076f34f000, 0x000000076e1f4000, 0x0000000770cd0000,
0x000000076defa000, 0x0000000771605000, 0x0000000778e8a000, 0x00000007715b8000,
0x000000076f2ff000, 0x0000000770cc2000, 0x000000076f282000, 0x000000077236d000,
0x00000007716c2000, 0x0000000775b38000, 0x00000007720d0000, 0x000000076df02000,
0x0000000771e9f000, 0x000000076e2e0000, 0x000000076e285000, 0x00000007716c4000,
0x0000000771c8a000, 0x0000000775b1a000, 0x0000000771db1000, 0x00000007717ae000,
0x0000000771698000, 0x0000000771699000, 0x000000077169a000, 0x000000077169b000,
0x0000000771748000, 0x00000007717ab000, 0x000000077206a000, 0x0000000772b1f000,
0x0000000772b1c000, 0x000000077174a000, 0x000000077174b000, 0x000000076e286000,
0x00000007714c3000, 0x00000007715ba000, 0x000000076def9000, 0x0000000771b5b000,
0x00000007767e4000, 0x000000076e409000, 0x000000076e40b000, 0x000000076e408000,
0x000000077444b000, 0x0000000774449000, 0x000000077444a000, 0x0000000771cd8000,
0x000000076e1f5000, 0x000000076e1f6000, 0x000000076f294000, 0x000000076f296000,
0x00000007717a9000, 0x0000000770c5b000, 0x0000000770c59000, 0x0000000770c5a000,
0x0000000770c24000, 0x0000000770c25000, 0x0000000770c26000, 0x000000077278a000,
0x000000076f767000, 0x000000076f765000, 0x000000076f764000, 0x0000000770cc3000,
0x0000000771597000, 0x0000000771594000, 0x0000000771595000, 0x0000000771db0000,
0x0000000771db3000, 0x0000000771e9c000, 0x000000076e2e1000, 0x000000076e2e3000,
0x0000000775bf6000, 0x00000007716c3000, 0x000000076e205000, 0x000000077206b000,
0x0000000770f3a000, 0x000000076e415000, 0x000000076e417000, 0x000000077151d000,
0x000000077151e000, 0x000000077236c000, 0x0000000770fca000, 0x0000000774959000,
0x0000000778e89000, 0x0000000774438000, 0x0000000771e5a000, 0x0000000771e5b000,
0x00000007717ad000, 0x00000007717af000, 0x00000007717ac000, 0x000000076f34e000,
0x000000076f349000, 0x0000000770fed000, 0x000000076f1ac000, 0x0000000771606000,
0x0000000771607000, 0x000000076f2fd000, 0x000000076df00000, 0x000000076df01000,
0x0000000774420000, 0x0000000774422000, 0x00000007720d3000, 0x000000076f1e4000,
0x000000076f1e7000, 0x000000076f1e5000, 0x0000000775b1b000, 0x000000076f1f0000
}

Java Threads: ( => current thread )
  0x0000000102b8e800 JavaThread "main" [_thread_blocked, id=5891, stack(0x000000016d9fc000,0x000000016dbff000)]
  0x0000000778cc8000 JavaThread "Reference Handler" daemon [_thread_blocked, id=20995, stack(0x000000016e850000,0x000000016ea53000)]
  0x0000000778cc9000 JavaThread "Finalizer" daemon [_thread_blocked, id=20227, stack(0x000000016ea5c000,0x000000016ec5f000)]
  0x0000000778cca000 JavaThread "Signal Dispatcher" daemon [_thread_blocked, id=21763, stack(0x000000016ed80000,0x000000016ef83000)]
  0x0000000778ccb000 JavaThread "Service Thread" daemon [_thread_blocked, id=32259, stack(0x000000016ef8c000,0x000000016f18f000)]
  0x0000000778d30000 JavaThread "C2 CompilerThread0" daemon [_thread_in_native, id=22531, stack(0x000000016f198000,0x000000016f39b000)]
  0x0000000778d31000 JavaThread "C1 CompilerThread0" daemon [_thread_blocked, id=23043, stack(0x000000016f3a4000,0x000000016f5a7000)]
  0x0000000778d32000 JavaThread "Sweeper thread" daemon [_thread_blocked, id=30979, stack(0x000000016f5b0000,0x000000016f7b3000)]
  0x0000000778d33000 JavaThread "Common-Cleaner" daemon [_thread_blocked, id=23555, stack(0x000000016f7bc000,0x000000016f9bf000)]
  0x00000007767e6000 JavaThread "Daemon health stats" [_thread_blocked, id=27651, stack(0x0000000170a28000,0x0000000170c2b000)]
  0x00000007767e5000 JavaThread "Incoming local TCP Connector on port 55713" [_thread_in_native, id=27139, stack(0x0000000170c34000,0x0000000170e37000)]
  0x0000000778e8b000 JavaThread "Daemon periodic checks" [_thread_blocked, id=26883, stack(0x0000000170e40000,0x0000000171043000)]
  0x0000000775b39000 JavaThread "Cache worker for journal cache (/Users/sav/.gradle/caches/journal-1)" [_thread_blocked, id=39683, stack(0x00000001726d0000,0x00000001728d3000)]
  0x0000000775b3a000 JavaThread "File lock request listener" [_thread_in_native, id=38915, stack(0x00000001728dc000,0x0000000172adf000)]
  0x0000000775b3b000 JavaThread "Cache worker for file hash cache (/Users/sav/.gradle/caches/8.5/fileHashes)" [_thread_blocked, id=37123, stack(0x0000000172ae8000,0x0000000172ceb000)]
  0x0000000775bf5000 JavaThread "File watcher server" daemon [_thread_in_native, id=37891, stack(0x0000000172cf4000,0x0000000172ef7000)]
  0x0000000775bf4000 JavaThread "File watcher consumer" daemon [_thread_blocked, id=44035, stack(0x0000000172f00000,0x0000000173103000)]
  0x000000077495b000 JavaThread "Cache worker for file content cache (/Users/sav/.gradle/caches/8.5/fileContent)" [_thread_blocked, id=62979, stack(0x000000017393c000,0x0000000173b3f000)]
  0x000000077495a000 JavaThread "Cache worker for execution history cache (/Users/sav/.gradle/caches/8.5/executionHistory)" [_thread_blocked, id=62723, stack(0x0000000173b48000,0x0000000173d4b000)]
  0x0000000772cc1000 JavaThread "Cache worker for kotlin-dsl (/Users/sav/.gradle/caches/8.5/kotlin-dsl)" [_thread_blocked, id=47107, stack(0x0000000173d54000,0x0000000173f57000)]
  0x000000077259d000 JavaThread "jar transforms" [_thread_blocked, id=25607, stack(0x0000000173f60000,0x0000000174163000)]
  0x0000000772788000 JavaThread "jar transforms Thread 2" [_thread_blocked, id=61699, stack(0x000000017416c000,0x000000017436f000)]
  0x0000000772069000 JavaThread "jar transforms Thread 3" [_thread_blocked, id=59907, stack(0x0000000174790000,0x0000000174993000)]
  0x000000077205b000 JavaThread "jar transforms Thread 4" [_thread_blocked, id=47875, stack(0x000000017499c000,0x0000000174b9f000)]
  0x00000007721c8000 JavaThread "jar transforms Thread 5" [_thread_blocked, id=55811, stack(0x0000000175e14000,0x0000000176017000)]
  0x00000007721c9000 JavaThread "jar transforms Thread 6" [_thread_blocked, id=55299, stack(0x0000000176020000,0x0000000176223000)]
  0x00000007721ca000 JavaThread "jar transforms Thread 7" [_thread_blocked, id=54787, stack(0x000000017622c000,0x000000017642f000)]
  0x00000007721cb000 JavaThread "jar transforms Thread 8" [_thread_blocked, id=54275, stack(0x0000000176438000,0x000000017663b000)]
  0x00000007721d0000 JavaThread "jar transforms Thread 9" [_thread_blocked, id=53251, stack(0x0000000176644000,0x0000000176847000)]
  0x00000007721d1000 JavaThread "jar transforms Thread 10" [_thread_blocked, id=65539, stack(0x0000000176850000,0x0000000176a53000)]
  0x000000077236f000 JavaThread "Memory manager" [_thread_blocked, id=67075, stack(0x000000017728c000,0x000000017748f000)]
  0x00000007714c1000 JavaThread "pool-3-thread-1" [_thread_blocked, id=85251, stack(0x0000000177498000,0x000000017769b000)]
  0x0000000771e9e000 JavaThread "AppKit Thread" daemon [_thread_in_native, id=259, stack(0x000000016d174000,0x000000016d970000)]
  0x00000007716c0000 JavaThread "Java2D Disposer" daemon [_thread_blocked, id=120579, stack(0x000000017ca90000,0x000000017cc93000)]
  0x000000076f2fe000 JavaThread "process reaper (pid 24827)" daemon [_thread_in_native, id=184067, stack(0x00000003869f8000,0x0000000386a2f000)]
  0x000000076f34a000 JavaThread "RMI Scheduler(0)" daemon [_thread_blocked, id=161379, stack(0x00000003853c0000,0x00000003855c3000)]
  0x00000007716c5000 JavaThread "RMI GC Daemon" daemon [_thread_blocked, id=186627, stack(0x000000038b474000,0x000000038b677000)]
  0x000000076f34f000 JavaThread "RMI TCP Accept-0" daemon [_thread_in_native, id=187139, stack(0x000000038b680000,0x000000038b883000)]
  0x000000076e1f4000 JavaThread "RMI Reaper" [_thread_blocked, id=187651, stack(0x000000038b88c000,0x000000038ba8f000)]
  0x0000000770cd0000 JavaThread "Cache worker for Java compile cache (/Users/sav/.gradle/caches/8.5/javaCompile)" [_thread_blocked, id=186127, stack(0x000000038b268000,0x000000038b46b000)]
  0x000000076defa000 JavaThread "ForkJoinPool.commonPool-worker-19" daemon [_thread_blocked, id=245251, stack(0x000000038d11c000,0x000000038d31f000)]
  0x0000000771605000 JavaThread "pool-8-thread-1" [_thread_blocked, id=181007, stack(0x00000001776a4000,0x00000001778a7000)]
  0x0000000778e8a000 JavaThread "pool-13-thread-1" [_thread_blocked, id=41995, stack(0x0000000177abc000,0x0000000177cbf000)]
  0x00000007715b8000 JavaThread "pool-16-thread-1" [_thread_blocked, id=179811, stack(0x00000001778b0000,0x0000000177ab3000)]
  0x000000076f2ff000 JavaThread "pool-19-thread-1" [_thread_blocked, id=181571, stack(0x0000000177ed4000,0x00000001780d7000)]
  0x0000000770cc2000 JavaThread "pool-22-thread-1" [_thread_blocked, id=173171, stack(0x00000001784f8000,0x00000001786fb000)]
  0x000000076f282000 JavaThread "pool-25-thread-1" [_thread_blocked, id=141923, stack(0x0000000177cc8000,0x0000000177ecb000)]
  0x000000077236d000 JavaThread "ForkJoinPool.commonPool-worker-21" daemon [_thread_blocked, id=141123, stack(0x000000017dcfc000,0x000000017deff000)]
  0x00000007716c2000 JavaThread "ForkJoinPool.commonPool-worker-25" daemon [_thread_blocked, id=96019, stack(0x0000000380e28000,0x000000038102b000)]
  0x0000000775b38000 JavaThread "pool-30-thread-1" [_thread_blocked, id=97059, stack(0x00000001780e0000,0x00000001782e3000)]
  0x00000007720d0000 JavaThread "pool-33-thread-1" [_thread_blocked, id=251747, stack(0x00000001782ec000,0x00000001784ef000)]
  0x000000076df02000 JavaThread "pool-36-thread-1" [_thread_blocked, id=142675, stack(0x0000000178910000,0x0000000178b13000)]
  0x0000000771e9f000 JavaThread "pool-39-thread-1" [_thread_blocked, id=150371, stack(0x0000000178d28000,0x0000000178f2b000)]
  0x000000076e2e0000 JavaThread "pool-42-thread-1" [_thread_blocked, id=33831, stack(0x0000000179140000,0x0000000179343000)]
  0x000000076e285000 JavaThread "Daemon Thread 4" [_thread_blocked, id=95811, stack(0x000000017104c000,0x000000017124f000)]
  0x00000007716c4000 JavaThread "Daemon worker Thread 4" [_thread_blocked, id=249527, stack(0x0000000171670000,0x0000000171873000)]
  0x0000000771c8a000 JavaThread "pool-45-thread-1" [_thread_blocked, id=195971, stack(0x0000000178704000,0x0000000178907000)]
  0x0000000775b1a000 JavaThread "included builds" [_thread_blocked, id=259691, stack(0x0000000178f34000,0x0000000179137000)]
  0x0000000771db1000 JavaThread "RMI TCP Connection(7)-127.0.0.1" daemon [_thread_in_native, id=116239, stack(0x000000038788c000,0x0000000387a8f000)]
  0x00000007717ae000 JavaThread "ForkJoinPool.commonPool-worker-5" daemon [_thread_blocked, id=119843, stack(0x00000003857d8000,0x00000003859db000)]
  0x0000000771698000 JavaThread "ForkJoinPool.commonPool-worker-23" daemon [_thread_blocked, id=102923, stack(0x000000038a594000,0x000000038a797000)]
  0x0000000771699000 JavaThread "ForkJoinPool.commonPool-worker-9" daemon [_thread_blocked, id=163091, stack(0x000000038a7a0000,0x000000038a9a3000)]
  0x000000077169a000 JavaThread "ForkJoinPool.commonPool-worker-27" daemon [_thread_blocked, id=124943, stack(0x000000038a9ac000,0x000000038abaf000)]
  0x000000077169b000 JavaThread "ForkJoinPool.commonPool-worker-31" daemon [_thread_blocked, id=122899, stack(0x000000038abb8000,0x000000038adbb000)]
  0x0000000771748000 JavaThread "ForkJoinPool.commonPool-worker-13" daemon [_thread_blocked, id=123655, stack(0x000000038adc4000,0x000000038afc7000)]
  0x00000007717ab000 JavaThread "pool-49-thread-1" [_thread_blocked, id=112411, stack(0x0000000178b1c000,0x0000000178d1f000)]
  0x000000077206a000 JavaThread "included builds" [_thread_blocked, id=58643, stack(0x0000000179558000,0x000000017975b000)]
  0x0000000772b1f000 JavaThread "Handler for socket connection from /127.0.0.1:55713 to /127.0.0.1:56827" [_thread_in_native, id=84763, stack(0x0000000171258000,0x000000017145b000)]
  0x0000000772b1c000 JavaThread "Cancel handler" [_thread_blocked, id=99907, stack(0x0000000171464000,0x0000000171667000)]
  0x000000077174a000 JavaThread "Asynchronous log dispatcher for DefaultDaemonConnection: socket connection from /127.0.0.1:55713 to /127.0.0.1:56827" [_thread_blocked, id=96635, stack(0x000000017187c000,0x0000000171a7f000)]
  0x000000077174b000 JavaThread "Stdin handler" [_thread_blocked, id=108595, stack(0x0000000171a88000,0x0000000171c8b000)]
  0x000000076e286000 JavaThread "Daemon client event forwarder" [_thread_blocked, id=77651, stack(0x0000000171c94000,0x0000000171e97000)]
  0x00000007714c3000 JavaThread "Cache worker for checksums cache (/Users/sav/Documents/GitHub/Sav22999/sav-pdf-viewer-pro/.gradle/8.5/checksums)" [_thread_blocked, id=153759, stack(0x000000017310c000,0x000000017330f000)]
  0x00000007715ba000 JavaThread "Cache worker for file hash cache (/Users/sav/Documents/GitHub/Sav22999/sav-pdf-viewer-pro/.gradle/8.5/fileHashes)" [_thread_blocked, id=77971, stack(0x0000000173318000,0x000000017351b000)]
  0x000000076def9000 JavaThread "Cache worker for cache directory md-supplier (/Users/sav/.gradle/caches/8.5/md-supplier)" [_thread_blocked, id=119603, stack(0x0000000173524000,0x0000000173727000)]
  0x0000000771b5b000 JavaThread "Cache worker for cache directory md-rule (/Users/sav/.gradle/caches/8.5/md-rule)" [_thread_blocked, id=104771, stack(0x0000000173730000,0x0000000173933000)]
  0x00000007767e4000 JavaThread "Cache worker for dependencies-accessors (/Users/sav/Documents/GitHub/Sav22999/sav-pdf-viewer-pro/.gradle/8.5/dependencies-accessors)" [_thread_blocked, id=254595, stack(0x0000000174378000,0x000000017457b000)]
  0x000000076e409000 JavaThread "Cache worker for Build Output Cleanup Cache (/Users/sav/Documents/GitHub/Sav22999/sav-pdf-viewer-pro/.gradle/buildOutputCleanup)" [_thread_blocked, id=163891, stack(0x0000000174584000,0x0000000174787000)]
  0x000000076e40b000 JavaThread "Unconstrained build operations" [_thread_blocked, id=142915, stack(0x0000000174ba8000,0x0000000174dab000)]
  0x000000076e408000 JavaThread "Unconstrained build operations Thread 2" [_thread_blocked, id=165011, stack(0x0000000174db4000,0x0000000174fb7000)]
  0x000000077444b000 JavaThread "Unconstrained build operations Thread 3" [_thread_blocked, id=88615, stack(0x0000000174fc0000,0x00000001751c3000)]
  0x0000000774449000 JavaThread "Unconstrained build operations Thread 4" [_thread_blocked, id=104499, stack(0x00000001751cc000,0x00000001753cf000)]
  0x000000077444a000 JavaThread "Unconstrained build operations Thread 5" [_thread_blocked, id=132903, stack(0x00000001753d8000,0x00000001755db000)]
  0x0000000771cd8000 JavaThread "Unconstrained build operations Thread 6" [_thread_blocked, id=117331, stack(0x00000001755e4000,0x00000001757e7000)]
  0x000000076e1f5000 JavaThread "Unconstrained build operations Thread 7" [_thread_blocked, id=242835, stack(0x00000001757f0000,0x00000001759f3000)]
  0x000000076e1f6000 JavaThread "Unconstrained build operations Thread 8" [_thread_blocked, id=72487, stack(0x00000001759fc000,0x0000000175bff000)]
  0x000000076f294000 JavaThread "Unconstrained build operations Thread 9" [_thread_blocked, id=148251, stack(0x0000000175c08000,0x0000000175e0b000)]
  0x000000076f296000 JavaThread "pool-52-thread-1" [_thread_blocked, id=56847, stack(0x000000017934c000,0x000000017954f000)]
  0x00000007717a9000 JavaThread "build event listener" [_thread_blocked, id=112091, stack(0x0000000179764000,0x0000000179967000)]
  0x0000000770c5b000 JavaThread "included builds" [_thread_blocked, id=99611, stack(0x0000000179970000,0x0000000179b73000)]
  0x0000000770c59000 JavaThread "Execution worker" [_thread_blocked, id=159759, stack(0x0000000179b7c000,0x0000000179d7f000)]
  0x0000000770c5a000 JavaThread "Execution worker Thread 2" [_thread_blocked, id=58151, stack(0x0000000179d88000,0x0000000179f8b000)]
  0x0000000770c24000 JavaThread "Execution worker Thread 3" [_thread_blocked, id=182915, stack(0x0000000179f94000,0x000000017a197000)]
  0x0000000770c25000 JavaThread "Execution worker Thread 4" [_thread_blocked, id=173875, stack(0x000000017a1a0000,0x000000017a3a3000)]
  0x0000000770c26000 JavaThread "Execution worker Thread 5" [_thread_blocked, id=49203, stack(0x000000017a3ac000,0x000000017a5af000)]
  0x000000077278a000 JavaThread "Execution worker Thread 6" [_thread_blocked, id=36163, stack(0x000000017a5b8000,0x000000017a7bb000)]
  0x000000076f767000 JavaThread "Execution worker Thread 7" [_thread_blocked, id=98867, stack(0x000000017a7c4000,0x000000017a9c7000)]
  0x000000076f765000 JavaThread "Execution worker Thread 8" [_thread_blocked, id=253515, stack(0x000000017a9d0000,0x000000017abd3000)]
  0x000000076f764000 JavaThread "Execution worker Thread 9" [_thread_blocked, id=130075, stack(0x000000017abdc000,0x000000017addf000)]
  0x0000000770cc3000 JavaThread "Cache worker for execution history cache (/Users/sav/Documents/GitHub/Sav22999/sav-pdf-viewer-pro/.gradle/8.5/executionHistory)" [_thread_blocked, id=191015, stack(0x000000017ade8000,0x000000017afeb000)]
  0x0000000771597000 JavaThread "Unconstrained build operations Thread 10" [_thread_blocked, id=158855, stack(0x000000017aff4000,0x000000017b1f7000)]
  0x0000000771594000 JavaThread "Unconstrained build operations Thread 11" [_thread_blocked, id=42643, stack(0x000000017b200000,0x000000017b403000)]
  0x0000000771595000 JavaThread "Unconstrained build operations Thread 12" [_thread_blocked, id=113971, stack(0x000000017b40c000,0x000000017b60f000)]
  0x0000000771db0000 JavaThread "Unconstrained build operations Thread 13" [_thread_blocked, id=252199, stack(0x000000017b618000,0x000000017b81b000)]
  0x0000000771db3000 JavaThread "Unconstrained build operations Thread 14" [_thread_blocked, id=137231, stack(0x000000017b824000,0x000000017ba27000)]
  0x0000000771e9c000 JavaThread "Unconstrained build operations Thread 15" [_thread_blocked, id=109863, stack(0x000000017ba30000,0x000000017bc33000)]
  0x000000076e2e1000 JavaThread "Unconstrained build operations Thread 16" [_thread_blocked, id=71699, stack(0x000000017bc3c000,0x000000017be3f000)]
  0x000000076e2e3000 JavaThread "Unconstrained build operations Thread 17" [_thread_blocked, id=177555, stack(0x000000017be48000,0x000000017c04b000)]
  0x0000000775bf6000 JavaThread "Unconstrained build operations Thread 18" [_thread_blocked, id=139075, stack(0x000000017c054000,0x000000017c257000)]
  0x00000007716c3000 JavaThread "WorkerExecutor Queue" [_thread_blocked, id=161667, stack(0x000000017c260000,0x000000017c463000)]
  0x000000076e205000 JavaThread "WorkerExecutor Queue Thread 2" [_thread_blocked, id=174379, stack(0x000000017c46c000,0x000000017c66f000)]
  0x000000077206b000 JavaThread "WorkerExecutor Queue Thread 3" [_thread_blocked, id=33395, stack(0x000000017c678000,0x000000017c87b000)]
  0x0000000770f3a000 JavaThread "WorkerExecutor Queue Thread 4" [_thread_blocked, id=178547, stack(0x000000017c884000,0x000000017ca87000)]
  0x000000076e415000 JavaThread "WorkerExecutor Queue Thread 5" [_thread_blocked, id=137779, stack(0x000000017cc9c000,0x000000017ce9f000)]
  0x000000076e417000 JavaThread "WorkerExecutor Queue Thread 6" [_thread_blocked, id=35695, stack(0x000000017cea8000,0x000000017d0ab000)]
  0x000000077151d000 JavaThread "WorkerExecutor Queue Thread 7" [_thread_blocked, id=127527, stack(0x000000017d0b4000,0x000000017d2b7000)]
  0x000000077151e000 JavaThread "WorkerExecutor Queue Thread 8" [_thread_blocked, id=58907, stack(0x000000017d2c0000,0x000000017d4c3000)]
  0x000000077236c000 JavaThread "WorkerExecutor Queue Thread 9" [_thread_blocked, id=193647, stack(0x000000017d4cc000,0x000000017d6cf000)]
  0x0000000770fca000 JavaThread "WorkerExecutor Queue Thread 10" [_thread_blocked, id=75559, stack(0x000000017d6d8000,0x000000017d8db000)]
  0x0000000774959000 JavaThread "WorkerExecutor Queue Thread 11" [_thread_blocked, id=85827, stack(0x000000017d8e4000,0x000000017dae7000)]
  0x0000000778e89000 JavaThread "Unconstrained build operations Thread 19" [_thread_blocked, id=49679, stack(0x000000017daf0000,0x000000017dcf3000)]
  0x0000000774438000 JavaThread "Unconstrained build operations Thread 20" [_thread_blocked, id=173595, stack(0x000000017df08000,0x000000017e10b000)]
  0x0000000771e5a000 JavaThread "Unconstrained build operations Thread 21" [_thread_blocked, id=88403, stack(0x000000017e114000,0x000000017e317000)]
  0x0000000771e5b000 JavaThread "Unconstrained build operations Thread 22" [_thread_blocked, id=81883, stack(0x000000017e320000,0x000000017e523000)]
  0x00000007717ad000 JavaThread "Unconstrained build operations Thread 23" [_thread_blocked, id=144115, stack(0x000000017e52c000,0x000000017e72f000)]
  0x00000007717af000 JavaThread "Unconstrained build operations Thread 24" [_thread_blocked, id=179019, stack(0x000000017e738000,0x000000017e93b000)]
  0x00000007717ac000 JavaThread "Unconstrained build operations Thread 25" [_thread_blocked, id=110091, stack(0x000000017e944000,0x000000017eb47000)]
  0x000000076f34e000 JavaThread "Unconstrained build operations Thread 26" [_thread_blocked, id=149259, stack(0x000000017eb50000,0x000000017ed53000)]
  0x000000076f349000 JavaThread "Unconstrained build operations Thread 27" [_thread_blocked, id=76611, stack(0x000000017ed5c000,0x000000017ef5f000)]
  0x0000000770fed000 JavaThread "Unconstrained build operations Thread 28" [_thread_blocked, id=165651, stack(0x000000017ef68000,0x000000017f16b000)]
  0x000000076f1ac000 JavaThread "pool-53-thread-1" [_thread_blocked, id=56083, stack(0x000000017f174000,0x000000017f377000)]
  0x0000000771606000 JavaThread "process reaper (pid 25745)" daemon [_thread_in_native, id=106507, stack(0x000000016ec68000,0x000000016ec9f000)]
  0x0000000771607000 JavaThread "stderr" [_thread_in_native, id=57867, stack(0x000000017f380000,0x000000017f583000)]
  0x000000076f2fd000 JavaThread "stdout" [_thread_in_native, id=48915, stack(0x000000017f58c000,0x000000017f78f000)]
  0x000000076df00000 JavaThread "ForkJoinPool-2-worker-19" daemon [_thread_blocked, id=258179, stack(0x000000017f798000,0x000000017f99b000)]
=>0x000000076df01000 JavaThread "ForkJoinPool-2-worker-5" daemon [_thread_in_vm, id=246059, stack(0x000000017f9a4000,0x000000017fba7000)]
  0x0000000774420000 JavaThread "ForkJoinPool-2-worker-23" daemon [_thread_blocked, id=180555, stack(0x000000017fbb0000,0x000000017fdb3000)]
  0x0000000774422000 JavaThread "ForkJoinPool-2-worker-9" daemon [_thread_blocked, id=247907, stack(0x000000017fdbc000,0x000000017ffbf000)]
  0x00000007720d3000 JavaThread "ForkJoinPool-2-worker-27" daemon [_thread_blocked, id=104211, stack(0x0000000380804000,0x0000000380a07000)]
  0x000000076f1e4000 JavaThread "ForkJoinPool-2-worker-13" daemon [_thread_blocked, id=84643, stack(0x0000000380a10000,0x0000000380c13000)]
  0x000000076f1e7000 JavaThread "ForkJoinPool-2-worker-31" daemon [_thread_blocked, id=167251, stack(0x0000000380c1c000,0x0000000380e1f000)]
  0x000000076f1e5000 JavaThread "ForkJoinPool-2-worker-17" daemon [_thread_blocked, id=259107, stack(0x0000000381034000,0x0000000381237000)]
  0x0000000775b1b000 JavaThread "ForkJoinPool-2-worker-3" daemon [_thread_blocked, id=183107, stack(0x0000000381240000,0x0000000381443000)]
  0x000000076f1f0000 JavaThread "ForkJoinPool-2-worker-21" daemon [_thread_blocked, id=113171, stack(0x000000038144c000,0x000000038164f000)]

Other Threads:
  0x0000000779420000 VMThread "VM Thread" [stack: 0x000000016e644000,0x000000016e847000] [id=16643]
  0x0000000779421800 WatcherThread [stack: 0x000000016fbd4000,0x000000016fdd7000] [id=24579]
  0x000000077905c000 GCTaskThread "GC Thread#0" [stack: 0x000000016dc08000,0x000000016de0b000] [id=11267]
  0x0000000779423000 GCTaskThread "GC Thread#1" [stack: 0x000000016fde0000,0x000000016ffe3000] [id=25091]
  0x0000000779840000 GCTaskThread "GC Thread#2" [stack: 0x000000016ffec000,0x00000001701ef000] [id=29955]
  0x0000000779841000 GCTaskThread "GC Thread#3" [stack: 0x00000001701f8000,0x00000001703fb000] [id=29443]
  0x0000000779841800 GCTaskThread "GC Thread#4" [stack: 0x0000000170404000,0x0000000170607000] [id=28931]
  0x0000000779842800 GCTaskThread "GC Thread#5" [stack: 0x0000000170610000,0x0000000170813000] [id=28419]
  0x000000077957b000 GCTaskThread "GC Thread#6" [stack: 0x0000000171ea0000,0x00000001720a3000] [id=41219]
  0x0000000779584000 GCTaskThread "GC Thread#7" [stack: 0x00000001720ac000,0x00000001722af000] [id=40963]
  0x0000000779585000 GCTaskThread "GC Thread#8" [stack: 0x00000001722b8000,0x00000001724bb000] [id=36611]
  0x000000077905d000 ConcurrentGCThread "G1 Main Marker" [stack: 0x000000016de14000,0x000000016e017000] [id=14851]
  0x000000077905d800 ConcurrentGCThread "G1 Conc#0" [stack: 0x000000016e020000,0x000000016e223000] [id=14083]
  0x0000000779585800 ConcurrentGCThread "G1 Conc#1" [stack: 0x00000001724c4000,0x00000001726c7000] [id=40451]
  0x000000077905e800 ConcurrentGCThread "G1 Refine#0" [stack: 0x000000016e22c000,0x000000016e42f000] [id=13571]
  0x000000077a49c000 ConcurrentGCThread "G1 Refine#1" [stack: 0x000000016f9c8000,0x000000016fbcb000] [id=24327]
  0x000000077a49d000 ConcurrentGCThread "G1 Refine#2" [stack: 0x000000017081c000,0x0000000170a1f000] [id=24079]
  0x000000077ad2b000 ConcurrentGCThread "G1 Refine#3" [stack: 0x0000000176a5c000,0x0000000176c5f000] [id=87043]
  0x000000077a8b8000 ConcurrentGCThread "G1 Refine#4" [stack: 0x0000000176c68000,0x0000000176e6b000] [id=66051]
  0x000000077a8b9000 ConcurrentGCThread "G1 Refine#5" [stack: 0x0000000176e74000,0x0000000177077000] [id=86531]
  0x000000077a8b9800 ConcurrentGCThread "G1 Refine#6" [stack: 0x0000000177080000,0x0000000177283000] [id=66819]
  0x000000077905f000 ConcurrentGCThread "G1 Young RemSet Sampling" [stack: 0x000000016e438000,0x000000016e63b000] [id=12291]

Threads with active compile tasks:
C2 CompilerThread0  1244237 54017       4       com.android.tools.r8.dex.i::h (963 bytes)

VM state:synchronizing (normal execution)

VM Mutex/Monitor currently owned by a thread:  ([mutex/lock_event])
[0x0000000778c21780] Threads_lock - owner thread: 0x0000000779420000

Heap address: 0x0000000300800000, size: 2048 MB, Compressed Oops mode: Zero based, Oop shift amount: 3
Narrow klass base: 0x0000000000000000, Narrow klass shift: 3
Compressed class space size: 1073741824 Address: 0x0000000400000000

Heap:
 garbage-first heap   total 1102848K, used 666109K [0x0000000300800000, 0x0000000380800000)
  region size 1024K, 272 young (278528K), 17 survivors (17408K)
 Metaspace       used 227877K, capacity 234532K, committed 236880K, reserved 1255424K
  class space    used 27856K, capacity 30477K, committed 31456K, reserved 1048576K
Heap Regions: E=young(eden), S=young(survivor), O=old, HS=humongous(starts), HC=humongous(continues), CS=collection set, F=free, A=archive, TAMS=top-at-mark-start (previous, next)
|   0|0x0000000300800000, 0x0000000300900000, 0x0000000300900000|100%|HS|  |TAMS 0x0000000300900000, 0x0000000300800000| Complete 
|   1|0x0000000300900000, 0x0000000300a00000, 0x0000000300a00000|100%|HC|  |TAMS 0x0000000300a00000, 0x0000000300900000| Complete 
|   2|0x0000000300a00000, 0x0000000300b00000, 0x0000000300b00000|100%|HC|  |TAMS 0x0000000300b00000, 0x0000000300a00000| Complete 
|   3|0x0000000300b00000, 0x0000000300c00000, 0x0000000300c00000|100%|HC|  |TAMS 0x0000000300c00000, 0x0000000300b00000| Complete 
|   4|0x0000000300c00000, 0x0000000300d00000, 0x0000000300d00000|100%| O|  |TAMS 0x0000000300d00000, 0x0000000300c00000| Untracked 
|   5|0x0000000300d00000, 0x0000000300e00000, 0x0000000300e00000|100%| O|  |TAMS 0x0000000300e00000, 0x0000000300d00000| Untracked 
|   6|0x0000000300e00000, 0x0000000300f00000, 0x0000000300f00000|100%| O|  |TAMS 0x0000000300f00000, 0x0000000300e00000| Untracked 
|   7|0x0000000300f00000, 0x0000000301000000, 0x0000000301000000|100%| O|  |TAMS 0x0000000301000000, 0x0000000300f00000| Untracked 
|   8|0x0000000301000000, 0x0000000301100000, 0x0000000301100000|100%| O|  |TAMS 0x0000000301100000, 0x0000000301000000| Untracked 
|   9|0x0000000301100000, 0x0000000301200000, 0x0000000301200000|100%| O|  |TAMS 0x0000000301200000, 0x0000000301100000| Untracked 
|  10|0x0000000301200000, 0x0000000301300000, 0x0000000301300000|100%| O|  |TAMS 0x0000000301300000, 0x0000000301200000| Untracked 
|  11|0x0000000301300000, 0x0000000301400000, 0x0000000301400000|100%| O|  |TAMS 0x0000000301400000, 0x0000000301300000| Untracked 
|  12|0x0000000301400000, 0x0000000301500000, 0x0000000301500000|100%| O|  |TAMS 0x0000000301500000, 0x0000000301400000| Untracked 
|  13|0x0000000301500000, 0x0000000301600000, 0x0000000301600000|100%| O|  |TAMS 0x0000000301600000, 0x0000000301500000| Untracked 
|  14|0x0000000301600000, 0x0000000301700000, 0x0000000301700000|100%| O|  |TAMS 0x0000000301700000, 0x0000000301600000| Untracked 
|  15|0x0000000301700000, 0x0000000301800000, 0x0000000301800000|100%| O|  |TAMS 0x0000000301800000, 0x0000000301700000| Untracked 
|  16|0x0000000301800000, 0x0000000301900000, 0x0000000301900000|100%| O|  |TAMS 0x0000000301900000, 0x0000000301800000| Untracked 
|  17|0x0000000301900000, 0x0000000301a00000, 0x0000000301a00000|100%| O|  |TAMS 0x0000000301a00000, 0x0000000301900000| Untracked 
|  18|0x0000000301a00000, 0x0000000301b00000, 0x0000000301b00000|100%| O|  |TAMS 0x0000000301b00000, 0x0000000301a00000| Untracked 
|  19|0x0000000301b00000, 0x0000000301c00000, 0x0000000301c00000|100%| O|  |TAMS 0x0000000301c00000, 0x0000000301b00000| Untracked 
|  20|0x0000000301c00000, 0x0000000301d00000, 0x0000000301d00000|100%| O|  |TAMS 0x0000000301d00000, 0x0000000301c00000| Untracked 
|  21|0x0000000301d00000, 0x0000000301e00000, 0x0000000301e00000|100%| O|  |TAMS 0x0000000301e00000, 0x0000000301d00000| Untracked 
|  22|0x0000000301e00000, 0x0000000301f00000, 0x0000000301f00000|100%| O|  |TAMS 0x0000000301f00000, 0x0000000301e00000| Untracked 
|  23|0x0000000301f00000, 0x0000000302000000, 0x0000000302000000|100%| O|  |TAMS 0x0000000302000000, 0x0000000301f00000| Untracked 
|  24|0x0000000302000000, 0x0000000302100000, 0x0000000302100000|100%| O|  |TAMS 0x0000000302100000, 0x0000000302000000| Untracked 
|  25|0x0000000302100000, 0x0000000302200000, 0x0000000302200000|100%| O|  |TAMS 0x0000000302200000, 0x0000000302100000| Untracked 
|  26|0x0000000302200000, 0x0000000302300000, 0x0000000302300000|100%| O|  |TAMS 0x0000000302300000, 0x0000000302200000| Untracked 
|  27|0x0000000302300000, 0x0000000302400000, 0x0000000302400000|100%| O|  |TAMS 0x0000000302400000, 0x0000000302300000| Untracked 
|  28|0x0000000302400000, 0x0000000302500000, 0x0000000302500000|100%| O|  |TAMS 0x0000000302500000, 0x0000000302400000| Untracked 
|  29|0x0000000302500000, 0x0000000302600000, 0x0000000302600000|100%| O|  |TAMS 0x0000000302600000, 0x0000000302500000| Untracked 
|  30|0x0000000302600000, 0x0000000302700000, 0x0000000302700000|100%| O|  |TAMS 0x0000000302700000, 0x0000000302600000| Untracked 
|  31|0x0000000302700000, 0x0000000302800000, 0x0000000302800000|100%| O|  |TAMS 0x0000000302800000, 0x0000000302700000| Untracked 
|  32|0x0000000302800000, 0x0000000302900000, 0x0000000302900000|100%| O|  |TAMS 0x0000000302900000, 0x0000000302800000| Untracked 
|  33|0x0000000302900000, 0x0000000302a00000, 0x0000000302a00000|100%| O|  |TAMS 0x0000000302a00000, 0x0000000302900000| Untracked 
|  34|0x0000000302a00000, 0x0000000302b00000, 0x0000000302b00000|100%| O|  |TAMS 0x0000000302b00000, 0x0000000302a00000| Untracked 
|  35|0x0000000302b00000, 0x0000000302c00000, 0x0000000302c00000|100%| O|  |TAMS 0x0000000302c00000, 0x0000000302b00000| Untracked 
|  36|0x0000000302c00000, 0x0000000302d00000, 0x0000000302d00000|100%| O|  |TAMS 0x0000000302d00000, 0x0000000302c00000| Untracked 
|  37|0x0000000302d00000, 0x0000000302e00000, 0x0000000302e00000|100%| O|  |TAMS 0x0000000302e00000, 0x0000000302d00000| Untracked 
|  38|0x0000000302e00000, 0x0000000302f00000, 0x0000000302f00000|100%| O|  |TAMS 0x0000000302f00000, 0x0000000302e00000| Untracked 
|  39|0x0000000302f00000, 0x0000000303000000, 0x0000000303000000|100%| O|  |TAMS 0x0000000303000000, 0x0000000302f00000| Untracked 
|  40|0x0000000303000000, 0x0000000303100000, 0x0000000303100000|100%| O|  |TAMS 0x0000000303100000, 0x0000000303000000| Untracked 
|  41|0x0000000303100000, 0x0000000303200000, 0x0000000303200000|100%| O|  |TAMS 0x0000000303200000, 0x0000000303100000| Untracked 
|  42|0x0000000303200000, 0x0000000303300000, 0x0000000303300000|100%| O|  |TAMS 0x0000000303300000, 0x0000000303200000| Untracked 
|  43|0x0000000303300000, 0x0000000303400000, 0x0000000303400000|100%| O|  |TAMS 0x0000000303400000, 0x0000000303300000| Untracked 
|  44|0x0000000303400000, 0x0000000303500000, 0x0000000303500000|100%| O|  |TAMS 0x0000000303500000, 0x0000000303400000| Untracked 
|  45|0x0000000303500000, 0x0000000303600000, 0x0000000303600000|100%| O|  |TAMS 0x0000000303600000, 0x0000000303500000| Untracked 
|  46|0x0000000303600000, 0x0000000303700000, 0x0000000303700000|100%| O|  |TAMS 0x0000000303700000, 0x0000000303600000| Untracked 
|  47|0x0000000303700000, 0x0000000303800000, 0x0000000303800000|100%| O|  |TAMS 0x0000000303800000, 0x0000000303700000| Untracked 
|  48|0x0000000303800000, 0x0000000303900000, 0x0000000303900000|100%| O|  |TAMS 0x0000000303900000, 0x0000000303800000| Untracked 
|  49|0x0000000303900000, 0x0000000303a00000, 0x0000000303a00000|100%| O|  |TAMS 0x0000000303a00000, 0x0000000303900000| Untracked 
|  50|0x0000000303a00000, 0x0000000303b00000, 0x0000000303b00000|100%| O|  |TAMS 0x0000000303b00000, 0x0000000303a00000| Untracked 
|  51|0x0000000303b00000, 0x0000000303c00000, 0x0000000303c00000|100%| O|  |TAMS 0x0000000303c00000, 0x0000000303b00000| Untracked 
|  52|0x0000000303c00000, 0x0000000303d00000, 0x0000000303d00000|100%| O|  |TAMS 0x0000000303d00000, 0x0000000303c00000| Untracked 
|  53|0x0000000303d00000, 0x0000000303e00000, 0x0000000303e00000|100%| O|  |TAMS 0x0000000303e00000, 0x0000000303d00000| Untracked 
|  54|0x0000000303e00000, 0x0000000303f00000, 0x0000000303f00000|100%| O|  |TAMS 0x0000000303f00000, 0x0000000303e00000| Untracked 
|  55|0x0000000303f00000, 0x0000000304000000, 0x0000000304000000|100%| O|  |TAMS 0x0000000304000000, 0x0000000303f00000| Untracked 
|  56|0x0000000304000000, 0x0000000304100000, 0x0000000304100000|100%| O|  |TAMS 0x0000000304100000, 0x0000000304000000| Untracked 
|  57|0x0000000304100000, 0x0000000304200000, 0x0000000304200000|100%| O|  |TAMS 0x0000000304200000, 0x0000000304100000| Untracked 
|  58|0x0000000304200000, 0x0000000304300000, 0x0000000304300000|100%| O|  |TAMS 0x0000000304300000, 0x0000000304200000| Untracked 
|  59|0x0000000304300000, 0x0000000304400000, 0x0000000304400000|100%| O|  |TAMS 0x0000000304400000, 0x0000000304300000| Untracked 
|  60|0x0000000304400000, 0x0000000304500000, 0x0000000304500000|100%| O|  |TAMS 0x0000000304500000, 0x0000000304400000| Untracked 
|  61|0x0000000304500000, 0x0000000304600000, 0x0000000304600000|100%| O|  |TAMS 0x0000000304600000, 0x0000000304500000| Untracked 
|  62|0x0000000304600000, 0x0000000304700000, 0x0000000304700000|100%| O|  |TAMS 0x0000000304700000, 0x0000000304600000| Untracked 
|  63|0x0000000304700000, 0x0000000304800000, 0x0000000304800000|100%| O|  |TAMS 0x0000000304800000, 0x0000000304700000| Untracked 
|  64|0x0000000304800000, 0x0000000304900000, 0x0000000304900000|100%| O|  |TAMS 0x0000000304900000, 0x0000000304800000| Untracked 
|  65|0x0000000304900000, 0x0000000304a00000, 0x0000000304a00000|100%|HS|  |TAMS 0x0000000304a00000, 0x0000000304900000| Complete 
|  66|0x0000000304a00000, 0x0000000304b00000, 0x0000000304b00000|100%| O|  |TAMS 0x0000000304b00000, 0x0000000304a00000| Untracked 
|  67|0x0000000304b00000, 0x0000000304c00000, 0x0000000304c00000|100%| O|  |TAMS 0x0000000304c00000, 0x0000000304b00000| Untracked 
|  68|0x0000000304c00000, 0x0000000304d00000, 0x0000000304d00000|100%| O|  |TAMS 0x0000000304d00000, 0x0000000304c00000| Untracked 
|  69|0x0000000304d00000, 0x0000000304e00000, 0x0000000304e00000|100%| O|  |TAMS 0x0000000304e00000, 0x0000000304d00000| Untracked 
|  70|0x0000000304e00000, 0x0000000304f00000, 0x0000000304f00000|100%|HS|  |TAMS 0x0000000304f00000, 0x0000000304e00000| Complete 
|  71|0x0000000304f00000, 0x0000000305000000, 0x0000000305000000|100%|HC|  |TAMS 0x0000000305000000, 0x0000000304f00000| Complete 
|  72|0x0000000305000000, 0x0000000305100000, 0x0000000305100000|100%| O|  |TAMS 0x0000000305100000, 0x0000000305000000| Untracked 
|  73|0x0000000305100000, 0x0000000305200000, 0x0000000305200000|100%| O|  |TAMS 0x0000000305200000, 0x0000000305100000| Untracked 
|  74|0x0000000305200000, 0x0000000305300000, 0x0000000305300000|100%| O|  |TAMS 0x0000000305300000, 0x0000000305200000| Untracked 
|  75|0x0000000305300000, 0x0000000305400000, 0x0000000305400000|100%|HS|  |TAMS 0x0000000305400000, 0x0000000305300000| Complete 
|  76|0x0000000305400000, 0x0000000305500000, 0x0000000305500000|100%|HS|  |TAMS 0x0000000305500000, 0x0000000305400000| Complete 
|  77|0x0000000305500000, 0x0000000305600000, 0x0000000305600000|100%|HC|  |TAMS 0x0000000305600000, 0x0000000305500000| Complete 
|  78|0x0000000305600000, 0x0000000305700000, 0x0000000305700000|100%|HS|  |TAMS 0x0000000305700000, 0x0000000305600000| Complete 
|  79|0x0000000305700000, 0x0000000305800000, 0x0000000305800000|100%|HS|  |TAMS 0x0000000305800000, 0x0000000305700000| Complete 
|  80|0x0000000305800000, 0x0000000305900000, 0x0000000305900000|100%|HC|  |TAMS 0x0000000305900000, 0x0000000305800000| Complete 
|  81|0x0000000305900000, 0x0000000305a00000, 0x0000000305a00000|100%|HC|  |TAMS 0x0000000305a00000, 0x0000000305900000| Complete 
|  82|0x0000000305a00000, 0x0000000305b00000, 0x0000000305b00000|100%|HC|  |TAMS 0x0000000305b00000, 0x0000000305a00000| Complete 
|  83|0x0000000305b00000, 0x0000000305c00000, 0x0000000305c00000|100%| O|  |TAMS 0x0000000305b00000, 0x0000000305b00000| Untracked 
|  84|0x0000000305c00000, 0x0000000305d00000, 0x0000000305d00000|100%| O|  |TAMS 0x0000000305d00000, 0x0000000305c00000| Untracked 
|  85|0x0000000305d00000, 0x0000000305e00000, 0x0000000305e00000|100%| O|  |TAMS 0x0000000305e00000, 0x0000000305d00000| Untracked 
|  86|0x0000000305e00000, 0x0000000305f00000, 0x0000000305f00000|100%| O|  |TAMS 0x0000000305f00000, 0x0000000305e00000| Untracked 
|  87|0x0000000305f00000, 0x0000000306000000, 0x0000000306000000|100%| O|  |TAMS 0x0000000306000000, 0x0000000305f00000| Untracked 
|  88|0x0000000306000000, 0x0000000306100000, 0x0000000306100000|100%| O|  |TAMS 0x0000000306100000, 0x0000000306000000| Untracked 
|  89|0x0000000306100000, 0x0000000306200000, 0x0000000306200000|100%| O|  |TAMS 0x0000000306200000, 0x0000000306100000| Untracked 
|  90|0x0000000306200000, 0x0000000306300000, 0x0000000306300000|100%| O|  |TAMS 0x0000000306300000, 0x0000000306200000| Untracked 
|  91|0x0000000306300000, 0x0000000306400000, 0x0000000306400000|100%| O|  |TAMS 0x0000000306400000, 0x0000000306300000| Untracked 
|  92|0x0000000306400000, 0x0000000306500000, 0x0000000306500000|100%| O|  |TAMS 0x0000000306500000, 0x0000000306400000| Untracked 
|  93|0x0000000306500000, 0x0000000306600000, 0x0000000306600000|100%| O|  |TAMS 0x0000000306600000, 0x0000000306500000| Untracked 
|  94|0x0000000306600000, 0x0000000306700000, 0x0000000306700000|100%| O|  |TAMS 0x0000000306700000, 0x0000000306600000| Untracked 
|  95|0x0000000306700000, 0x0000000306800000, 0x0000000306800000|100%| O|  |TAMS 0x0000000306800000, 0x0000000306700000| Untracked 
|  96|0x0000000306800000, 0x0000000306900000, 0x0000000306900000|100%| O|  |TAMS 0x0000000306900000, 0x0000000306800000| Untracked 
|  97|0x0000000306900000, 0x0000000306a00000, 0x0000000306a00000|100%| O|  |TAMS 0x0000000306a00000, 0x0000000306900000| Untracked 
|  98|0x0000000306a00000, 0x0000000306b00000, 0x0000000306b00000|100%| O|  |TAMS 0x0000000306b00000, 0x0000000306a00000| Untracked 
|  99|0x0000000306b00000, 0x0000000306c00000, 0x0000000306c00000|100%| O|  |TAMS 0x0000000306c00000, 0x0000000306b00000| Untracked 
| 100|0x0000000306c00000, 0x0000000306d00000, 0x0000000306d00000|100%| O|  |TAMS 0x0000000306d00000, 0x0000000306c00000| Untracked 
| 101|0x0000000306d00000, 0x0000000306e00000, 0x0000000306e00000|100%| O|  |TAMS 0x0000000306e00000, 0x0000000306d00000| Untracked 
| 102|0x0000000306e00000, 0x0000000306f00000, 0x0000000306f00000|100%| O|  |TAMS 0x0000000306f00000, 0x0000000306e00000| Untracked 
| 103|0x0000000306f00000, 0x0000000307000000, 0x0000000307000000|100%| O|  |TAMS 0x0000000307000000, 0x0000000306f00000| Untracked 
| 104|0x0000000307000000, 0x0000000307100000, 0x0000000307100000|100%|HS|  |TAMS 0x0000000307100000, 0x0000000307000000| Complete 
| 105|0x0000000307100000, 0x0000000307200000, 0x0000000307200000|100%|HC|  |TAMS 0x0000000307200000, 0x0000000307100000| Complete 
| 106|0x0000000307200000, 0x0000000307300000, 0x0000000307300000|100%|HC|  |TAMS 0x0000000307300000, 0x0000000307200000| Complete 
| 107|0x0000000307300000, 0x0000000307400000, 0x0000000307400000|100%|HC|  |TAMS 0x0000000307400000, 0x0000000307300000| Complete 
| 108|0x0000000307400000, 0x0000000307500000, 0x0000000307500000|100%| O|  |TAMS 0x0000000307500000, 0x0000000307400000| Untracked 
| 109|0x0000000307500000, 0x0000000307600000, 0x0000000307600000|100%| O|  |TAMS 0x0000000307600000, 0x0000000307500000| Untracked 
| 110|0x0000000307600000, 0x0000000307700000, 0x0000000307700000|100%| O|  |TAMS 0x0000000307700000, 0x0000000307600000| Untracked 
| 111|0x0000000307700000, 0x0000000307800000, 0x0000000307800000|100%| O|  |TAMS 0x0000000307800000, 0x0000000307700000| Untracked 
| 112|0x0000000307800000, 0x0000000307900000, 0x0000000307900000|100%| O|  |TAMS 0x0000000307900000, 0x0000000307800000| Untracked 
| 113|0x0000000307900000, 0x0000000307a00000, 0x0000000307a00000|100%| O|  |TAMS 0x0000000307a00000, 0x0000000307900000| Untracked 
| 114|0x0000000307a00000, 0x0000000307b00000, 0x0000000307b00000|100%| O|  |TAMS 0x0000000307b00000, 0x0000000307a00000| Untracked 
| 115|0x0000000307b00000, 0x0000000307c00000, 0x0000000307c00000|100%| O|  |TAMS 0x0000000307c00000, 0x0000000307b00000| Untracked 
| 116|0x0000000307c00000, 0x0000000307d00000, 0x0000000307d00000|100%| O|  |TAMS 0x0000000307d00000, 0x0000000307c00000| Untracked 
| 117|0x0000000307d00000, 0x0000000307e00000, 0x0000000307e00000|100%| O|  |TAMS 0x0000000307e00000, 0x0000000307d00000| Untracked 
| 118|0x0000000307e00000, 0x0000000307f00000, 0x0000000307f00000|100%| O|  |TAMS 0x0000000307f00000, 0x0000000307e00000| Untracked 
| 119|0x0000000307f00000, 0x0000000308000000, 0x0000000308000000|100%| O|  |TAMS 0x0000000308000000, 0x0000000307f00000| Untracked 
| 120|0x0000000308000000, 0x0000000308100000, 0x0000000308100000|100%| O|  |TAMS 0x0000000308100000, 0x0000000308000000| Untracked 
| 121|0x0000000308100000, 0x0000000308200000, 0x0000000308200000|100%| O|  |TAMS 0x0000000308200000, 0x0000000308100000| Untracked 
| 122|0x0000000308200000, 0x0000000308300000, 0x0000000308300000|100%| O|  |TAMS 0x0000000308300000, 0x0000000308200000| Untracked 
| 123|0x0000000308300000, 0x0000000308400000, 0x0000000308400000|100%| O|  |TAMS 0x0000000308400000, 0x0000000308300000| Untracked 
| 124|0x0000000308400000, 0x0000000308500000, 0x0000000308500000|100%| O|  |TAMS 0x0000000308500000, 0x0000000308400000| Untracked 
| 125|0x0000000308500000, 0x0000000308600000, 0x0000000308600000|100%| O|  |TAMS 0x0000000308500000, 0x0000000308500000| Untracked 
| 126|0x0000000308600000, 0x0000000308700000, 0x0000000308700000|100%| O|  |TAMS 0x0000000308700000, 0x0000000308600000| Untracked 
| 127|0x0000000308700000, 0x0000000308800000, 0x0000000308800000|100%| O|  |TAMS 0x0000000308800000, 0x0000000308700000| Untracked 
| 128|0x0000000308800000, 0x0000000308900000, 0x0000000308900000|100%| O|  |TAMS 0x0000000308900000, 0x0000000308800000| Untracked 
| 129|0x0000000308900000, 0x0000000308a00000, 0x0000000308a00000|100%| O|  |TAMS 0x0000000308a00000, 0x0000000308900000| Untracked 
| 130|0x0000000308a00000, 0x0000000308b00000, 0x0000000308b00000|100%| O|  |TAMS 0x0000000308b00000, 0x0000000308a00000| Untracked 
| 131|0x0000000308b00000, 0x0000000308c00000, 0x0000000308c00000|100%| O|  |TAMS 0x0000000308c00000, 0x0000000308b00000| Untracked 
| 132|0x0000000308c00000, 0x0000000308d00000, 0x0000000308d00000|100%| O|  |TAMS 0x0000000308d00000, 0x0000000308c00000| Untracked 
| 133|0x0000000308d00000, 0x0000000308e00000, 0x0000000308e00000|100%| O|  |TAMS 0x0000000308e00000, 0x0000000308d00000| Untracked 
| 134|0x0000000308e00000, 0x0000000308f00000, 0x0000000308f00000|100%| O|  |TAMS 0x0000000308e00000, 0x0000000308e00000| Untracked 
| 135|0x0000000308f00000, 0x0000000309000000, 0x0000000309000000|100%| O|  |TAMS 0x0000000309000000, 0x0000000308f00000| Untracked 
| 136|0x0000000309000000, 0x0000000309100000, 0x0000000309100000|100%| O|  |TAMS 0x0000000309100000, 0x0000000309000000| Untracked 
| 137|0x0000000309100000, 0x0000000309200000, 0x0000000309200000|100%| O|  |TAMS 0x0000000309200000, 0x0000000309100000| Untracked 
| 138|0x0000000309200000, 0x0000000309300000, 0x0000000309300000|100%| O|  |TAMS 0x0000000309300000, 0x0000000309200000| Untracked 
| 139|0x0000000309300000, 0x0000000309400000, 0x0000000309400000|100%| O|  |TAMS 0x0000000309400000, 0x0000000309300000| Untracked 
| 140|0x0000000309400000, 0x0000000309500000, 0x0000000309500000|100%| O|  |TAMS 0x0000000309400000, 0x0000000309400000| Untracked 
| 141|0x0000000309500000, 0x0000000309600000, 0x0000000309600000|100%| O|  |TAMS 0x0000000309500000, 0x0000000309500000| Untracked 
| 142|0x0000000309600000, 0x0000000309700000, 0x0000000309700000|100%| O|  |TAMS 0x0000000309600000, 0x0000000309600000| Untracked 
| 143|0x0000000309700000, 0x0000000309800000, 0x0000000309800000|100%| O|  |TAMS 0x0000000309800000, 0x0000000309700000| Untracked 
| 144|0x0000000309800000, 0x0000000309900000, 0x0000000309900000|100%| O|  |TAMS 0x0000000309800000, 0x0000000309800000| Untracked 
| 145|0x0000000309900000, 0x0000000309a00000, 0x0000000309a00000|100%| O|  |TAMS 0x0000000309a00000, 0x0000000309900000| Untracked 
| 146|0x0000000309a00000, 0x0000000309b00000, 0x0000000309b00000|100%| O|  |TAMS 0x0000000309a00000, 0x0000000309a00000| Untracked 
| 147|0x0000000309b00000, 0x0000000309c00000, 0x0000000309c00000|100%| O|  |TAMS 0x0000000309c00000, 0x0000000309b00000| Untracked 
| 148|0x0000000309c00000, 0x0000000309d00000, 0x0000000309d00000|100%| O|  |TAMS 0x0000000309c00000, 0x0000000309c00000| Untracked 
| 149|0x0000000309d00000, 0x0000000309e00000, 0x0000000309e00000|100%| O|  |TAMS 0x0000000309e00000, 0x0000000309d00000| Untracked 
| 150|0x0000000309e00000, 0x0000000309f00000, 0x0000000309f00000|100%| O|  |TAMS 0x0000000309f00000, 0x0000000309e00000| Untracked 
| 151|0x0000000309f00000, 0x000000030a000000, 0x000000030a000000|100%| O|  |TAMS 0x000000030a000000, 0x0000000309f00000| Untracked 
| 152|0x000000030a000000, 0x000000030a100000, 0x000000030a100000|100%| O|  |TAMS 0x000000030a100000, 0x000000030a000000| Untracked 
| 153|0x000000030a100000, 0x000000030a200000, 0x000000030a200000|100%| O|  |TAMS 0x000000030a100000, 0x000000030a100000| Untracked 
| 154|0x000000030a200000, 0x000000030a300000, 0x000000030a300000|100%| O|  |TAMS 0x000000030a200000, 0x000000030a200000| Untracked 
| 155|0x000000030a300000, 0x000000030a400000, 0x000000030a400000|100%| O|  |TAMS 0x000000030a400000, 0x000000030a300000| Untracked 
| 156|0x000000030a400000, 0x000000030a500000, 0x000000030a500000|100%| O|  |TAMS 0x000000030a500000, 0x000000030a400000| Untracked 
| 157|0x000000030a500000, 0x000000030a600000, 0x000000030a600000|100%| O|  |TAMS 0x000000030a500000, 0x000000030a500000| Untracked 
| 158|0x000000030a600000, 0x000000030a700000, 0x000000030a700000|100%| O|  |TAMS 0x000000030a600000, 0x000000030a600000| Untracked 
| 159|0x000000030a700000, 0x000000030a800000, 0x000000030a800000|100%| O|  |TAMS 0x000000030a800000, 0x000000030a700000| Untracked 
| 160|0x000000030a800000, 0x000000030a900000, 0x000000030a900000|100%| O|  |TAMS 0x000000030a900000, 0x000000030a800000| Untracked 
| 161|0x000000030a900000, 0x000000030aa00000, 0x000000030aa00000|100%| O|  |TAMS 0x000000030aa00000, 0x000000030a900000| Untracked 
| 162|0x000000030aa00000, 0x000000030ab00000, 0x000000030ab00000|100%| O|  |TAMS 0x000000030ab00000, 0x000000030aa00000| Untracked 
| 163|0x000000030ab00000, 0x000000030ac00000, 0x000000030ac00000|100%| O|  |TAMS 0x000000030ac00000, 0x000000030ab00000| Untracked 
| 164|0x000000030ac00000, 0x000000030ad00000, 0x000000030ad00000|100%| O|  |TAMS 0x000000030ad00000, 0x000000030ac00000| Untracked 
| 165|0x000000030ad00000, 0x000000030ae00000, 0x000000030ae00000|100%| O|  |TAMS 0x000000030ae00000, 0x000000030ad00000| Untracked 
| 166|0x000000030ae00000, 0x000000030af00000, 0x000000030af00000|100%| O|  |TAMS 0x000000030af00000, 0x000000030ae00000| Untracked 
| 167|0x000000030af00000, 0x000000030b000000, 0x000000030b000000|100%| O|  |TAMS 0x000000030af00000, 0x000000030af00000| Untracked 
| 168|0x000000030b000000, 0x000000030b100000, 0x000000030b100000|100%| O|  |TAMS 0x000000030b100000, 0x000000030b000000| Untracked 
| 169|0x000000030b100000, 0x000000030b200000, 0x000000030b200000|100%| O|  |TAMS 0x000000030b200000, 0x000000030b100000| Untracked 
| 170|0x000000030b200000, 0x000000030b300000, 0x000000030b300000|100%| O|  |TAMS 0x000000030b200000, 0x000000030b200000| Untracked 
| 171|0x000000030b300000, 0x000000030b400000, 0x000000030b400000|100%| O|  |TAMS 0x000000030b400000, 0x000000030b300000| Untracked 
| 172|0x000000030b400000, 0x000000030b500000, 0x000000030b500000|100%| O|  |TAMS 0x000000030b500000, 0x000000030b400000| Untracked 
| 173|0x000000030b500000, 0x000000030b600000, 0x000000030b600000|100%| O|  |TAMS 0x000000030b600000, 0x000000030b500000| Untracked 
| 174|0x000000030b600000, 0x000000030b700000, 0x000000030b700000|100%| O|  |TAMS 0x000000030b700000, 0x000000030b600000| Untracked 
| 175|0x000000030b700000, 0x000000030b800000, 0x000000030b800000|100%| O|  |TAMS 0x000000030b700000, 0x000000030b700000| Untracked 
| 176|0x000000030b800000, 0x000000030b900000, 0x000000030b900000|100%| O|  |TAMS 0x000000030b800000, 0x000000030b800000| Untracked 
| 177|0x000000030b900000, 0x000000030ba00000, 0x000000030ba00000|100%| O|  |TAMS 0x000000030ba00000, 0x000000030b900000| Untracked 
| 178|0x000000030ba00000, 0x000000030bb00000, 0x000000030bb00000|100%| O|  |TAMS 0x000000030bb00000, 0x000000030ba00000| Untracked 
| 179|0x000000030bb00000, 0x000000030bc00000, 0x000000030bc00000|100%| O|  |TAMS 0x000000030bc00000, 0x000000030bb00000| Untracked 
| 180|0x000000030bc00000, 0x000000030bd00000, 0x000000030bd00000|100%| O|  |TAMS 0x000000030bd00000, 0x000000030bc00000| Untracked 
| 181|0x000000030bd00000, 0x000000030be00000, 0x000000030be00000|100%| O|  |TAMS 0x000000030be00000, 0x000000030bd00000| Untracked 
| 182|0x000000030be00000, 0x000000030bf00000, 0x000000030bf00000|100%| O|  |TAMS 0x000000030be00000, 0x000000030be00000| Untracked 
| 183|0x000000030bf00000, 0x000000030c000000, 0x000000030c000000|100%| O|  |TAMS 0x000000030c000000, 0x000000030bf00000| Untracked 
| 184|0x000000030c000000, 0x000000030c100000, 0x000000030c100000|100%| O|  |TAMS 0x000000030c100000, 0x000000030c000000| Untracked 
| 185|0x000000030c100000, 0x000000030c200000, 0x000000030c200000|100%| O|  |TAMS 0x000000030c200000, 0x000000030c100000| Untracked 
| 186|0x000000030c200000, 0x000000030c300000, 0x000000030c300000|100%| O|  |TAMS 0x000000030c300000, 0x000000030c200000| Untracked 
| 187|0x000000030c300000, 0x000000030c400000, 0x000000030c400000|100%| O|  |TAMS 0x000000030c400000, 0x000000030c300000| Untracked 
| 188|0x000000030c400000, 0x000000030c500000, 0x000000030c500000|100%| O|  |TAMS 0x000000030c400000, 0x000000030c400000| Untracked 
| 189|0x000000030c500000, 0x000000030c600000, 0x000000030c600000|100%| O|  |TAMS 0x000000030c600000, 0x000000030c500000| Untracked 
| 190|0x000000030c600000, 0x000000030c700000, 0x000000030c700000|100%| O|  |TAMS 0x000000030c600000, 0x000000030c600000| Untracked 
| 191|0x000000030c700000, 0x000000030c800000, 0x000000030c800000|100%| O|  |TAMS 0x000000030c700000, 0x000000030c700000| Untracked 
| 192|0x000000030c800000, 0x000000030c900000, 0x000000030c900000|100%| O|  |TAMS 0x000000030c900000, 0x000000030c800000| Untracked 
| 193|0x000000030c900000, 0x000000030ca00000, 0x000000030ca00000|100%| O|  |TAMS 0x000000030ca00000, 0x000000030c900000| Untracked 
| 194|0x000000030ca00000, 0x000000030cb00000, 0x000000030cb00000|100%| O|  |TAMS 0x000000030ca00000, 0x000000030ca00000| Untracked 
| 195|0x000000030cb00000, 0x000000030cc00000, 0x000000030cc00000|100%| O|  |TAMS 0x000000030cb00000, 0x000000030cb00000| Untracked 
| 196|0x000000030cc00000, 0x000000030cd00000, 0x000000030cd00000|100%| O|  |TAMS 0x000000030cc00000, 0x000000030cc00000| Untracked 
| 197|0x000000030cd00000, 0x000000030ce00000, 0x000000030ce00000|100%| O|  |TAMS 0x000000030cd00000, 0x000000030cd00000| Untracked 
| 198|0x000000030ce00000, 0x000000030cf00000, 0x000000030cf00000|100%| O|  |TAMS 0x000000030ce00000, 0x000000030ce00000| Untracked 
| 199|0x000000030cf00000, 0x000000030d000000, 0x000000030d000000|100%| O|  |TAMS 0x000000030d000000, 0x000000030cf00000| Untracked 
| 200|0x000000030d000000, 0x000000030d100000, 0x000000030d100000|100%| O|  |TAMS 0x000000030d000000, 0x000000030d000000| Untracked 
| 201|0x000000030d100000, 0x000000030d200000, 0x000000030d200000|100%| O|  |TAMS 0x000000030d100000, 0x000000030d100000| Untracked 
| 202|0x000000030d200000, 0x000000030d300000, 0x000000030d300000|100%| O|  |TAMS 0x000000030d2fb800, 0x000000030d200000| Untracked 
| 203|0x000000030d300000, 0x000000030d400000, 0x000000030d400000|100%| O|  |TAMS 0x000000030d300000, 0x000000030d300000| Untracked 
| 204|0x000000030d400000, 0x000000030d500000, 0x000000030d500000|100%| O|  |TAMS 0x000000030d500000, 0x000000030d400000| Untracked 
| 205|0x000000030d500000, 0x000000030d600000, 0x000000030d600000|100%| O|  |TAMS 0x000000030d600000, 0x000000030d500000| Untracked 
| 206|0x000000030d600000, 0x000000030d700000, 0x000000030d700000|100%| O|  |TAMS 0x000000030d600000, 0x000000030d600000| Untracked 
| 207|0x000000030d700000, 0x000000030d800000, 0x000000030d800000|100%| O|  |TAMS 0x000000030d800000, 0x000000030d700000| Untracked 
| 208|0x000000030d800000, 0x000000030d900000, 0x000000030d900000|100%| O|  |TAMS 0x000000030d800000, 0x000000030d800000| Untracked 
| 209|0x000000030d900000, 0x000000030da00000, 0x000000030da00000|100%| O|  |TAMS 0x000000030d900000, 0x000000030d900000| Untracked 
| 210|0x000000030da00000, 0x000000030db00000, 0x000000030db00000|100%| O|  |TAMS 0x000000030da00000, 0x000000030da00000| Untracked 
| 211|0x000000030db00000, 0x000000030dc00000, 0x000000030dc00000|100%| O|  |TAMS 0x000000030db00000, 0x000000030db00000| Untracked 
| 212|0x000000030dc00000, 0x000000030dd00000, 0x000000030dd00000|100%| O|  |TAMS 0x000000030dc00000, 0x000000030dc00000| Untracked 
| 213|0x000000030dd00000, 0x000000030de00000, 0x000000030de00000|100%| O|  |TAMS 0x000000030dd00000, 0x000000030dd00000| Untracked 
| 214|0x000000030de00000, 0x000000030df00000, 0x000000030df00000|100%| O|  |TAMS 0x000000030de00000, 0x000000030de00000| Untracked 
| 215|0x000000030df00000, 0x000000030e000000, 0x000000030e000000|100%| O|  |TAMS 0x000000030df00000, 0x000000030df00000| Untracked 
| 216|0x000000030e000000, 0x000000030e100000, 0x000000030e100000|100%| O|  |TAMS 0x000000030e000000, 0x000000030e000000| Untracked 
| 217|0x000000030e100000, 0x000000030e200000, 0x000000030e200000|100%| O|  |TAMS 0x000000030e100000, 0x000000030e100000| Untracked 
| 218|0x000000030e200000, 0x000000030e300000, 0x000000030e300000|100%| O|  |TAMS 0x000000030e200000, 0x000000030e200000| Untracked 
| 219|0x000000030e300000, 0x000000030e400000, 0x000000030e400000|100%| O|  |TAMS 0x000000030e400000, 0x000000030e300000| Untracked 
| 220|0x000000030e400000, 0x000000030e500000, 0x000000030e500000|100%| O|  |TAMS 0x000000030e400000, 0x000000030e400000| Untracked 
| 221|0x000000030e500000, 0x000000030e600000, 0x000000030e600000|100%| O|  |TAMS 0x000000030e500000, 0x000000030e500000| Untracked 
| 222|0x000000030e600000, 0x000000030e700000, 0x000000030e700000|100%| O|  |TAMS 0x000000030e600000, 0x000000030e600000| Untracked 
| 223|0x000000030e700000, 0x000000030e800000, 0x000000030e800000|100%| O|  |TAMS 0x000000030e700000, 0x000000030e700000| Untracked 
| 224|0x000000030e800000, 0x000000030e900000, 0x000000030e900000|100%| O|  |TAMS 0x000000030e800000, 0x000000030e800000| Untracked 
| 225|0x000000030e900000, 0x000000030ea00000, 0x000000030ea00000|100%| O|  |TAMS 0x000000030ea00000, 0x000000030e900000| Untracked 
| 226|0x000000030ea00000, 0x000000030eb00000, 0x000000030eb00000|100%| O|  |TAMS 0x000000030ea00000, 0x000000030ea00000| Untracked 
| 227|0x000000030eb00000, 0x000000030ec00000, 0x000000030ec00000|100%| O|  |TAMS 0x000000030eb00000, 0x000000030eb00000| Untracked 
| 228|0x000000030ec00000, 0x000000030ed00000, 0x000000030ed00000|100%| O|  |TAMS 0x000000030ec00000, 0x000000030ec00000| Untracked 
| 229|0x000000030ed00000, 0x000000030ee00000, 0x000000030ee00000|100%| O|  |TAMS 0x000000030ed00000, 0x000000030ed00000| Untracked 
| 230|0x000000030ee00000, 0x000000030ef00000, 0x000000030ef00000|100%| O|  |TAMS 0x000000030ef00000, 0x000000030ee00000| Untracked 
| 231|0x000000030ef00000, 0x000000030f000000, 0x000000030f000000|100%| O|  |TAMS 0x000000030ef00000, 0x000000030ef00000| Untracked 
| 232|0x000000030f000000, 0x000000030f100000, 0x000000030f100000|100%| O|  |TAMS 0x000000030f000000, 0x000000030f000000| Untracked 
| 233|0x000000030f100000, 0x000000030f200000, 0x000000030f200000|100%| O|  |TAMS 0x000000030f100000, 0x000000030f100000| Untracked 
| 234|0x000000030f200000, 0x000000030f300000, 0x000000030f300000|100%| O|  |TAMS 0x000000030f200000, 0x000000030f200000| Untracked 
| 235|0x000000030f300000, 0x000000030f400000, 0x000000030f400000|100%| O|  |TAMS 0x000000030f300000, 0x000000030f300000| Untracked 
| 236|0x000000030f400000, 0x000000030f500000, 0x000000030f500000|100%| O|  |TAMS 0x000000030f400000, 0x000000030f400000| Untracked 
| 237|0x000000030f500000, 0x000000030f600000, 0x000000030f600000|100%|HS|  |TAMS 0x000000030f500000, 0x000000030f500000| Complete 
| 238|0x000000030f600000, 0x000000030f700000, 0x000000030f700000|100%| O|  |TAMS 0x000000030f600000, 0x000000030f600000| Untracked 
| 239|0x000000030f700000, 0x000000030f800000, 0x000000030f800000|100%| O|  |TAMS 0x000000030f700000, 0x000000030f700000| Untracked 
| 240|0x000000030f800000, 0x000000030f900000, 0x000000030f900000|100%| O|  |TAMS 0x000000030f800000, 0x000000030f800000| Untracked 
| 241|0x000000030f900000, 0x000000030fa00000, 0x000000030fa00000|100%|HS|  |TAMS 0x000000030f900000, 0x000000030f900000| Complete 
| 242|0x000000030fa00000, 0x000000030fb00000, 0x000000030fb00000|100%|HS|  |TAMS 0x000000030fa00000, 0x000000030fa00000| Complete 
| 243|0x000000030fb00000, 0x000000030fc00000, 0x000000030fc00000|100%| O|  |TAMS 0x000000030fb00000, 0x000000030fb00000| Untracked 
| 244|0x000000030fc00000, 0x000000030fd00000, 0x000000030fd00000|100%| O|  |TAMS 0x000000030fc00000, 0x000000030fc00000| Untracked 
| 245|0x000000030fd00000, 0x000000030fe00000, 0x000000030fe00000|100%| O|  |TAMS 0x000000030fd00000, 0x000000030fd00000| Untracked 
| 246|0x000000030fe00000, 0x000000030ff00000, 0x000000030ff00000|100%| O|  |TAMS 0x000000030fe00000, 0x000000030fe00000| Untracked 
| 247|0x000000030ff00000, 0x0000000310000000, 0x0000000310000000|100%| O|  |TAMS 0x000000030ff00000, 0x000000030ff00000| Untracked 
| 248|0x0000000310000000, 0x0000000310100000, 0x0000000310100000|100%| O|  |TAMS 0x0000000310000000, 0x0000000310000000| Untracked 
| 249|0x0000000310100000, 0x0000000310200000, 0x0000000310200000|100%| O|  |TAMS 0x0000000310100000, 0x0000000310100000| Untracked 
| 250|0x0000000310200000, 0x0000000310300000, 0x0000000310300000|100%| O|  |TAMS 0x0000000310200000, 0x0000000310200000| Untracked 
| 251|0x0000000310300000, 0x0000000310400000, 0x0000000310400000|100%| O|  |TAMS 0x0000000310300000, 0x0000000310300000| Untracked 
| 252|0x0000000310400000, 0x0000000310500000, 0x0000000310500000|100%| O|  |TAMS 0x0000000310400000, 0x0000000310400000| Untracked 
| 253|0x0000000310500000, 0x0000000310600000, 0x0000000310600000|100%| O|  |TAMS 0x0000000310500000, 0x0000000310500000| Untracked 
| 254|0x0000000310600000, 0x0000000310700000, 0x0000000310700000|100%| O|  |TAMS 0x0000000310600000, 0x0000000310600000| Untracked 
| 255|0x0000000310700000, 0x0000000310800000, 0x0000000310800000|100%| O|  |TAMS 0x0000000310700000, 0x0000000310700000| Untracked 
| 256|0x0000000310800000, 0x0000000310900000, 0x0000000310900000|100%| O|  |TAMS 0x0000000310800000, 0x0000000310800000| Untracked 
| 257|0x0000000310900000, 0x0000000310a00000, 0x0000000310a00000|100%| O|  |TAMS 0x0000000310900000, 0x0000000310900000| Untracked 
| 258|0x0000000310a00000, 0x0000000310b00000, 0x0000000310b00000|100%| O|  |TAMS 0x0000000310a00000, 0x0000000310a00000| Untracked 
| 259|0x0000000310b00000, 0x0000000310c00000, 0x0000000310c00000|100%| O|  |TAMS 0x0000000310b00000, 0x0000000310b00000| Untracked 
| 260|0x0000000310c00000, 0x0000000310d00000, 0x0000000310d00000|100%| O|  |TAMS 0x0000000310c00000, 0x0000000310c00000| Untracked 
| 261|0x0000000310d00000, 0x0000000310e00000, 0x0000000310e00000|100%| O|  |TAMS 0x0000000310d00000, 0x0000000310d00000| Untracked 
| 262|0x0000000310e00000, 0x0000000310f00000, 0x0000000310f00000|100%| O|  |TAMS 0x0000000310e00000, 0x0000000310e00000| Untracked 
| 263|0x0000000310f00000, 0x0000000311000000, 0x0000000311000000|100%| O|  |TAMS 0x0000000310f00000, 0x0000000310f00000| Untracked 
| 264|0x0000000311000000, 0x0000000311100000, 0x0000000311100000|100%| O|  |TAMS 0x0000000311000000, 0x0000000311000000| Untracked 
| 265|0x0000000311100000, 0x0000000311200000, 0x0000000311200000|100%| O|  |TAMS 0x0000000311100000, 0x0000000311100000| Untracked 
| 266|0x0000000311200000, 0x0000000311300000, 0x0000000311300000|100%| O|  |TAMS 0x0000000311200000, 0x0000000311200000| Untracked 
| 267|0x0000000311300000, 0x0000000311400000, 0x0000000311400000|100%| O|  |TAMS 0x0000000311300000, 0x0000000311300000| Untracked 
| 268|0x0000000311400000, 0x0000000311500000, 0x0000000311500000|100%| O|  |TAMS 0x0000000311400000, 0x0000000311400000| Untracked 
| 269|0x0000000311500000, 0x0000000311600000, 0x0000000311600000|100%| O|  |TAMS 0x0000000311500000, 0x0000000311500000| Untracked 
| 270|0x0000000311600000, 0x0000000311700000, 0x0000000311700000|100%| O|  |TAMS 0x0000000311600000, 0x0000000311600000| Untracked 
| 271|0x0000000311700000, 0x0000000311800000, 0x0000000311800000|100%| O|  |TAMS 0x0000000311700000, 0x0000000311700000| Untracked 
| 272|0x0000000311800000, 0x0000000311900000, 0x0000000311900000|100%|HS|  |TAMS 0x0000000311800000, 0x0000000311800000| Complete 
| 273|0x0000000311900000, 0x0000000311a00000, 0x0000000311a00000|100%|HC|  |TAMS 0x0000000311900000, 0x0000000311900000| Complete 
| 274|0x0000000311a00000, 0x0000000311b00000, 0x0000000311b00000|100%|HS|  |TAMS 0x0000000311a00000, 0x0000000311a00000| Complete 
| 275|0x0000000311b00000, 0x0000000311c00000, 0x0000000311c00000|100%|HC|  |TAMS 0x0000000311b00000, 0x0000000311b00000| Complete 
| 276|0x0000000311c00000, 0x0000000311d00000, 0x0000000311d00000|100%|HC|  |TAMS 0x0000000311c00000, 0x0000000311c00000| Complete 
| 277|0x0000000311d00000, 0x0000000311e00000, 0x0000000311e00000|100%|HS|  |TAMS 0x0000000311d00000, 0x0000000311d00000| Complete 
| 278|0x0000000311e00000, 0x0000000311f00000, 0x0000000311f00000|100%|HC|  |TAMS 0x0000000311e00000, 0x0000000311e00000| Complete 
| 279|0x0000000311f00000, 0x0000000312000000, 0x0000000312000000|100%|HS|  |TAMS 0x0000000311f00000, 0x0000000311f00000| Complete 
| 280|0x0000000312000000, 0x0000000312100000, 0x0000000312100000|100%|HS|  |TAMS 0x0000000312000000, 0x0000000312000000| Complete 
| 281|0x0000000312100000, 0x0000000312200000, 0x0000000312200000|100%|HS|  |TAMS 0x0000000312100000, 0x0000000312100000| Complete 
| 282|0x0000000312200000, 0x0000000312300000, 0x0000000312300000|100%|HS|  |TAMS 0x0000000312200000, 0x0000000312200000| Complete 
| 283|0x0000000312300000, 0x0000000312400000, 0x0000000312400000|100%|HS|  |TAMS 0x0000000312300000, 0x0000000312300000| Complete 
| 284|0x0000000312400000, 0x0000000312500000, 0x0000000312500000|100%|HC|  |TAMS 0x0000000312400000, 0x0000000312400000| Complete 
| 285|0x0000000312500000, 0x0000000312600000, 0x0000000312600000|100%|HS|  |TAMS 0x0000000312500000, 0x0000000312500000| Complete 
| 286|0x0000000312600000, 0x0000000312700000, 0x0000000312700000|100%|HC|  |TAMS 0x0000000312600000, 0x0000000312600000| Complete 
| 287|0x0000000312700000, 0x0000000312800000, 0x0000000312800000|100%|HS|  |TAMS 0x0000000312700000, 0x0000000312700000| Complete 
| 288|0x0000000312800000, 0x0000000312900000, 0x0000000312900000|100%|HS|  |TAMS 0x0000000312800000, 0x0000000312800000| Complete 
| 289|0x0000000312900000, 0x0000000312a00000, 0x0000000312a00000|100%|HC|  |TAMS 0x0000000312900000, 0x0000000312900000| Complete 
| 290|0x0000000312a00000, 0x0000000312b00000, 0x0000000312b00000|100%|HS|  |TAMS 0x0000000312a00000, 0x0000000312a00000| Complete 
| 291|0x0000000312b00000, 0x0000000312c00000, 0x0000000312c00000|100%| O|  |TAMS 0x0000000312b00000, 0x0000000312b00000| Untracked 
| 292|0x0000000312c00000, 0x0000000312d00000, 0x0000000312d00000|100%| O|  |TAMS 0x0000000312c00000, 0x0000000312c00000| Untracked 
| 293|0x0000000312d00000, 0x0000000312e00000, 0x0000000312e00000|100%| O|  |TAMS 0x0000000312d00000, 0x0000000312d00000| Untracked 
| 294|0x0000000312e00000, 0x0000000312f00000, 0x0000000312f00000|100%| O|  |TAMS 0x0000000312e00000, 0x0000000312e00000| Untracked 
| 295|0x0000000312f00000, 0x0000000313000000, 0x0000000313000000|100%| O|  |TAMS 0x0000000312f00000, 0x0000000312f00000| Untracked 
| 296|0x0000000313000000, 0x0000000313100000, 0x0000000313100000|100%| O|  |TAMS 0x0000000313000000, 0x0000000313000000| Untracked 
| 297|0x0000000313100000, 0x0000000313200000, 0x0000000313200000|100%| O|  |TAMS 0x0000000313100000, 0x0000000313100000| Untracked 
| 298|0x0000000313200000, 0x0000000313300000, 0x0000000313300000|100%| O|  |TAMS 0x0000000313200000, 0x0000000313200000| Untracked 
| 299|0x0000000313300000, 0x0000000313400000, 0x0000000313400000|100%| O|  |TAMS 0x0000000313300000, 0x0000000313300000| Untracked 
| 300|0x0000000313400000, 0x0000000313500000, 0x0000000313500000|100%| O|  |TAMS 0x0000000313400000, 0x0000000313400000| Untracked 
| 301|0x0000000313500000, 0x0000000313600000, 0x0000000313600000|100%| O|  |TAMS 0x0000000313500000, 0x0000000313500000| Untracked 
| 302|0x0000000313600000, 0x0000000313700000, 0x0000000313700000|100%| O|  |TAMS 0x0000000313600000, 0x0000000313600000| Untracked 
| 303|0x0000000313700000, 0x0000000313800000, 0x0000000313800000|100%| O|  |TAMS 0x0000000313700000, 0x0000000313700000| Untracked 
| 304|0x0000000313800000, 0x0000000313900000, 0x0000000313900000|100%| O|  |TAMS 0x0000000313800000, 0x0000000313800000| Untracked 
| 305|0x0000000313900000, 0x0000000313a00000, 0x0000000313a00000|100%| O|  |TAMS 0x0000000313900000, 0x0000000313900000| Untracked 
| 306|0x0000000313a00000, 0x0000000313b00000, 0x0000000313b00000|100%| O|  |TAMS 0x0000000313a00000, 0x0000000313a00000| Untracked 
| 307|0x0000000313b00000, 0x0000000313c00000, 0x0000000313c00000|100%| O|  |TAMS 0x0000000313b00000, 0x0000000313b00000| Untracked 
| 308|0x0000000313c00000, 0x0000000313d00000, 0x0000000313d00000|100%| O|  |TAMS 0x0000000313c00000, 0x0000000313c00000| Untracked 
| 309|0x0000000313d00000, 0x0000000313e00000, 0x0000000313e00000|100%| O|  |TAMS 0x0000000313d00000, 0x0000000313d00000| Untracked 
| 310|0x0000000313e00000, 0x0000000313f00000, 0x0000000313f00000|100%| O|  |TAMS 0x0000000313e00000, 0x0000000313e00000| Untracked 
| 311|0x0000000313f00000, 0x0000000314000000, 0x0000000314000000|100%| O|  |TAMS 0x0000000313f00000, 0x0000000313f00000| Untracked 
| 312|0x0000000314000000, 0x0000000314100000, 0x0000000314100000|100%| O|  |TAMS 0x0000000314000000, 0x0000000314000000| Untracked 
| 313|0x0000000314100000, 0x0000000314200000, 0x0000000314200000|100%| O|  |TAMS 0x0000000314100000, 0x0000000314100000| Untracked 
| 314|0x0000000314200000, 0x0000000314300000, 0x0000000314300000|100%| O|  |TAMS 0x0000000314200000, 0x0000000314200000| Untracked 
| 315|0x0000000314300000, 0x0000000314400000, 0x0000000314400000|100%| O|  |TAMS 0x0000000314300000, 0x0000000314300000| Untracked 
| 316|0x0000000314400000, 0x0000000314500000, 0x0000000314500000|100%| O|  |TAMS 0x0000000314400000, 0x0000000314400000| Untracked 
| 317|0x0000000314500000, 0x0000000314600000, 0x0000000314600000|100%| O|  |TAMS 0x0000000314500000, 0x0000000314500000| Untracked 
| 318|0x0000000314600000, 0x00000003146ff400, 0x0000000314700000| 99%| O|  |TAMS 0x0000000314600000, 0x0000000314600000| Untracked 
| 319|0x0000000314700000, 0x0000000314800000, 0x0000000314800000|100%|HS|  |TAMS 0x0000000314700000, 0x0000000314700000| Complete 
| 320|0x0000000314800000, 0x0000000314900000, 0x0000000314900000|100%|HC|  |TAMS 0x0000000314800000, 0x0000000314800000| Complete 
| 321|0x0000000314900000, 0x0000000314a00000, 0x0000000314a00000|100%|HC|  |TAMS 0x0000000314900000, 0x0000000314900000| Complete 
| 322|0x0000000314a00000, 0x0000000314b00000, 0x0000000314b00000|100%|HS|  |TAMS 0x0000000314a00000, 0x0000000314a00000| Complete 
| 323|0x0000000314b00000, 0x0000000314c00000, 0x0000000314c00000|100%|HC|  |TAMS 0x0000000314b00000, 0x0000000314b00000| Complete 
| 324|0x0000000314c00000, 0x0000000314d00000, 0x0000000314d00000|100%|HC|  |TAMS 0x0000000314c00000, 0x0000000314c00000| Complete 
| 325|0x0000000314d00000, 0x0000000314e00000, 0x0000000314e00000|100%|HS|  |TAMS 0x0000000314d00000, 0x0000000314d00000| Complete 
| 326|0x0000000314e00000, 0x0000000314f00000, 0x0000000314f00000|100%|HC|  |TAMS 0x0000000314e00000, 0x0000000314e00000| Complete 
| 327|0x0000000314f00000, 0x0000000315000000, 0x0000000315000000|100%|HS|  |TAMS 0x0000000314f00000, 0x0000000314f00000| Complete 
| 328|0x0000000315000000, 0x0000000315100000, 0x0000000315100000|100%|HC|  |TAMS 0x0000000315000000, 0x0000000315000000| Complete 
| 329|0x0000000315100000, 0x0000000315200000, 0x0000000315200000|100%|HS|  |TAMS 0x0000000315100000, 0x0000000315100000| Complete 
| 330|0x0000000315200000, 0x0000000315300000, 0x0000000315300000|100%|HS|  |TAMS 0x0000000315200000, 0x0000000315200000| Complete 
| 331|0x0000000315300000, 0x0000000315400000, 0x0000000315400000|100%|HS|  |TAMS 0x0000000315300000, 0x0000000315300000| Complete 
| 332|0x0000000315400000, 0x0000000315500000, 0x0000000315500000|100%|HS|  |TAMS 0x0000000315400000, 0x0000000315400000| Complete 
| 333|0x0000000315500000, 0x0000000315600000, 0x0000000315600000|100%| O|  |TAMS 0x0000000315500000, 0x0000000315500000| Untracked 
| 334|0x0000000315600000, 0x0000000315700000, 0x0000000315700000|100%| O|  |TAMS 0x0000000315600000, 0x0000000315600000| Untracked 
| 335|0x0000000315700000, 0x0000000315800000, 0x0000000315800000|100%| O|  |TAMS 0x0000000315700000, 0x0000000315700000| Untracked 
| 336|0x0000000315800000, 0x0000000315900000, 0x0000000315900000|100%| O|  |TAMS 0x0000000315800000, 0x0000000315800000| Untracked 
| 337|0x0000000315900000, 0x0000000315a00000, 0x0000000315a00000|100%| O|  |TAMS 0x0000000315900000, 0x0000000315900000| Untracked 
| 338|0x0000000315a00000, 0x0000000315b00000, 0x0000000315b00000|100%| O|  |TAMS 0x0000000315a00000, 0x0000000315a00000| Untracked 
| 339|0x0000000315b00000, 0x0000000315c00000, 0x0000000315c00000|100%| O|  |TAMS 0x0000000315b00000, 0x0000000315b00000| Untracked 
| 340|0x0000000315c00000, 0x0000000315d00000, 0x0000000315d00000|100%| O|  |TAMS 0x0000000315c00000, 0x0000000315c00000| Untracked 
| 341|0x0000000315d00000, 0x0000000315e00000, 0x0000000315e00000|100%| O|  |TAMS 0x0000000315d00000, 0x0000000315d00000| Untracked 
| 342|0x0000000315e00000, 0x0000000315f00000, 0x0000000315f00000|100%|HS|  |TAMS 0x0000000315e00000, 0x0000000315e00000| Complete 
| 343|0x0000000315f00000, 0x0000000316000000, 0x0000000316000000|100%|HS|  |TAMS 0x0000000315f00000, 0x0000000315f00000| Complete 
| 344|0x0000000316000000, 0x0000000316100000, 0x0000000316100000|100%|HS|  |TAMS 0x0000000316000000, 0x0000000316000000| Complete 
| 345|0x0000000316100000, 0x0000000316200000, 0x0000000316200000|100%|HS|  |TAMS 0x0000000316100000, 0x0000000316100000| Complete 
| 346|0x0000000316200000, 0x0000000316300000, 0x0000000316300000|100%|HS|  |TAMS 0x0000000316200000, 0x0000000316200000| Complete 
| 347|0x0000000316300000, 0x0000000316400000, 0x0000000316400000|100%|HS|  |TAMS 0x0000000316300000, 0x0000000316300000| Complete 
| 348|0x0000000316400000, 0x0000000316400000, 0x0000000316500000|  0%| F|  |TAMS 0x0000000316400000, 0x0000000316400000| Untracked 
| 349|0x0000000316500000, 0x0000000316500000, 0x0000000316600000|  0%| F|  |TAMS 0x0000000316500000, 0x0000000316500000| Untracked 
| 350|0x0000000316600000, 0x0000000316600000, 0x0000000316700000|  0%| F|  |TAMS 0x0000000316600000, 0x0000000316600000| Untracked 
| 351|0x0000000316700000, 0x0000000316700000, 0x0000000316800000|  0%| F|  |TAMS 0x0000000316700000, 0x0000000316700000| Untracked 
| 352|0x0000000316800000, 0x0000000316800000, 0x0000000316900000|  0%| F|  |TAMS 0x0000000316800000, 0x0000000316800000| Untracked 
| 353|0x0000000316900000, 0x0000000316900000, 0x0000000316a00000|  0%| F|  |TAMS 0x0000000316900000, 0x0000000316900000| Untracked 
| 354|0x0000000316a00000, 0x0000000316a00000, 0x0000000316b00000|  0%| F|  |TAMS 0x0000000316a00000, 0x0000000316a00000| Untracked 
| 355|0x0000000316b00000, 0x0000000316b00000, 0x0000000316c00000|  0%| F|  |TAMS 0x0000000316b00000, 0x0000000316b00000| Untracked 
| 356|0x0000000316c00000, 0x0000000316c00000, 0x0000000316d00000|  0%| F|  |TAMS 0x0000000316c00000, 0x0000000316c00000| Untracked 
| 357|0x0000000316d00000, 0x0000000316d00000, 0x0000000316e00000|  0%| F|  |TAMS 0x0000000316d00000, 0x0000000316d00000| Untracked 
| 358|0x0000000316e00000, 0x0000000316e00000, 0x0000000316f00000|  0%| F|  |TAMS 0x0000000316e00000, 0x0000000316e00000| Untracked 
| 359|0x0000000316f00000, 0x0000000316f00000, 0x0000000317000000|  0%| F|  |TAMS 0x0000000316f00000, 0x0000000316f00000| Untracked 
| 360|0x0000000317000000, 0x0000000317000000, 0x0000000317100000|  0%| F|  |TAMS 0x0000000317000000, 0x0000000317000000| Untracked 
| 361|0x0000000317100000, 0x0000000317100000, 0x0000000317200000|  0%| F|  |TAMS 0x0000000317100000, 0x0000000317100000| Untracked 
| 362|0x0000000317200000, 0x0000000317200000, 0x0000000317300000|  0%| F|  |TAMS 0x0000000317200000, 0x0000000317200000| Untracked 
| 363|0x0000000317300000, 0x0000000317300000, 0x0000000317400000|  0%| F|  |TAMS 0x0000000317300000, 0x0000000317300000| Untracked 
| 364|0x0000000317400000, 0x0000000317400000, 0x0000000317500000|  0%| F|  |TAMS 0x0000000317400000, 0x0000000317400000| Untracked 
| 365|0x0000000317500000, 0x0000000317500000, 0x0000000317600000|  0%| F|  |TAMS 0x0000000317500000, 0x0000000317500000| Untracked 
| 366|0x0000000317600000, 0x0000000317600000, 0x0000000317700000|  0%| F|  |TAMS 0x0000000317600000, 0x0000000317600000| Untracked 
| 367|0x0000000317700000, 0x0000000317700000, 0x0000000317800000|  0%| F|  |TAMS 0x0000000317700000, 0x0000000317700000| Untracked 
| 368|0x0000000317800000, 0x0000000317800000, 0x0000000317900000|  0%| F|  |TAMS 0x0000000317800000, 0x0000000317800000| Untracked 
| 369|0x0000000317900000, 0x0000000317900000, 0x0000000317a00000|  0%| F|  |TAMS 0x0000000317900000, 0x0000000317900000| Untracked 
| 370|0x0000000317a00000, 0x0000000317a00000, 0x0000000317b00000|  0%| F|  |TAMS 0x0000000317a00000, 0x0000000317a00000| Untracked 
| 371|0x0000000317b00000, 0x0000000317b00000, 0x0000000317c00000|  0%| F|  |TAMS 0x0000000317b00000, 0x0000000317b00000| Untracked 
| 372|0x0000000317c00000, 0x0000000317c00000, 0x0000000317d00000|  0%| F|  |TAMS 0x0000000317c00000, 0x0000000317c00000| Untracked 
| 373|0x0000000317d00000, 0x0000000317d00000, 0x0000000317e00000|  0%| F|  |TAMS 0x0000000317d00000, 0x0000000317d00000| Untracked 
| 374|0x0000000317e00000, 0x0000000317e00000, 0x0000000317f00000|  0%| F|  |TAMS 0x0000000317e00000, 0x0000000317e00000| Untracked 
| 375|0x0000000317f00000, 0x0000000317f00000, 0x0000000318000000|  0%| F|  |TAMS 0x0000000317f00000, 0x0000000317f00000| Untracked 
| 376|0x0000000318000000, 0x0000000318000000, 0x0000000318100000|  0%| F|  |TAMS 0x0000000318000000, 0x0000000318000000| Untracked 
| 377|0x0000000318100000, 0x0000000318100000, 0x0000000318200000|  0%| F|  |TAMS 0x0000000318100000, 0x0000000318100000| Untracked 
| 378|0x0000000318200000, 0x0000000318200000, 0x0000000318300000|  0%| F|  |TAMS 0x0000000318200000, 0x0000000318200000| Untracked 
| 379|0x0000000318300000, 0x0000000318300000, 0x0000000318400000|  0%| F|  |TAMS 0x0000000318300000, 0x0000000318300000| Untracked 
| 380|0x0000000318400000, 0x0000000318400000, 0x0000000318500000|  0%| F|  |TAMS 0x0000000318400000, 0x0000000318400000| Untracked 
| 381|0x0000000318500000, 0x0000000318500000, 0x0000000318600000|  0%| F|  |TAMS 0x0000000318500000, 0x0000000318500000| Untracked 
| 382|0x0000000318600000, 0x0000000318600000, 0x0000000318700000|  0%| F|  |TAMS 0x0000000318600000, 0x0000000318600000| Untracked 
| 383|0x0000000318700000, 0x0000000318700000, 0x0000000318800000|  0%| F|  |TAMS 0x0000000318700000, 0x0000000318700000| Untracked 
| 384|0x0000000318800000, 0x0000000318800000, 0x0000000318900000|  0%| F|  |TAMS 0x0000000318800000, 0x0000000318800000| Untracked 
| 385|0x0000000318900000, 0x0000000318900000, 0x0000000318a00000|  0%| F|  |TAMS 0x0000000318900000, 0x0000000318900000| Untracked 
| 386|0x0000000318a00000, 0x0000000318a00000, 0x0000000318b00000|  0%| F|  |TAMS 0x0000000318a00000, 0x0000000318a00000| Untracked 
| 387|0x0000000318b00000, 0x0000000318b00000, 0x0000000318c00000|  0%| F|  |TAMS 0x0000000318b00000, 0x0000000318b00000| Untracked 
| 388|0x0000000318c00000, 0x0000000318c00000, 0x0000000318d00000|  0%| F|  |TAMS 0x0000000318c00000, 0x0000000318c00000| Untracked 
| 389|0x0000000318d00000, 0x0000000318d00000, 0x0000000318e00000|  0%| F|  |TAMS 0x0000000318d00000, 0x0000000318d00000| Untracked 
| 390|0x0000000318e00000, 0x0000000318e00000, 0x0000000318f00000|  0%| F|  |TAMS 0x0000000318e00000, 0x0000000318e00000| Untracked 
| 391|0x0000000318f00000, 0x0000000318f00000, 0x0000000319000000|  0%| F|  |TAMS 0x0000000318f00000, 0x0000000318f00000| Untracked 
| 392|0x0000000319000000, 0x0000000319000000, 0x0000000319100000|  0%| F|  |TAMS 0x0000000319000000, 0x0000000319000000| Untracked 
| 393|0x0000000319100000, 0x0000000319100000, 0x0000000319200000|  0%| F|  |TAMS 0x0000000319100000, 0x0000000319100000| Untracked 
| 394|0x0000000319200000, 0x0000000319200000, 0x0000000319300000|  0%| F|  |TAMS 0x0000000319200000, 0x0000000319200000| Untracked 
| 395|0x0000000319300000, 0x0000000319300000, 0x0000000319400000|  0%| F|  |TAMS 0x0000000319300000, 0x0000000319300000| Untracked 
| 396|0x0000000319400000, 0x0000000319400000, 0x0000000319500000|  0%| F|  |TAMS 0x0000000319400000, 0x0000000319400000| Untracked 
| 397|0x0000000319500000, 0x0000000319500000, 0x0000000319600000|  0%| F|  |TAMS 0x0000000319500000, 0x0000000319500000| Untracked 
| 398|0x0000000319600000, 0x0000000319600000, 0x0000000319700000|  0%| F|  |TAMS 0x0000000319600000, 0x0000000319600000| Untracked 
| 399|0x0000000319700000, 0x0000000319700000, 0x0000000319800000|  0%| F|  |TAMS 0x0000000319700000, 0x0000000319700000| Untracked 
| 400|0x0000000319800000, 0x0000000319800000, 0x0000000319900000|  0%| F|  |TAMS 0x0000000319800000, 0x0000000319800000| Untracked 
| 401|0x0000000319900000, 0x0000000319900000, 0x0000000319a00000|  0%| F|  |TAMS 0x0000000319900000, 0x0000000319900000| Untracked 
| 402|0x0000000319a00000, 0x0000000319a00000, 0x0000000319b00000|  0%| F|  |TAMS 0x0000000319a00000, 0x0000000319a00000| Untracked 
| 403|0x0000000319b00000, 0x0000000319b00000, 0x0000000319c00000|  0%| F|  |TAMS 0x0000000319b00000, 0x0000000319b00000| Untracked 
| 404|0x0000000319c00000, 0x0000000319c00000, 0x0000000319d00000|  0%| F|  |TAMS 0x0000000319c00000, 0x0000000319c00000| Untracked 
| 405|0x0000000319d00000, 0x0000000319d00000, 0x0000000319e00000|  0%| F|  |TAMS 0x0000000319d00000, 0x0000000319d00000| Untracked 
| 406|0x0000000319e00000, 0x0000000319e00000, 0x0000000319f00000|  0%| F|  |TAMS 0x0000000319e00000, 0x0000000319e00000| Untracked 
| 407|0x0000000319f00000, 0x0000000319f00000, 0x000000031a000000|  0%| F|  |TAMS 0x0000000319f00000, 0x0000000319f00000| Untracked 
| 408|0x000000031a000000, 0x000000031a000000, 0x000000031a100000|  0%| F|  |TAMS 0x000000031a000000, 0x000000031a000000| Untracked 
| 409|0x000000031a100000, 0x000000031a100000, 0x000000031a200000|  0%| F|  |TAMS 0x000000031a100000, 0x000000031a100000| Untracked 
| 410|0x000000031a200000, 0x000000031a200000, 0x000000031a300000|  0%| F|  |TAMS 0x000000031a200000, 0x000000031a200000| Untracked 
| 411|0x000000031a300000, 0x000000031a300000, 0x000000031a400000|  0%| F|  |TAMS 0x000000031a300000, 0x000000031a300000| Untracked 
| 412|0x000000031a400000, 0x000000031a400000, 0x000000031a500000|  0%| F|  |TAMS 0x000000031a400000, 0x000000031a400000| Untracked 
| 413|0x000000031a500000, 0x000000031a600000, 0x000000031a600000|100%| O|  |TAMS 0x000000031a600000, 0x000000031a500000| Untracked 
| 414|0x000000031a600000, 0x000000031a700000, 0x000000031a700000|100%| O|  |TAMS 0x000000031a700000, 0x000000031a600000| Untracked 
| 415|0x000000031a700000, 0x000000031a700000, 0x000000031a800000|  0%| F|  |TAMS 0x000000031a700000, 0x000000031a700000| Untracked 
| 416|0x000000031a800000, 0x000000031a800000, 0x000000031a900000|  0%| F|  |TAMS 0x000000031a800000, 0x000000031a800000| Untracked 
| 417|0x000000031a900000, 0x000000031aa00000, 0x000000031aa00000|100%| O|  |TAMS 0x000000031aa00000, 0x000000031a900000| Untracked 
| 418|0x000000031aa00000, 0x000000031aa00000, 0x000000031ab00000|  0%| F|  |TAMS 0x000000031aa00000, 0x000000031aa00000| Untracked 
| 419|0x000000031ab00000, 0x000000031ab00000, 0x000000031ac00000|  0%| F|  |TAMS 0x000000031ab00000, 0x000000031ab00000| Untracked 
| 420|0x000000031ac00000, 0x000000031ac00000, 0x000000031ad00000|  0%| F|  |TAMS 0x000000031ac00000, 0x000000031ac00000| Untracked 
| 421|0x000000031ad00000, 0x000000031ad00000, 0x000000031ae00000|  0%| F|  |TAMS 0x000000031ad00000, 0x000000031ad00000| Untracked 
| 422|0x000000031ae00000, 0x000000031ae00000, 0x000000031af00000|  0%| F|  |TAMS 0x000000031ae00000, 0x000000031ae00000| Untracked 
| 423|0x000000031af00000, 0x000000031af00000, 0x000000031b000000|  0%| F|  |TAMS 0x000000031af00000, 0x000000031af00000| Untracked 
| 424|0x000000031b000000, 0x000000031b000000, 0x000000031b100000|  0%| F|  |TAMS 0x000000031b000000, 0x000000031b000000| Untracked 
| 425|0x000000031b100000, 0x000000031b100000, 0x000000031b200000|  0%| F|  |TAMS 0x000000031b100000, 0x000000031b100000| Untracked 
| 426|0x000000031b200000, 0x000000031b200000, 0x000000031b300000|  0%| F|  |TAMS 0x000000031b200000, 0x000000031b200000| Untracked 
| 427|0x000000031b300000, 0x000000031b300000, 0x000000031b400000|  0%| F|  |TAMS 0x000000031b300000, 0x000000031b300000| Untracked 
| 428|0x000000031b400000, 0x000000031b400000, 0x000000031b500000|  0%| F|  |TAMS 0x000000031b400000, 0x000000031b400000| Untracked 
| 429|0x000000031b500000, 0x000000031b500000, 0x000000031b600000|  0%| F|  |TAMS 0x000000031b500000, 0x000000031b500000| Untracked 
| 430|0x000000031b600000, 0x000000031b700000, 0x000000031b700000|100%| O|  |TAMS 0x000000031b700000, 0x000000031b600000| Untracked 
| 431|0x000000031b700000, 0x000000031b800000, 0x000000031b800000|100%| O|  |TAMS 0x000000031b800000, 0x000000031b700000| Untracked 
| 432|0x000000031b800000, 0x000000031b800000, 0x000000031b900000|  0%| F|  |TAMS 0x000000031b800000, 0x000000031b800000| Untracked 
| 433|0x000000031b900000, 0x000000031b900000, 0x000000031ba00000|  0%| F|  |TAMS 0x000000031b900000, 0x000000031b900000| Untracked 
| 434|0x000000031ba00000, 0x000000031ba00000, 0x000000031bb00000|  0%| F|  |TAMS 0x000000031ba00000, 0x000000031ba00000| Untracked 
| 435|0x000000031bb00000, 0x000000031bb00000, 0x000000031bc00000|  0%| F|  |TAMS 0x000000031bb00000, 0x000000031bb00000| Untracked 
| 436|0x000000031bc00000, 0x000000031bc00000, 0x000000031bd00000|  0%| F|  |TAMS 0x000000031bc00000, 0x000000031bc00000| Untracked 
| 437|0x000000031bd00000, 0x000000031bd00000, 0x000000031be00000|  0%| F|  |TAMS 0x000000031bd00000, 0x000000031bd00000| Untracked 
| 438|0x000000031be00000, 0x000000031be00000, 0x000000031bf00000|  0%| F|  |TAMS 0x000000031be00000, 0x000000031be00000| Untracked 
| 439|0x000000031bf00000, 0x000000031bf00000, 0x000000031c000000|  0%| F|  |TAMS 0x000000031bf00000, 0x000000031bf00000| Untracked 
| 440|0x000000031c000000, 0x000000031c000000, 0x000000031c100000|  0%| F|  |TAMS 0x000000031c000000, 0x000000031c000000| Untracked 
| 441|0x000000031c100000, 0x000000031c100000, 0x000000031c200000|  0%| F|  |TAMS 0x000000031c100000, 0x000000031c100000| Untracked 
| 442|0x000000031c200000, 0x000000031c200000, 0x000000031c300000|  0%| F|  |TAMS 0x000000031c200000, 0x000000031c200000| Untracked 
| 443|0x000000031c300000, 0x000000031c400000, 0x000000031c400000|100%| O|  |TAMS 0x000000031c400000, 0x000000031c300000| Untracked 
| 444|0x000000031c400000, 0x000000031c400000, 0x000000031c500000|  0%| F|  |TAMS 0x000000031c400000, 0x000000031c400000| Untracked 
| 445|0x000000031c500000, 0x000000031c500000, 0x000000031c600000|  0%| F|  |TAMS 0x000000031c500000, 0x000000031c500000| Untracked 
| 446|0x000000031c600000, 0x000000031c600000, 0x000000031c700000|  0%| F|  |TAMS 0x000000031c600000, 0x000000031c600000| Untracked 
| 447|0x000000031c700000, 0x000000031c700000, 0x000000031c800000|  0%| F|  |TAMS 0x000000031c700000, 0x000000031c700000| Untracked 
| 448|0x000000031c800000, 0x000000031c800000, 0x000000031c900000|  0%| F|  |TAMS 0x000000031c800000, 0x000000031c800000| Untracked 
| 449|0x000000031c900000, 0x000000031c900000, 0x000000031ca00000|  0%| F|  |TAMS 0x000000031c900000, 0x000000031c900000| Untracked 
| 450|0x000000031ca00000, 0x000000031ca00000, 0x000000031cb00000|  0%| F|  |TAMS 0x000000031ca00000, 0x000000031ca00000| Untracked 
| 451|0x000000031cb00000, 0x000000031cb00000, 0x000000031cc00000|  0%| F|  |TAMS 0x000000031cb00000, 0x000000031cb00000| Untracked 
| 452|0x000000031cc00000, 0x000000031cc00000, 0x000000031cd00000|  0%| F|  |TAMS 0x000000031cc00000, 0x000000031cc00000| Untracked 
| 453|0x000000031cd00000, 0x000000031cd00000, 0x000000031ce00000|  0%| F|  |TAMS 0x000000031cd00000, 0x000000031cd00000| Untracked 
| 454|0x000000031ce00000, 0x000000031ce00000, 0x000000031cf00000|  0%| F|  |TAMS 0x000000031ce00000, 0x000000031ce00000| Untracked 
| 455|0x000000031cf00000, 0x000000031cf00000, 0x000000031d000000|  0%| F|  |TAMS 0x000000031cf00000, 0x000000031cf00000| Untracked 
| 456|0x000000031d000000, 0x000000031d000000, 0x000000031d100000|  0%| F|  |TAMS 0x000000031d000000, 0x000000031d000000| Untracked 
| 457|0x000000031d100000, 0x000000031d100000, 0x000000031d200000|  0%| F|  |TAMS 0x000000031d100000, 0x000000031d100000| Untracked 
| 458|0x000000031d200000, 0x000000031d200000, 0x000000031d300000|  0%| F|  |TAMS 0x000000031d200000, 0x000000031d200000| Untracked 
| 459|0x000000031d300000, 0x000000031d300000, 0x000000031d400000|  0%| F|  |TAMS 0x000000031d300000, 0x000000031d300000| Untracked 
| 460|0x000000031d400000, 0x000000031d400000, 0x000000031d500000|  0%| F|  |TAMS 0x000000031d400000, 0x000000031d400000| Untracked 
| 461|0x000000031d500000, 0x000000031d500000, 0x000000031d600000|  0%| F|  |TAMS 0x000000031d500000, 0x000000031d500000| Untracked 
| 462|0x000000031d600000, 0x000000031d600000, 0x000000031d700000|  0%| F|  |TAMS 0x000000031d600000, 0x000000031d600000| Untracked 
| 463|0x000000031d700000, 0x000000031d700000, 0x000000031d800000|  0%| F|  |TAMS 0x000000031d700000, 0x000000031d700000| Untracked 
| 464|0x000000031d800000, 0x000000031d800000, 0x000000031d900000|  0%| F|  |TAMS 0x000000031d800000, 0x000000031d800000| Untracked 
| 465|0x000000031d900000, 0x000000031d900000, 0x000000031da00000|  0%| F|  |TAMS 0x000000031d900000, 0x000000031d900000| Untracked 
| 466|0x000000031da00000, 0x000000031da00000, 0x000000031db00000|  0%| F|  |TAMS 0x000000031da00000, 0x000000031da00000| Untracked 
| 467|0x000000031db00000, 0x000000031db00000, 0x000000031dc00000|  0%| F|  |TAMS 0x000000031db00000, 0x000000031db00000| Untracked 
| 468|0x000000031dc00000, 0x000000031dc00000, 0x000000031dd00000|  0%| F|  |TAMS 0x000000031dc00000, 0x000000031dc00000| Untracked 
| 469|0x000000031dd00000, 0x000000031dd00000, 0x000000031de00000|  0%| F|  |TAMS 0x000000031dd00000, 0x000000031dd00000| Untracked 
| 470|0x000000031de00000, 0x000000031de00000, 0x000000031df00000|  0%| F|  |TAMS 0x000000031de00000, 0x000000031de00000| Untracked 
| 471|0x000000031df00000, 0x000000031df00000, 0x000000031e000000|  0%| F|  |TAMS 0x000000031df00000, 0x000000031df00000| Untracked 
| 472|0x000000031e000000, 0x000000031e000000, 0x000000031e100000|  0%| F|  |TAMS 0x000000031e000000, 0x000000031e000000| Untracked 
| 473|0x000000031e100000, 0x000000031e100000, 0x000000031e200000|  0%| F|  |TAMS 0x000000031e100000, 0x000000031e100000| Untracked 
| 474|0x000000031e200000, 0x000000031e200000, 0x000000031e300000|  0%| F|  |TAMS 0x000000031e200000, 0x000000031e200000| Untracked 
| 475|0x000000031e300000, 0x000000031e400000, 0x000000031e400000|100%| O|  |TAMS 0x000000031e400000, 0x000000031e300000| Untracked 
| 476|0x000000031e400000, 0x000000031e500000, 0x000000031e500000|100%| O|  |TAMS 0x000000031e500000, 0x000000031e400000| Untracked 
| 477|0x000000031e500000, 0x000000031e500000, 0x000000031e600000|  0%| F|  |TAMS 0x000000031e500000, 0x000000031e500000| Untracked 
| 478|0x000000031e600000, 0x000000031e700000, 0x000000031e700000|100%| O|  |TAMS 0x000000031e700000, 0x000000031e600000| Untracked 
| 479|0x000000031e700000, 0x000000031e700000, 0x000000031e800000|  0%| F|  |TAMS 0x000000031e700000, 0x000000031e700000| Untracked 
| 480|0x000000031e800000, 0x000000031e800000, 0x000000031e900000|  0%| F|  |TAMS 0x000000031e800000, 0x000000031e800000| Untracked 
| 481|0x000000031e900000, 0x000000031e900000, 0x000000031ea00000|  0%| F|  |TAMS 0x000000031e900000, 0x000000031e900000| Untracked 
| 482|0x000000031ea00000, 0x000000031ea00000, 0x000000031eb00000|  0%| F|  |TAMS 0x000000031ea00000, 0x000000031ea00000| Untracked 
| 483|0x000000031eb00000, 0x000000031eb00000, 0x000000031ec00000|  0%| F|  |TAMS 0x000000031eb00000, 0x000000031eb00000| Untracked 
| 484|0x000000031ec00000, 0x000000031ec00000, 0x000000031ed00000|  0%| F|  |TAMS 0x000000031ec00000, 0x000000031ec00000| Untracked 
| 485|0x000000031ed00000, 0x000000031ee00000, 0x000000031ee00000|100%| O|  |TAMS 0x000000031ee00000, 0x000000031ed00000| Untracked 
| 486|0x000000031ee00000, 0x000000031ee00000, 0x000000031ef00000|  0%| F|  |TAMS 0x000000031ee00000, 0x000000031ee00000| Untracked 
| 487|0x000000031ef00000, 0x000000031ef00000, 0x000000031f000000|  0%| F|  |TAMS 0x000000031ef00000, 0x000000031ef00000| Untracked 
| 488|0x000000031f000000, 0x000000031f000000, 0x000000031f100000|  0%| F|  |TAMS 0x000000031f000000, 0x000000031f000000| Untracked 
| 489|0x000000031f100000, 0x000000031f100000, 0x000000031f200000|  0%| F|  |TAMS 0x000000031f100000, 0x000000031f100000| Untracked 
| 490|0x000000031f200000, 0x000000031f200000, 0x000000031f300000|  0%| F|  |TAMS 0x000000031f200000, 0x000000031f200000| Untracked 
| 491|0x000000031f300000, 0x000000031f300000, 0x000000031f400000|  0%| F|  |TAMS 0x000000031f300000, 0x000000031f300000| Untracked 
| 492|0x000000031f400000, 0x000000031f400000, 0x000000031f500000|  0%| F|  |TAMS 0x000000031f400000, 0x000000031f400000| Untracked 
| 493|0x000000031f500000, 0x000000031f500000, 0x000000031f600000|  0%| F|  |TAMS 0x000000031f500000, 0x000000031f500000| Untracked 
| 494|0x000000031f600000, 0x000000031f600000, 0x000000031f700000|  0%| F|  |TAMS 0x000000031f600000, 0x000000031f600000| Untracked 
| 495|0x000000031f700000, 0x000000031f800000, 0x000000031f800000|100%| O|  |TAMS 0x000000031f800000, 0x000000031f700000| Untracked 
| 496|0x000000031f800000, 0x000000031f900000, 0x000000031f900000|100%| O|  |TAMS 0x000000031f900000, 0x000000031f800000| Untracked 
| 497|0x000000031f900000, 0x000000031fa00000, 0x000000031fa00000|100%| O|  |TAMS 0x000000031fa00000, 0x000000031f900000| Untracked 
| 498|0x000000031fa00000, 0x000000031fa00000, 0x000000031fb00000|  0%| F|  |TAMS 0x000000031fa00000, 0x000000031fa00000| Untracked 
| 499|0x000000031fb00000, 0x000000031fb00000, 0x000000031fc00000|  0%| F|  |TAMS 0x000000031fb00000, 0x000000031fb00000| Untracked 
| 500|0x000000031fc00000, 0x000000031fc00000, 0x000000031fd00000|  0%| F|  |TAMS 0x000000031fc00000, 0x000000031fc00000| Untracked 
| 501|0x000000031fd00000, 0x000000031fd00000, 0x000000031fe00000|  0%| F|  |TAMS 0x000000031fd00000, 0x000000031fd00000| Untracked 
| 502|0x000000031fe00000, 0x000000031fe00000, 0x000000031ff00000|  0%| F|  |TAMS 0x000000031fe00000, 0x000000031fe00000| Untracked 
| 503|0x000000031ff00000, 0x000000031ff00000, 0x0000000320000000|  0%| F|  |TAMS 0x000000031ff00000, 0x000000031ff00000| Untracked 
| 504|0x0000000320000000, 0x0000000320000000, 0x0000000320100000|  0%| F|  |TAMS 0x0000000320000000, 0x0000000320000000| Untracked 
| 505|0x0000000320100000, 0x0000000320100000, 0x0000000320200000|  0%| F|  |TAMS 0x0000000320100000, 0x0000000320100000| Untracked 
| 506|0x0000000320200000, 0x0000000320200000, 0x0000000320300000|  0%| F|  |TAMS 0x0000000320200000, 0x0000000320200000| Untracked 
| 507|0x0000000320300000, 0x0000000320300000, 0x0000000320400000|  0%| F|  |TAMS 0x0000000320300000, 0x0000000320300000| Untracked 
| 508|0x0000000320400000, 0x0000000320400000, 0x0000000320500000|  0%| F|  |TAMS 0x0000000320400000, 0x0000000320400000| Untracked 
| 509|0x0000000320500000, 0x0000000320500000, 0x0000000320600000|  0%| F|  |TAMS 0x0000000320500000, 0x0000000320500000| Untracked 
| 510|0x0000000320600000, 0x0000000320600000, 0x0000000320700000|  0%| F|  |TAMS 0x0000000320600000, 0x0000000320600000| Untracked 
| 511|0x0000000320700000, 0x0000000320700000, 0x0000000320800000|  0%| F|  |TAMS 0x0000000320700000, 0x0000000320700000| Untracked 
| 512|0x0000000320800000, 0x0000000320800000, 0x0000000320900000|  0%| F|  |TAMS 0x0000000320800000, 0x0000000320800000| Untracked 
| 513|0x0000000320900000, 0x0000000320900000, 0x0000000320a00000|  0%| F|  |TAMS 0x0000000320900000, 0x0000000320900000| Untracked 
| 514|0x0000000320a00000, 0x0000000320a00000, 0x0000000320b00000|  0%| F|  |TAMS 0x0000000320a00000, 0x0000000320a00000| Untracked 
| 515|0x0000000320b00000, 0x0000000320b00000, 0x0000000320c00000|  0%| F|  |TAMS 0x0000000320b00000, 0x0000000320b00000| Untracked 
| 516|0x0000000320c00000, 0x0000000320c00000, 0x0000000320d00000|  0%| F|  |TAMS 0x0000000320c00000, 0x0000000320c00000| Untracked 
| 517|0x0000000320d00000, 0x0000000320d00000, 0x0000000320e00000|  0%| F|  |TAMS 0x0000000320d00000, 0x0000000320d00000| Untracked 
| 518|0x0000000320e00000, 0x0000000320e00000, 0x0000000320f00000|  0%| F|  |TAMS 0x0000000320e00000, 0x0000000320e00000| Untracked 
| 519|0x0000000320f00000, 0x0000000320f00000, 0x0000000321000000|  0%| F|  |TAMS 0x0000000320f00000, 0x0000000320f00000| Untracked 
| 520|0x0000000321000000, 0x0000000321000000, 0x0000000321100000|  0%| F|  |TAMS 0x0000000321000000, 0x0000000321000000| Untracked 
| 521|0x0000000321100000, 0x0000000321100000, 0x0000000321200000|  0%| F|  |TAMS 0x0000000321100000, 0x0000000321100000| Untracked 
| 522|0x0000000321200000, 0x0000000321200000, 0x0000000321300000|  0%| F|  |TAMS 0x0000000321200000, 0x0000000321200000| Untracked 
| 523|0x0000000321300000, 0x0000000321300000, 0x0000000321400000|  0%| F|  |TAMS 0x0000000321300000, 0x0000000321300000| Untracked 
| 524|0x0000000321400000, 0x0000000321400000, 0x0000000321500000|  0%| F|  |TAMS 0x0000000321400000, 0x0000000321400000| Untracked 
| 525|0x0000000321500000, 0x0000000321500000, 0x0000000321600000|  0%| F|  |TAMS 0x0000000321500000, 0x0000000321500000| Untracked 
| 526|0x0000000321600000, 0x0000000321600000, 0x0000000321700000|  0%| F|  |TAMS 0x0000000321600000, 0x0000000321600000| Untracked 
| 527|0x0000000321700000, 0x0000000321700000, 0x0000000321800000|  0%| F|  |TAMS 0x0000000321700000, 0x0000000321700000| Untracked 
| 528|0x0000000321800000, 0x0000000321800000, 0x0000000321900000|  0%| F|  |TAMS 0x0000000321800000, 0x0000000321800000| Untracked 
| 529|0x0000000321900000, 0x0000000321900000, 0x0000000321a00000|  0%| F|  |TAMS 0x0000000321900000, 0x0000000321900000| Untracked 
| 530|0x0000000321a00000, 0x0000000321a00000, 0x0000000321b00000|  0%| F|  |TAMS 0x0000000321a00000, 0x0000000321a00000| Untracked 
| 531|0x0000000321b00000, 0x0000000321b00000, 0x0000000321c00000|  0%| F|  |TAMS 0x0000000321b00000, 0x0000000321b00000| Untracked 
| 532|0x0000000321c00000, 0x0000000321c00000, 0x0000000321d00000|  0%| F|  |TAMS 0x0000000321c00000, 0x0000000321c00000| Untracked 
| 533|0x0000000321d00000, 0x0000000321d00000, 0x0000000321e00000|  0%| F|  |TAMS 0x0000000321d00000, 0x0000000321d00000| Untracked 
| 534|0x0000000321e00000, 0x0000000321e00000, 0x0000000321f00000|  0%| F|  |TAMS 0x0000000321e00000, 0x0000000321e00000| Untracked 
| 535|0x0000000321f00000, 0x0000000321f00000, 0x0000000322000000|  0%| F|  |TAMS 0x0000000321f00000, 0x0000000321f00000| Untracked 
| 536|0x0000000322000000, 0x0000000322000000, 0x0000000322100000|  0%| F|  |TAMS 0x0000000322000000, 0x0000000322000000| Untracked 
| 537|0x0000000322100000, 0x0000000322100000, 0x0000000322200000|  0%| F|  |TAMS 0x0000000322100000, 0x0000000322100000| Untracked 
| 538|0x0000000322200000, 0x0000000322200000, 0x0000000322300000|  0%| F|  |TAMS 0x0000000322200000, 0x0000000322200000| Untracked 
| 539|0x0000000322300000, 0x0000000322300000, 0x0000000322400000|  0%| F|  |TAMS 0x0000000322300000, 0x0000000322300000| Untracked 
| 540|0x0000000322400000, 0x0000000322400000, 0x0000000322500000|  0%| F|  |TAMS 0x0000000322400000, 0x0000000322400000| Untracked 
| 541|0x0000000322500000, 0x0000000322500000, 0x0000000322600000|  0%| F|  |TAMS 0x0000000322500000, 0x0000000322500000| Untracked 
| 542|0x0000000322600000, 0x0000000322600000, 0x0000000322700000|  0%| F|  |TAMS 0x0000000322600000, 0x0000000322600000| Untracked 
| 543|0x0000000322700000, 0x0000000322700000, 0x0000000322800000|  0%| F|  |TAMS 0x0000000322700000, 0x0000000322700000| Untracked 
| 544|0x0000000322800000, 0x0000000322800000, 0x0000000322900000|  0%| F|  |TAMS 0x0000000322800000, 0x0000000322800000| Untracked 
| 545|0x0000000322900000, 0x0000000322900000, 0x0000000322a00000|  0%| F|  |TAMS 0x0000000322900000, 0x0000000322900000| Untracked 
| 546|0x0000000322a00000, 0x0000000322a00000, 0x0000000322b00000|  0%| F|  |TAMS 0x0000000322a00000, 0x0000000322a00000| Untracked 
| 547|0x0000000322b00000, 0x0000000322b00000, 0x0000000322c00000|  0%| F|  |TAMS 0x0000000322b00000, 0x0000000322b00000| Untracked 
| 548|0x0000000322c00000, 0x0000000322c00000, 0x0000000322d00000|  0%| F|  |TAMS 0x0000000322c00000, 0x0000000322c00000| Untracked 
| 549|0x0000000322d00000, 0x0000000322d00000, 0x0000000322e00000|  0%| F|  |TAMS 0x0000000322d00000, 0x0000000322d00000| Untracked 
| 550|0x0000000322e00000, 0x0000000322e00000, 0x0000000322f00000|  0%| F|  |TAMS 0x0000000322e00000, 0x0000000322e00000| Untracked 
| 551|0x0000000322f00000, 0x0000000323000000, 0x0000000323000000|100%| O|  |TAMS 0x0000000323000000, 0x0000000322f00000| Untracked 
| 552|0x0000000323000000, 0x0000000323000000, 0x0000000323100000|  0%| F|  |TAMS 0x0000000323000000, 0x0000000323000000| Untracked 
| 553|0x0000000323100000, 0x0000000323100000, 0x0000000323200000|  0%| F|  |TAMS 0x0000000323100000, 0x0000000323100000| Untracked 
| 554|0x0000000323200000, 0x0000000323200000, 0x0000000323300000|  0%| F|  |TAMS 0x0000000323200000, 0x0000000323200000| Untracked 
| 555|0x0000000323300000, 0x0000000323300000, 0x0000000323400000|  0%| F|  |TAMS 0x0000000323300000, 0x0000000323300000| Untracked 
| 556|0x0000000323400000, 0x0000000323400000, 0x0000000323500000|  0%| F|  |TAMS 0x0000000323400000, 0x0000000323400000| Untracked 
| 557|0x0000000323500000, 0x0000000323500000, 0x0000000323600000|  0%| F|  |TAMS 0x0000000323500000, 0x0000000323500000| Untracked 
| 558|0x0000000323600000, 0x0000000323600000, 0x0000000323700000|  0%| F|  |TAMS 0x0000000323600000, 0x0000000323600000| Untracked 
| 559|0x0000000323700000, 0x0000000323700000, 0x0000000323800000|  0%| F|  |TAMS 0x0000000323700000, 0x0000000323700000| Untracked 
| 560|0x0000000323800000, 0x0000000323800000, 0x0000000323900000|  0%| F|  |TAMS 0x0000000323800000, 0x0000000323800000| Untracked 
| 561|0x0000000323900000, 0x0000000323900000, 0x0000000323a00000|  0%| F|  |TAMS 0x0000000323900000, 0x0000000323900000| Untracked 
| 562|0x0000000323a00000, 0x0000000323b00000, 0x0000000323b00000|100%| O|  |TAMS 0x0000000323b00000, 0x0000000323a00000| Untracked 
| 563|0x0000000323b00000, 0x0000000323b00000, 0x0000000323c00000|  0%| F|  |TAMS 0x0000000323b00000, 0x0000000323b00000| Untracked 
| 564|0x0000000323c00000, 0x0000000323c00000, 0x0000000323d00000|  0%| F|  |TAMS 0x0000000323c00000, 0x0000000323c00000| Untracked 
| 565|0x0000000323d00000, 0x0000000323e00000, 0x0000000323e00000|100%| O|  |TAMS 0x0000000323e00000, 0x0000000323d00000| Untracked 
| 566|0x0000000323e00000, 0x0000000323e00000, 0x0000000323f00000|  0%| F|  |TAMS 0x0000000323e00000, 0x0000000323e00000| Untracked 
| 567|0x0000000323f00000, 0x0000000324000000, 0x0000000324000000|100%| O|  |TAMS 0x0000000324000000, 0x0000000323f00000| Untracked 
| 568|0x0000000324000000, 0x0000000324100000, 0x0000000324100000|100%| O|  |TAMS 0x0000000324100000, 0x0000000324000000| Untracked 
| 569|0x0000000324100000, 0x0000000324100000, 0x0000000324200000|  0%| F|  |TAMS 0x0000000324100000, 0x0000000324100000| Untracked 
| 570|0x0000000324200000, 0x0000000324200000, 0x0000000324300000|  0%| F|  |TAMS 0x0000000324200000, 0x0000000324200000| Untracked 
| 571|0x0000000324300000, 0x0000000324300000, 0x0000000324400000|  0%| F|  |TAMS 0x0000000324300000, 0x0000000324300000| Untracked 
| 572|0x0000000324400000, 0x0000000324400000, 0x0000000324500000|  0%| F|  |TAMS 0x0000000324400000, 0x0000000324400000| Untracked 
| 573|0x0000000324500000, 0x0000000324500000, 0x0000000324600000|  0%| F|  |TAMS 0x0000000324500000, 0x0000000324500000| Untracked 
| 574|0x0000000324600000, 0x0000000324600000, 0x0000000324700000|  0%| F|  |TAMS 0x0000000324600000, 0x0000000324600000| Untracked 
| 575|0x0000000324700000, 0x0000000324700000, 0x0000000324800000|  0%| F|  |TAMS 0x0000000324700000, 0x0000000324700000| Untracked 
| 576|0x0000000324800000, 0x0000000324800000, 0x0000000324900000|  0%| F|  |TAMS 0x0000000324800000, 0x0000000324800000| Untracked 
| 577|0x0000000324900000, 0x0000000324900000, 0x0000000324a00000|  0%| F|  |TAMS 0x0000000324900000, 0x0000000324900000| Untracked 
| 578|0x0000000324a00000, 0x0000000324a00000, 0x0000000324b00000|  0%| F|  |TAMS 0x0000000324a00000, 0x0000000324a00000| Untracked 
| 579|0x0000000324b00000, 0x0000000324b00000, 0x0000000324c00000|  0%| F|  |TAMS 0x0000000324b00000, 0x0000000324b00000| Untracked 
| 580|0x0000000324c00000, 0x0000000324c00000, 0x0000000324d00000|  0%| F|  |TAMS 0x0000000324c00000, 0x0000000324c00000| Untracked 
| 581|0x0000000324d00000, 0x0000000324d00000, 0x0000000324e00000|  0%| F|  |TAMS 0x0000000324d00000, 0x0000000324d00000| Untracked 
| 582|0x0000000324e00000, 0x0000000324e00000, 0x0000000324f00000|  0%| F|  |TAMS 0x0000000324e00000, 0x0000000324e00000| Untracked 
| 583|0x0000000324f00000, 0x0000000324f00000, 0x0000000325000000|  0%| F|  |TAMS 0x0000000324f00000, 0x0000000324f00000| Untracked 
| 584|0x0000000325000000, 0x0000000325000000, 0x0000000325100000|  0%| F|  |TAMS 0x0000000325000000, 0x0000000325000000| Untracked 
| 585|0x0000000325100000, 0x0000000325100000, 0x0000000325200000|  0%| F|  |TAMS 0x0000000325100000, 0x0000000325100000| Untracked 
| 586|0x0000000325200000, 0x0000000325200000, 0x0000000325300000|  0%| F|  |TAMS 0x0000000325200000, 0x0000000325200000| Untracked 
| 587|0x0000000325300000, 0x0000000325300000, 0x0000000325400000|  0%| F|  |TAMS 0x0000000325300000, 0x0000000325300000| Untracked 
| 588|0x0000000325400000, 0x0000000325400000, 0x0000000325500000|  0%| F|  |TAMS 0x0000000325400000, 0x0000000325400000| Untracked 
| 589|0x0000000325500000, 0x0000000325500000, 0x0000000325600000|  0%| F|  |TAMS 0x0000000325500000, 0x0000000325500000| Untracked 
| 590|0x0000000325600000, 0x0000000325600000, 0x0000000325700000|  0%| F|  |TAMS 0x0000000325600000, 0x0000000325600000| Untracked 
| 591|0x0000000325700000, 0x0000000325700000, 0x0000000325800000|  0%| F|  |TAMS 0x0000000325700000, 0x0000000325700000| Untracked 
| 592|0x0000000325800000, 0x0000000325800000, 0x0000000325900000|  0%| F|  |TAMS 0x0000000325800000, 0x0000000325800000| Untracked 
| 593|0x0000000325900000, 0x0000000325900000, 0x0000000325a00000|  0%| F|  |TAMS 0x0000000325900000, 0x0000000325900000| Untracked 
| 594|0x0000000325a00000, 0x0000000325a00000, 0x0000000325b00000|  0%| F|  |TAMS 0x0000000325a00000, 0x0000000325a00000| Untracked 
| 595|0x0000000325b00000, 0x0000000325b00000, 0x0000000325c00000|  0%| F|  |TAMS 0x0000000325b00000, 0x0000000325b00000| Untracked 
| 596|0x0000000325c00000, 0x0000000325c00000, 0x0000000325d00000|  0%| F|  |TAMS 0x0000000325c00000, 0x0000000325c00000| Untracked 
| 597|0x0000000325d00000, 0x0000000325d00000, 0x0000000325e00000|  0%| F|  |TAMS 0x0000000325d00000, 0x0000000325d00000| Untracked 
| 598|0x0000000325e00000, 0x0000000325e00000, 0x0000000325f00000|  0%| F|  |TAMS 0x0000000325e00000, 0x0000000325e00000| Untracked 
| 599|0x0000000325f00000, 0x0000000325f00000, 0x0000000326000000|  0%| F|  |TAMS 0x0000000325f00000, 0x0000000325f00000| Untracked 
| 600|0x0000000326000000, 0x0000000326000000, 0x0000000326100000|  0%| F|  |TAMS 0x0000000326000000, 0x0000000326000000| Untracked 
| 601|0x0000000326100000, 0x0000000326100000, 0x0000000326200000|  0%| F|  |TAMS 0x0000000326100000, 0x0000000326100000| Untracked 
| 602|0x0000000326200000, 0x0000000326200000, 0x0000000326300000|  0%| F|  |TAMS 0x0000000326200000, 0x0000000326200000| Untracked 
| 603|0x0000000326300000, 0x0000000326300000, 0x0000000326400000|  0%| F|  |TAMS 0x0000000326300000, 0x0000000326300000| Untracked 
| 604|0x0000000326400000, 0x0000000326400000, 0x0000000326500000|  0%| F|  |TAMS 0x0000000326400000, 0x0000000326400000| Untracked 
| 605|0x0000000326500000, 0x0000000326500000, 0x0000000326600000|  0%| F|  |TAMS 0x0000000326500000, 0x0000000326500000| Untracked 
| 606|0x0000000326600000, 0x0000000326600000, 0x0000000326700000|  0%| F|  |TAMS 0x0000000326600000, 0x0000000326600000| Untracked 
| 607|0x0000000326700000, 0x0000000326700000, 0x0000000326800000|  0%| F|  |TAMS 0x0000000326700000, 0x0000000326700000| Untracked 
| 608|0x0000000326800000, 0x0000000326800000, 0x0000000326900000|  0%| F|  |TAMS 0x0000000326800000, 0x0000000326800000| Untracked 
| 609|0x0000000326900000, 0x0000000326900000, 0x0000000326a00000|  0%| F|  |TAMS 0x0000000326900000, 0x0000000326900000| Untracked 
| 610|0x0000000326a00000, 0x0000000326a00000, 0x0000000326b00000|  0%| F|  |TAMS 0x0000000326a00000, 0x0000000326a00000| Untracked 
| 611|0x0000000326b00000, 0x0000000326b00000, 0x0000000326c00000|  0%| F|  |TAMS 0x0000000326b00000, 0x0000000326b00000| Untracked 
| 612|0x0000000326c00000, 0x0000000326c00000, 0x0000000326d00000|  0%| F|  |TAMS 0x0000000326c00000, 0x0000000326c00000| Untracked 
| 613|0x0000000326d00000, 0x0000000326d00000, 0x0000000326e00000|  0%| F|  |TAMS 0x0000000326d00000, 0x0000000326d00000| Untracked 
| 614|0x0000000326e00000, 0x0000000326e00000, 0x0000000326f00000|  0%| F|  |TAMS 0x0000000326e00000, 0x0000000326e00000| Untracked 
| 615|0x0000000326f00000, 0x0000000326f00000, 0x0000000327000000|  0%| F|  |TAMS 0x0000000326f00000, 0x0000000326f00000| Untracked 
| 616|0x0000000327000000, 0x0000000327000000, 0x0000000327100000|  0%| F|  |TAMS 0x0000000327000000, 0x0000000327000000| Untracked 
| 617|0x0000000327100000, 0x0000000327100000, 0x0000000327200000|  0%| F|  |TAMS 0x0000000327100000, 0x0000000327100000| Untracked 
| 618|0x0000000327200000, 0x0000000327200000, 0x0000000327300000|  0%| F|  |TAMS 0x0000000327200000, 0x0000000327200000| Untracked 
| 619|0x0000000327300000, 0x0000000327300000, 0x0000000327400000|  0%| F|  |TAMS 0x0000000327300000, 0x0000000327300000| Untracked 
| 620|0x0000000327400000, 0x0000000327400000, 0x0000000327500000|  0%| F|  |TAMS 0x0000000327400000, 0x0000000327400000| Untracked 
| 621|0x0000000327500000, 0x0000000327500000, 0x0000000327600000|  0%| F|  |TAMS 0x0000000327500000, 0x0000000327500000| Untracked 
| 622|0x0000000327600000, 0x0000000327600000, 0x0000000327700000|  0%| F|  |TAMS 0x0000000327600000, 0x0000000327600000| Untracked 
| 623|0x0000000327700000, 0x0000000327700000, 0x0000000327800000|  0%| F|  |TAMS 0x0000000327700000, 0x0000000327700000| Untracked 
| 624|0x0000000327800000, 0x0000000327800000, 0x0000000327900000|  0%| F|  |TAMS 0x0000000327800000, 0x0000000327800000| Untracked 
| 625|0x0000000327900000, 0x0000000327900000, 0x0000000327a00000|  0%| F|  |TAMS 0x0000000327900000, 0x0000000327900000| Untracked 
| 626|0x0000000327a00000, 0x0000000327a00000, 0x0000000327b00000|  0%| F|  |TAMS 0x0000000327a00000, 0x0000000327a00000| Untracked 
| 627|0x0000000327b00000, 0x0000000327b00000, 0x0000000327c00000|  0%| F|  |TAMS 0x0000000327b00000, 0x0000000327b00000| Untracked 
| 628|0x0000000327c00000, 0x0000000327c00000, 0x0000000327d00000|  0%| F|  |TAMS 0x0000000327c00000, 0x0000000327c00000| Untracked 
| 629|0x0000000327d00000, 0x0000000327d00000, 0x0000000327e00000|  0%| F|  |TAMS 0x0000000327d00000, 0x0000000327d00000| Untracked 
| 630|0x0000000327e00000, 0x0000000327f00000, 0x0000000327f00000|100%| O|  |TAMS 0x0000000327f00000, 0x0000000327e00000| Untracked 
| 631|0x0000000327f00000, 0x0000000328000000, 0x0000000328000000|100%| O|  |TAMS 0x0000000328000000, 0x0000000327f00000| Untracked 
| 632|0x0000000328000000, 0x0000000328100000, 0x0000000328100000|100%| O|  |TAMS 0x0000000328100000, 0x0000000328000000| Untracked 
| 633|0x0000000328100000, 0x0000000328200000, 0x0000000328200000|100%| O|  |TAMS 0x0000000328200000, 0x0000000328100000| Untracked 
| 634|0x0000000328200000, 0x0000000328300000, 0x0000000328300000|100%| O|  |TAMS 0x0000000328300000, 0x0000000328200000| Untracked 
| 635|0x0000000328300000, 0x0000000328400000, 0x0000000328400000|100%| O|  |TAMS 0x0000000328400000, 0x0000000328300000| Untracked 
| 636|0x0000000328400000, 0x0000000328500000, 0x0000000328500000|100%| O|  |TAMS 0x0000000328500000, 0x0000000328400000| Untracked 
| 637|0x0000000328500000, 0x0000000328600000, 0x0000000328600000|100%| O|  |TAMS 0x0000000328600000, 0x0000000328500000| Untracked 
| 638|0x0000000328600000, 0x0000000328600000, 0x0000000328700000|  0%| F|  |TAMS 0x0000000328600000, 0x0000000328600000| Untracked 
| 639|0x0000000328700000, 0x0000000328700000, 0x0000000328800000|  0%| F|  |TAMS 0x0000000328700000, 0x0000000328700000| Untracked 
| 640|0x0000000328800000, 0x0000000328800000, 0x0000000328900000|  0%| F|  |TAMS 0x0000000328800000, 0x0000000328800000| Untracked 
| 641|0x0000000328900000, 0x0000000328900000, 0x0000000328a00000|  0%| F|  |TAMS 0x0000000328900000, 0x0000000328900000| Untracked 
| 642|0x0000000328a00000, 0x0000000328a00000, 0x0000000328b00000|  0%| F|  |TAMS 0x0000000328a00000, 0x0000000328a00000| Untracked 
| 643|0x0000000328b00000, 0x0000000328b00000, 0x0000000328c00000|  0%| F|  |TAMS 0x0000000328b00000, 0x0000000328b00000| Untracked 
| 644|0x0000000328c00000, 0x0000000328c00000, 0x0000000328d00000|  0%| F|  |TAMS 0x0000000328c00000, 0x0000000328c00000| Untracked 
| 645|0x0000000328d00000, 0x0000000328d00000, 0x0000000328e00000|  0%| F|  |TAMS 0x0000000328d00000, 0x0000000328d00000| Untracked 
| 646|0x0000000328e00000, 0x0000000328e00000, 0x0000000328f00000|  0%| F|  |TAMS 0x0000000328e00000, 0x0000000328e00000| Untracked 
| 647|0x0000000328f00000, 0x0000000328f00000, 0x0000000329000000|  0%| F|  |TAMS 0x0000000328f00000, 0x0000000328f00000| Untracked 
| 648|0x0000000329000000, 0x0000000329000000, 0x0000000329100000|  0%| F|  |TAMS 0x0000000329000000, 0x0000000329000000| Untracked 
| 649|0x0000000329100000, 0x0000000329100000, 0x0000000329200000|  0%| F|  |TAMS 0x0000000329100000, 0x0000000329100000| Untracked 
| 650|0x0000000329200000, 0x0000000329200000, 0x0000000329300000|  0%| F|  |TAMS 0x0000000329200000, 0x0000000329200000| Untracked 
| 651|0x0000000329300000, 0x0000000329300000, 0x0000000329400000|  0%| F|  |TAMS 0x0000000329300000, 0x0000000329300000| Untracked 
| 652|0x0000000329400000, 0x0000000329400000, 0x0000000329500000|  0%| F|  |TAMS 0x0000000329400000, 0x0000000329400000| Untracked 
| 653|0x0000000329500000, 0x0000000329500000, 0x0000000329600000|  0%| F|  |TAMS 0x0000000329500000, 0x0000000329500000| Untracked 
| 654|0x0000000329600000, 0x0000000329600000, 0x0000000329700000|  0%| F|  |TAMS 0x0000000329600000, 0x0000000329600000| Untracked 
| 655|0x0000000329700000, 0x0000000329700000, 0x0000000329800000|  0%| F|  |TAMS 0x0000000329700000, 0x0000000329700000| Untracked 
| 656|0x0000000329800000, 0x0000000329800000, 0x0000000329900000|  0%| F|  |TAMS 0x0000000329800000, 0x0000000329800000| Untracked 
| 657|0x0000000329900000, 0x0000000329900000, 0x0000000329a00000|  0%| F|  |TAMS 0x0000000329900000, 0x0000000329900000| Untracked 
| 658|0x0000000329a00000, 0x0000000329a00000, 0x0000000329b00000|  0%| F|  |TAMS 0x0000000329a00000, 0x0000000329a00000| Untracked 
| 659|0x0000000329b00000, 0x0000000329b00000, 0x0000000329c00000|  0%| F|  |TAMS 0x0000000329b00000, 0x0000000329b00000| Untracked 
| 660|0x0000000329c00000, 0x0000000329c00000, 0x0000000329d00000|  0%| F|  |TAMS 0x0000000329c00000, 0x0000000329c00000| Untracked 
| 661|0x0000000329d00000, 0x0000000329d00000, 0x0000000329e00000|  0%| F|  |TAMS 0x0000000329d00000, 0x0000000329d00000| Untracked 
| 662|0x0000000329e00000, 0x0000000329e00000, 0x0000000329f00000|  0%| F|  |TAMS 0x0000000329e00000, 0x0000000329e00000| Untracked 
| 663|0x0000000329f00000, 0x0000000329f00000, 0x000000032a000000|  0%| F|  |TAMS 0x0000000329f00000, 0x0000000329f00000| Untracked 
| 664|0x000000032a000000, 0x000000032a000000, 0x000000032a100000|  0%| F|  |TAMS 0x000000032a000000, 0x000000032a000000| Untracked 
| 665|0x000000032a100000, 0x000000032a100000, 0x000000032a200000|  0%| F|  |TAMS 0x000000032a100000, 0x000000032a100000| Untracked 
| 666|0x000000032a200000, 0x000000032a200000, 0x000000032a300000|  0%| F|  |TAMS 0x000000032a200000, 0x000000032a200000| Untracked 
| 667|0x000000032a300000, 0x000000032a300000, 0x000000032a400000|  0%| F|  |TAMS 0x000000032a300000, 0x000000032a300000| Untracked 
| 668|0x000000032a400000, 0x000000032a400000, 0x000000032a500000|  0%| F|  |TAMS 0x000000032a400000, 0x000000032a400000| Untracked 
| 669|0x000000032a500000, 0x000000032a500000, 0x000000032a600000|  0%| F|  |TAMS 0x000000032a500000, 0x000000032a500000| Untracked 
| 670|0x000000032a600000, 0x000000032a600000, 0x000000032a700000|  0%| F|  |TAMS 0x000000032a600000, 0x000000032a600000| Untracked 
| 671|0x000000032a700000, 0x000000032a700000, 0x000000032a800000|  0%| F|  |TAMS 0x000000032a700000, 0x000000032a700000| Untracked 
| 672|0x000000032a800000, 0x000000032a800000, 0x000000032a900000|  0%| F|  |TAMS 0x000000032a800000, 0x000000032a800000| Untracked 
| 673|0x000000032a900000, 0x000000032a900000, 0x000000032aa00000|  0%| F|  |TAMS 0x000000032a900000, 0x000000032a900000| Untracked 
| 674|0x000000032aa00000, 0x000000032aa00000, 0x000000032ab00000|  0%| F|  |TAMS 0x000000032aa00000, 0x000000032aa00000| Untracked 
| 675|0x000000032ab00000, 0x000000032ac00000, 0x000000032ac00000|100%| O|  |TAMS 0x000000032ac00000, 0x000000032ab00000| Untracked 
| 676|0x000000032ac00000, 0x000000032ad00000, 0x000000032ad00000|100%| O|  |TAMS 0x000000032ad00000, 0x000000032ac00000| Untracked 
| 677|0x000000032ad00000, 0x000000032ae00000, 0x000000032ae00000|100%| O|  |TAMS 0x000000032ae00000, 0x000000032ad00000| Untracked 
| 678|0x000000032ae00000, 0x000000032af00000, 0x000000032af00000|100%| O|  |TAMS 0x000000032af00000, 0x000000032ae00000| Untracked 
| 679|0x000000032af00000, 0x000000032af00000, 0x000000032b000000|  0%| F|  |TAMS 0x000000032af00000, 0x000000032af00000| Untracked 
| 680|0x000000032b000000, 0x000000032b000000, 0x000000032b100000|  0%| F|  |TAMS 0x000000032b000000, 0x000000032b000000| Untracked 
| 681|0x000000032b100000, 0x000000032b100000, 0x000000032b200000|  0%| F|  |TAMS 0x000000032b100000, 0x000000032b100000| Untracked 
| 682|0x000000032b200000, 0x000000032b200000, 0x000000032b300000|  0%| F|  |TAMS 0x000000032b200000, 0x000000032b200000| Untracked 
| 683|0x000000032b300000, 0x000000032b300000, 0x000000032b400000|  0%| F|  |TAMS 0x000000032b300000, 0x000000032b300000| Untracked 
| 684|0x000000032b400000, 0x000000032b400000, 0x000000032b500000|  0%| F|  |TAMS 0x000000032b400000, 0x000000032b400000| Untracked 
| 685|0x000000032b500000, 0x000000032b500000, 0x000000032b600000|  0%| F|  |TAMS 0x000000032b500000, 0x000000032b500000| Untracked 
| 686|0x000000032b600000, 0x000000032b600000, 0x000000032b700000|  0%| F|  |TAMS 0x000000032b600000, 0x000000032b600000| Untracked 
| 687|0x000000032b700000, 0x000000032b700000, 0x000000032b800000|  0%| F|  |TAMS 0x000000032b700000, 0x000000032b700000| Untracked 
| 688|0x000000032b800000, 0x000000032b800000, 0x000000032b900000|  0%| F|  |TAMS 0x000000032b800000, 0x000000032b800000| Untracked 
| 689|0x000000032b900000, 0x000000032b900000, 0x000000032ba00000|  0%| F|  |TAMS 0x000000032b900000, 0x000000032b900000| Untracked 
| 690|0x000000032ba00000, 0x000000032ba00000, 0x000000032bb00000|  0%| F|  |TAMS 0x000000032ba00000, 0x000000032ba00000| Untracked 
| 691|0x000000032bb00000, 0x000000032bb00000, 0x000000032bc00000|  0%| F|  |TAMS 0x000000032bb00000, 0x000000032bb00000| Untracked 
| 692|0x000000032bc00000, 0x000000032bd00000, 0x000000032bd00000|100%| O|  |TAMS 0x000000032bd00000, 0x000000032bc00000| Untracked 
| 693|0x000000032bd00000, 0x000000032be00000, 0x000000032be00000|100%| O|  |TAMS 0x000000032be00000, 0x000000032bd00000| Untracked 
| 694|0x000000032be00000, 0x000000032bf00000, 0x000000032bf00000|100%| O|  |TAMS 0x000000032bf00000, 0x000000032be00000| Untracked 
| 695|0x000000032bf00000, 0x000000032bf00000, 0x000000032c000000|  0%| F|  |TAMS 0x000000032bf00000, 0x000000032bf00000| Untracked 
| 696|0x000000032c000000, 0x000000032c000000, 0x000000032c100000|  0%| F|  |TAMS 0x000000032c000000, 0x000000032c000000| Untracked 
| 697|0x000000032c100000, 0x000000032c100000, 0x000000032c200000|  0%| F|  |TAMS 0x000000032c100000, 0x000000032c100000| Untracked 
| 698|0x000000032c200000, 0x000000032c200000, 0x000000032c300000|  0%| F|  |TAMS 0x000000032c200000, 0x000000032c200000| Untracked 
| 699|0x000000032c300000, 0x000000032c300000, 0x000000032c400000|  0%| F|  |TAMS 0x000000032c300000, 0x000000032c300000| Untracked 
| 700|0x000000032c400000, 0x000000032c400000, 0x000000032c500000|  0%| F|  |TAMS 0x000000032c400000, 0x000000032c400000| Untracked 
| 701|0x000000032c500000, 0x000000032c500000, 0x000000032c600000|  0%| F|  |TAMS 0x000000032c500000, 0x000000032c500000| Untracked 
| 702|0x000000032c600000, 0x000000032c600000, 0x000000032c700000|  0%| F|  |TAMS 0x000000032c600000, 0x000000032c600000| Untracked 
| 703|0x000000032c700000, 0x000000032c700000, 0x000000032c800000|  0%| F|  |TAMS 0x000000032c700000, 0x000000032c700000| Untracked 
| 704|0x000000032c800000, 0x000000032c800000, 0x000000032c900000|  0%| F|  |TAMS 0x000000032c800000, 0x000000032c800000| Untracked 
| 705|0x000000032c900000, 0x000000032c900000, 0x000000032ca00000|  0%| F|  |TAMS 0x000000032c900000, 0x000000032c900000| Untracked 
| 706|0x000000032ca00000, 0x000000032ca00000, 0x000000032cb00000|  0%| F|  |TAMS 0x000000032ca00000, 0x000000032ca00000| Untracked 
| 707|0x000000032cb00000, 0x000000032cb00000, 0x000000032cc00000|  0%| F|  |TAMS 0x000000032cb00000, 0x000000032cb00000| Untracked 
| 708|0x000000032cc00000, 0x000000032cc00000, 0x000000032cd00000|  0%| F|  |TAMS 0x000000032cc00000, 0x000000032cc00000| Untracked 
| 709|0x000000032cd00000, 0x000000032cd00000, 0x000000032ce00000|  0%| F|  |TAMS 0x000000032cd00000, 0x000000032cd00000| Untracked 
| 710|0x000000032ce00000, 0x000000032ce00000, 0x000000032cf00000|  0%| F|  |TAMS 0x000000032ce00000, 0x000000032ce00000| Untracked 
| 711|0x000000032cf00000, 0x000000032cf00000, 0x000000032d000000|  0%| F|  |TAMS 0x000000032cf00000, 0x000000032cf00000| Untracked 
| 712|0x000000032d000000, 0x000000032d000000, 0x000000032d100000|  0%| F|  |TAMS 0x000000032d000000, 0x000000032d000000| Untracked 
| 713|0x000000032d100000, 0x000000032d100000, 0x000000032d200000|  0%| F|  |TAMS 0x000000032d100000, 0x000000032d100000| Untracked 
| 714|0x000000032d200000, 0x000000032d200000, 0x000000032d300000|  0%| F|  |TAMS 0x000000032d200000, 0x000000032d200000| Untracked 
| 715|0x000000032d300000, 0x000000032d300000, 0x000000032d400000|  0%| F|  |TAMS 0x000000032d300000, 0x000000032d300000| Untracked 
| 716|0x000000032d400000, 0x000000032d400000, 0x000000032d500000|  0%| F|  |TAMS 0x000000032d400000, 0x000000032d400000| Untracked 
| 717|0x000000032d500000, 0x000000032d500000, 0x000000032d600000|  0%| F|  |TAMS 0x000000032d500000, 0x000000032d500000| Untracked 
| 718|0x000000032d600000, 0x000000032d600000, 0x000000032d700000|  0%| F|  |TAMS 0x000000032d600000, 0x000000032d600000| Untracked 
| 719|0x000000032d700000, 0x000000032d700000, 0x000000032d800000|  0%| F|  |TAMS 0x000000032d700000, 0x000000032d700000| Untracked 
| 720|0x000000032d800000, 0x000000032d800000, 0x000000032d900000|  0%| F|  |TAMS 0x000000032d800000, 0x000000032d800000| Untracked 
| 721|0x000000032d900000, 0x000000032d900000, 0x000000032da00000|  0%| F|  |TAMS 0x000000032d900000, 0x000000032d900000| Untracked 
| 722|0x000000032da00000, 0x000000032da00000, 0x000000032db00000|  0%| F|  |TAMS 0x000000032da00000, 0x000000032da00000| Untracked 
| 723|0x000000032db00000, 0x000000032db00000, 0x000000032dc00000|  0%| F|  |TAMS 0x000000032db00000, 0x000000032db00000| Untracked 
| 724|0x000000032dc00000, 0x000000032dc00000, 0x000000032dd00000|  0%| F|  |TAMS 0x000000032dc00000, 0x000000032dc00000| Untracked 
| 725|0x000000032dd00000, 0x000000032dd00000, 0x000000032de00000|  0%| F|  |TAMS 0x000000032dd00000, 0x000000032dd00000| Untracked 
| 726|0x000000032de00000, 0x000000032de00000, 0x000000032df00000|  0%| F|  |TAMS 0x000000032de00000, 0x000000032de00000| Untracked 
| 727|0x000000032df00000, 0x000000032df00000, 0x000000032e000000|  0%| F|  |TAMS 0x000000032df00000, 0x000000032df00000| Untracked 
| 728|0x000000032e000000, 0x000000032e000000, 0x000000032e100000|  0%| F|  |TAMS 0x000000032e000000, 0x000000032e000000| Untracked 
| 729|0x000000032e100000, 0x000000032e100000, 0x000000032e200000|  0%| F|  |TAMS 0x000000032e100000, 0x000000032e100000| Untracked 
| 730|0x000000032e200000, 0x000000032e200000, 0x000000032e300000|  0%| F|  |TAMS 0x000000032e200000, 0x000000032e200000| Untracked 
| 731|0x000000032e300000, 0x000000032e300000, 0x000000032e400000|  0%| F|  |TAMS 0x000000032e300000, 0x000000032e300000| Untracked 
| 732|0x000000032e400000, 0x000000032e400000, 0x000000032e500000|  0%| F|  |TAMS 0x000000032e400000, 0x000000032e400000| Untracked 
| 733|0x000000032e500000, 0x000000032e500000, 0x000000032e600000|  0%| F|  |TAMS 0x000000032e500000, 0x000000032e500000| Untracked 
| 734|0x000000032e600000, 0x000000032e600000, 0x000000032e700000|  0%| F|  |TAMS 0x000000032e600000, 0x000000032e600000| Untracked 
| 735|0x000000032e700000, 0x000000032e700000, 0x000000032e800000|  0%| F|  |TAMS 0x000000032e700000, 0x000000032e700000| Untracked 
| 736|0x000000032e800000, 0x000000032e800000, 0x000000032e900000|  0%| F|  |TAMS 0x000000032e800000, 0x000000032e800000| Untracked 
| 737|0x000000032e900000, 0x000000032e900000, 0x000000032ea00000|  0%| F|  |TAMS 0x000000032e900000, 0x000000032e900000| Untracked 
| 738|0x000000032ea00000, 0x000000032ea00000, 0x000000032eb00000|  0%| F|  |TAMS 0x000000032ea00000, 0x000000032ea00000| Untracked 
| 739|0x000000032eb00000, 0x000000032eb00000, 0x000000032ec00000|  0%| F|  |TAMS 0x000000032eb00000, 0x000000032eb00000| Untracked 
| 740|0x000000032ec00000, 0x000000032ec00000, 0x000000032ed00000|  0%| F|  |TAMS 0x000000032ec00000, 0x000000032ec00000| Untracked 
| 741|0x000000032ed00000, 0x000000032ed00000, 0x000000032ee00000|  0%| F|  |TAMS 0x000000032ed00000, 0x000000032ed00000| Untracked 
| 742|0x000000032ee00000, 0x000000032ee00000, 0x000000032ef00000|  0%| F|  |TAMS 0x000000032ee00000, 0x000000032ee00000| Untracked 
| 743|0x000000032ef00000, 0x000000032ef00000, 0x000000032f000000|  0%| F|  |TAMS 0x000000032ef00000, 0x000000032ef00000| Untracked 
| 744|0x000000032f000000, 0x000000032f000000, 0x000000032f100000|  0%| F|  |TAMS 0x000000032f000000, 0x000000032f000000| Untracked 
| 745|0x000000032f100000, 0x000000032f100000, 0x000000032f200000|  0%| F|  |TAMS 0x000000032f100000, 0x000000032f100000| Untracked 
| 746|0x000000032f200000, 0x000000032f200000, 0x000000032f300000|  0%| F|  |TAMS 0x000000032f200000, 0x000000032f200000| Untracked 
| 747|0x000000032f300000, 0x000000032f300000, 0x000000032f400000|  0%| F|  |TAMS 0x000000032f300000, 0x000000032f300000| Untracked 
| 748|0x000000032f400000, 0x000000032f400000, 0x000000032f500000|  0%| F|  |TAMS 0x000000032f400000, 0x000000032f400000| Untracked 
| 749|0x000000032f500000, 0x000000032f500000, 0x000000032f600000|  0%| F|  |TAMS 0x000000032f500000, 0x000000032f500000| Untracked 
| 750|0x000000032f600000, 0x000000032f600000, 0x000000032f700000|  0%| F|  |TAMS 0x000000032f600000, 0x000000032f600000| Untracked 
| 751|0x000000032f700000, 0x000000032f700000, 0x000000032f800000|  0%| F|  |TAMS 0x000000032f700000, 0x000000032f700000| Untracked 
| 752|0x000000032f800000, 0x000000032f800000, 0x000000032f900000|  0%| F|  |TAMS 0x000000032f800000, 0x000000032f800000| Untracked 
| 753|0x000000032f900000, 0x000000032f900000, 0x000000032fa00000|  0%| F|  |TAMS 0x000000032f900000, 0x000000032f900000| Untracked 
| 754|0x000000032fa00000, 0x000000032fa00000, 0x000000032fb00000|  0%| F|  |TAMS 0x000000032fa00000, 0x000000032fa00000| Untracked 
| 755|0x000000032fb00000, 0x000000032fb00000, 0x000000032fc00000|  0%| F|  |TAMS 0x000000032fb00000, 0x000000032fb00000| Untracked 
| 756|0x000000032fc00000, 0x000000032fc00000, 0x000000032fd00000|  0%| F|  |TAMS 0x000000032fc00000, 0x000000032fc00000| Untracked 
| 757|0x000000032fd00000, 0x000000032fd00000, 0x000000032fe00000|  0%| F|  |TAMS 0x000000032fd00000, 0x000000032fd00000| Untracked 
| 758|0x000000032fe00000, 0x000000032fe00000, 0x000000032ff00000|  0%| F|  |TAMS 0x000000032fe00000, 0x000000032fe00000| Untracked 
| 759|0x000000032ff00000, 0x000000032ff00000, 0x0000000330000000|  0%| F|  |TAMS 0x000000032ff00000, 0x000000032ff00000| Untracked 
| 760|0x0000000330000000, 0x0000000330000000, 0x0000000330100000|  0%| F|  |TAMS 0x0000000330000000, 0x0000000330000000| Untracked 
| 761|0x0000000330100000, 0x0000000330100000, 0x0000000330200000|  0%| F|  |TAMS 0x0000000330100000, 0x0000000330100000| Untracked 
| 762|0x0000000330200000, 0x0000000330200000, 0x0000000330300000|  0%| F|  |TAMS 0x0000000330200000, 0x0000000330200000| Untracked 
| 763|0x0000000330300000, 0x0000000330300000, 0x0000000330400000|  0%| F|  |TAMS 0x0000000330300000, 0x0000000330300000| Untracked 
| 764|0x0000000330400000, 0x0000000330400000, 0x0000000330500000|  0%| F|  |TAMS 0x0000000330400000, 0x0000000330400000| Untracked 
| 765|0x0000000330500000, 0x0000000330500000, 0x0000000330600000|  0%| F|  |TAMS 0x0000000330500000, 0x0000000330500000| Untracked 
| 766|0x0000000330600000, 0x0000000330600000, 0x0000000330700000|  0%| F|  |TAMS 0x0000000330600000, 0x0000000330600000| Untracked 
| 767|0x0000000330700000, 0x0000000330700000, 0x0000000330800000|  0%| F|  |TAMS 0x0000000330700000, 0x0000000330700000| Untracked 
| 768|0x0000000330800000, 0x0000000330800000, 0x0000000330900000|  0%| F|  |TAMS 0x0000000330800000, 0x0000000330800000| Untracked 
| 769|0x0000000330900000, 0x0000000330900000, 0x0000000330a00000|  0%| F|  |TAMS 0x0000000330900000, 0x0000000330900000| Untracked 
| 770|0x0000000330a00000, 0x0000000330a00000, 0x0000000330b00000|  0%| F|  |TAMS 0x0000000330a00000, 0x0000000330a00000| Untracked 
| 771|0x0000000330b00000, 0x0000000330b00000, 0x0000000330c00000|  0%| F|  |TAMS 0x0000000330b00000, 0x0000000330b00000| Untracked 
| 772|0x0000000330c00000, 0x0000000330c00000, 0x0000000330d00000|  0%| F|  |TAMS 0x0000000330c00000, 0x0000000330c00000| Untracked 
| 773|0x0000000330d00000, 0x0000000330d00000, 0x0000000330e00000|  0%| F|  |TAMS 0x0000000330d00000, 0x0000000330d00000| Untracked 
| 774|0x0000000330e00000, 0x0000000330e00000, 0x0000000330f00000|  0%| F|  |TAMS 0x0000000330e00000, 0x0000000330e00000| Untracked 
| 775|0x0000000330f00000, 0x0000000330f00000, 0x0000000331000000|  0%| F|  |TAMS 0x0000000330f00000, 0x0000000330f00000| Untracked 
| 776|0x0000000331000000, 0x0000000331000000, 0x0000000331100000|  0%| F|  |TAMS 0x0000000331000000, 0x0000000331000000| Untracked 
| 777|0x0000000331100000, 0x0000000331100000, 0x0000000331200000|  0%| F|  |TAMS 0x0000000331100000, 0x0000000331100000| Untracked 
| 778|0x0000000331200000, 0x0000000331200000, 0x0000000331300000|  0%| F|  |TAMS 0x0000000331200000, 0x0000000331200000| Untracked 
| 779|0x0000000331300000, 0x0000000331300000, 0x0000000331400000|  0%| F|  |TAMS 0x0000000331300000, 0x0000000331300000| Untracked 
| 780|0x0000000331400000, 0x0000000331400000, 0x0000000331500000|  0%| F|  |TAMS 0x0000000331400000, 0x0000000331400000| Untracked 
| 781|0x0000000331500000, 0x0000000331500000, 0x0000000331600000|  0%| F|  |TAMS 0x0000000331500000, 0x0000000331500000| Untracked 
| 782|0x0000000331600000, 0x0000000331600000, 0x0000000331700000|  0%| F|  |TAMS 0x0000000331600000, 0x0000000331600000| Untracked 
| 783|0x0000000331700000, 0x0000000331700000, 0x0000000331800000|  0%| F|  |TAMS 0x0000000331700000, 0x0000000331700000| Untracked 
| 784|0x0000000331800000, 0x0000000331800000, 0x0000000331900000|  0%| F|  |TAMS 0x0000000331800000, 0x0000000331800000| Untracked 
| 785|0x0000000331900000, 0x0000000331900000, 0x0000000331a00000|  0%| F|  |TAMS 0x0000000331900000, 0x0000000331900000| Untracked 
| 786|0x0000000331a00000, 0x0000000331a00000, 0x0000000331b00000|  0%| F|  |TAMS 0x0000000331a00000, 0x0000000331a00000| Untracked 
| 787|0x0000000331b00000, 0x0000000331b00000, 0x0000000331c00000|  0%| F|  |TAMS 0x0000000331b00000, 0x0000000331b00000| Untracked 
| 788|0x0000000331c00000, 0x0000000331c00000, 0x0000000331d00000|  0%| F|  |TAMS 0x0000000331c00000, 0x0000000331c00000| Untracked 
| 789|0x0000000331d00000, 0x0000000331d00000, 0x0000000331e00000|  0%| F|  |TAMS 0x0000000331d00000, 0x0000000331d00000| Untracked 
| 790|0x0000000331e00000, 0x0000000331e00000, 0x0000000331f00000|  0%| F|  |TAMS 0x0000000331e00000, 0x0000000331e00000| Untracked 
| 791|0x0000000331f00000, 0x0000000331f00000, 0x0000000332000000|  0%| F|  |TAMS 0x0000000331f00000, 0x0000000331f00000| Untracked 
| 792|0x0000000332000000, 0x0000000332000000, 0x0000000332100000|  0%| F|  |TAMS 0x0000000332000000, 0x0000000332000000| Untracked 
| 793|0x0000000332100000, 0x0000000332100000, 0x0000000332200000|  0%| F|  |TAMS 0x0000000332100000, 0x0000000332100000| Untracked 
| 794|0x0000000332200000, 0x0000000332200000, 0x0000000332300000|  0%| F|  |TAMS 0x0000000332200000, 0x0000000332200000| Untracked 
| 795|0x0000000332300000, 0x0000000332300000, 0x0000000332400000|  0%| F|  |TAMS 0x0000000332300000, 0x0000000332300000| Untracked 
| 796|0x0000000332400000, 0x0000000332400000, 0x0000000332500000|  0%| F|  |TAMS 0x0000000332400000, 0x0000000332400000| Untracked 
| 797|0x0000000332500000, 0x0000000332500000, 0x0000000332600000|  0%| F|  |TAMS 0x0000000332500000, 0x0000000332500000| Untracked 
| 798|0x0000000332600000, 0x0000000332600000, 0x0000000332700000|  0%| F|  |TAMS 0x0000000332600000, 0x0000000332600000| Untracked 
| 799|0x0000000332700000, 0x0000000332700000, 0x0000000332800000|  0%| F|  |TAMS 0x0000000332700000, 0x0000000332700000| Untracked 
| 800|0x0000000332800000, 0x0000000332800000, 0x0000000332900000|  0%| F|  |TAMS 0x0000000332800000, 0x0000000332800000| Untracked 
| 801|0x0000000332900000, 0x0000000332900000, 0x0000000332a00000|  0%| F|  |TAMS 0x0000000332900000, 0x0000000332900000| Untracked 
| 802|0x0000000332a00000, 0x0000000332a00000, 0x0000000332b00000|  0%| F|  |TAMS 0x0000000332a00000, 0x0000000332a00000| Untracked 
| 803|0x0000000332b00000, 0x0000000332b00000, 0x0000000332c00000|  0%| F|  |TAMS 0x0000000332b00000, 0x0000000332b00000| Untracked 
| 804|0x0000000332c00000, 0x0000000332c00000, 0x0000000332d00000|  0%| F|  |TAMS 0x0000000332c00000, 0x0000000332c00000| Untracked 
| 805|0x0000000332d00000, 0x0000000332d62578, 0x0000000332e00000| 38%| E|  |TAMS 0x0000000332d00000, 0x0000000332d00000| Complete 
| 806|0x0000000332e00000, 0x0000000332f00000, 0x0000000332f00000|100%| E|CS|TAMS 0x0000000332e00000, 0x0000000332e00000| Complete 
| 807|0x0000000332f00000, 0x0000000333000000, 0x0000000333000000|100%| E|CS|TAMS 0x0000000332f00000, 0x0000000332f00000| Complete 
| 808|0x0000000333000000, 0x0000000333100000, 0x0000000333100000|100%| E|  |TAMS 0x0000000333000000, 0x0000000333000000| Complete 
| 809|0x0000000333100000, 0x0000000333180000, 0x0000000333200000| 50%| S|CS|TAMS 0x0000000333100000, 0x0000000333100000| Complete 
| 810|0x0000000333200000, 0x0000000333300000, 0x0000000333300000|100%| S|CS|TAMS 0x0000000333200000, 0x0000000333200000| Complete 
| 811|0x0000000333300000, 0x0000000333400000, 0x0000000333400000|100%| S|CS|TAMS 0x0000000333300000, 0x0000000333300000| Complete 
| 812|0x0000000333400000, 0x0000000333500000, 0x0000000333500000|100%| S|CS|TAMS 0x0000000333400000, 0x0000000333400000| Complete 
| 813|0x0000000333500000, 0x0000000333600000, 0x0000000333600000|100%| S|CS|TAMS 0x0000000333500000, 0x0000000333500000| Complete 
| 814|0x0000000333600000, 0x0000000333700000, 0x0000000333700000|100%| S|CS|TAMS 0x0000000333600000, 0x0000000333600000| Complete 
| 815|0x0000000333700000, 0x0000000333800000, 0x0000000333800000|100%| S|CS|TAMS 0x0000000333700000, 0x0000000333700000| Complete 
| 816|0x0000000333800000, 0x0000000333900000, 0x0000000333900000|100%| S|CS|TAMS 0x0000000333800000, 0x0000000333800000| Complete 
| 817|0x0000000333900000, 0x0000000333a00000, 0x0000000333a00000|100%| S|CS|TAMS 0x0000000333900000, 0x0000000333900000| Complete 
| 818|0x0000000333a00000, 0x0000000333b00000, 0x0000000333b00000|100%| S|CS|TAMS 0x0000000333a00000, 0x0000000333a00000| Complete 
| 819|0x0000000333b00000, 0x0000000333c00000, 0x0000000333c00000|100%| S|CS|TAMS 0x0000000333b00000, 0x0000000333b00000| Complete 
| 820|0x0000000333c00000, 0x0000000333d00000, 0x0000000333d00000|100%| S|CS|TAMS 0x0000000333c00000, 0x0000000333c00000| Complete 
| 821|0x0000000333d00000, 0x0000000333e00000, 0x0000000333e00000|100%| S|CS|TAMS 0x0000000333d00000, 0x0000000333d00000| Complete 
| 822|0x0000000333e00000, 0x0000000333f00000, 0x0000000333f00000|100%| E|CS|TAMS 0x0000000333e00000, 0x0000000333e00000| Complete 
| 823|0x0000000333f00000, 0x0000000334000000, 0x0000000334000000|100%| E|CS|TAMS 0x0000000333f00000, 0x0000000333f00000| Complete 
| 824|0x0000000334000000, 0x0000000334100000, 0x0000000334100000|100%| E|CS|TAMS 0x0000000334000000, 0x0000000334000000| Complete 
| 825|0x0000000334100000, 0x0000000334200000, 0x0000000334200000|100%| E|CS|TAMS 0x0000000334100000, 0x0000000334100000| Complete 
| 826|0x0000000334200000, 0x0000000334300000, 0x0000000334300000|100%| E|CS|TAMS 0x0000000334200000, 0x0000000334200000| Complete 
| 827|0x0000000334300000, 0x0000000334400000, 0x0000000334400000|100%| E|CS|TAMS 0x0000000334300000, 0x0000000334300000| Complete 
| 828|0x0000000334400000, 0x0000000334500000, 0x0000000334500000|100%| E|CS|TAMS 0x0000000334400000, 0x0000000334400000| Complete 
| 829|0x0000000334500000, 0x0000000334600000, 0x0000000334600000|100%| E|CS|TAMS 0x0000000334500000, 0x0000000334500000| Complete 
| 830|0x0000000334600000, 0x0000000334700000, 0x0000000334700000|100%| E|CS|TAMS 0x0000000334600000, 0x0000000334600000| Complete 
| 831|0x0000000334700000, 0x0000000334800000, 0x0000000334800000|100%| E|CS|TAMS 0x0000000334700000, 0x0000000334700000| Complete 
| 832|0x0000000334800000, 0x0000000334900000, 0x0000000334900000|100%| E|CS|TAMS 0x0000000334800000, 0x0000000334800000| Complete 
| 833|0x0000000334900000, 0x0000000334a00000, 0x0000000334a00000|100%| E|CS|TAMS 0x0000000334900000, 0x0000000334900000| Complete 
| 834|0x0000000334a00000, 0x0000000334b00000, 0x0000000334b00000|100%| E|CS|TAMS 0x0000000334a00000, 0x0000000334a00000| Complete 
| 835|0x0000000334b00000, 0x0000000334c00000, 0x0000000334c00000|100%| S|CS|TAMS 0x0000000334b00000, 0x0000000334b00000| Complete 
| 836|0x0000000334c00000, 0x0000000334d00000, 0x0000000334d00000|100%| S|CS|TAMS 0x0000000334c00000, 0x0000000334c00000| Complete 
| 837|0x0000000334d00000, 0x0000000334e00000, 0x0000000334e00000|100%| S|CS|TAMS 0x0000000334d00000, 0x0000000334d00000| Complete 
| 838|0x0000000334e00000, 0x0000000334f00000, 0x0000000334f00000|100%| S|CS|TAMS 0x0000000334e00000, 0x0000000334e00000| Complete 
| 839|0x0000000334f00000, 0x0000000335000000, 0x0000000335000000|100%| E|CS|TAMS 0x0000000334f00000, 0x0000000334f00000| Complete 
| 840|0x0000000335000000, 0x0000000335100000, 0x0000000335100000|100%| E|CS|TAMS 0x0000000335000000, 0x0000000335000000| Complete 
| 841|0x0000000335100000, 0x0000000335200000, 0x0000000335200000|100%| E|CS|TAMS 0x0000000335100000, 0x0000000335100000| Complete 
| 842|0x0000000335200000, 0x0000000335300000, 0x0000000335300000|100%| E|CS|TAMS 0x0000000335200000, 0x0000000335200000| Complete 
| 843|0x0000000335300000, 0x0000000335400000, 0x0000000335400000|100%| E|CS|TAMS 0x0000000335300000, 0x0000000335300000| Complete 
| 844|0x0000000335400000, 0x0000000335500000, 0x0000000335500000|100%| E|CS|TAMS 0x0000000335400000, 0x0000000335400000| Complete 
| 845|0x0000000335500000, 0x0000000335600000, 0x0000000335600000|100%| E|CS|TAMS 0x0000000335500000, 0x0000000335500000| Complete 
| 846|0x0000000335600000, 0x0000000335700000, 0x0000000335700000|100%| E|CS|TAMS 0x0000000335600000, 0x0000000335600000| Complete 
| 847|0x0000000335700000, 0x0000000335800000, 0x0000000335800000|100%| E|CS|TAMS 0x0000000335700000, 0x0000000335700000| Complete 
| 848|0x0000000335800000, 0x0000000335900000, 0x0000000335900000|100%| E|CS|TAMS 0x0000000335800000, 0x0000000335800000| Complete 
| 849|0x0000000335900000, 0x0000000335a00000, 0x0000000335a00000|100%| E|CS|TAMS 0x0000000335900000, 0x0000000335900000| Complete 
| 850|0x0000000335a00000, 0x0000000335b00000, 0x0000000335b00000|100%| E|CS|TAMS 0x0000000335a00000, 0x0000000335a00000| Complete 
| 851|0x0000000335b00000, 0x0000000335c00000, 0x0000000335c00000|100%| E|CS|TAMS 0x0000000335b00000, 0x0000000335b00000| Complete 
| 852|0x0000000335c00000, 0x0000000335d00000, 0x0000000335d00000|100%| E|CS|TAMS 0x0000000335c00000, 0x0000000335c00000| Complete 
| 853|0x0000000335d00000, 0x0000000335e00000, 0x0000000335e00000|100%| E|CS|TAMS 0x0000000335d00000, 0x0000000335d00000| Complete 
| 854|0x0000000335e00000, 0x0000000335f00000, 0x0000000335f00000|100%| E|CS|TAMS 0x0000000335e00000, 0x0000000335e00000| Complete 
| 855|0x0000000335f00000, 0x0000000336000000, 0x0000000336000000|100%| E|CS|TAMS 0x0000000335f00000, 0x0000000335f00000| Complete 
| 856|0x0000000336000000, 0x0000000336100000, 0x0000000336100000|100%| E|CS|TAMS 0x0000000336000000, 0x0000000336000000| Complete 
| 857|0x0000000336100000, 0x0000000336200000, 0x0000000336200000|100%| E|CS|TAMS 0x0000000336100000, 0x0000000336100000| Complete 
| 858|0x0000000336200000, 0x0000000336300000, 0x0000000336300000|100%| E|CS|TAMS 0x0000000336200000, 0x0000000336200000| Complete 
| 859|0x0000000336300000, 0x0000000336400000, 0x0000000336400000|100%| E|CS|TAMS 0x0000000336300000, 0x0000000336300000| Complete 
| 860|0x0000000336400000, 0x0000000336500000, 0x0000000336500000|100%| E|CS|TAMS 0x0000000336400000, 0x0000000336400000| Complete 
| 861|0x0000000336500000, 0x0000000336600000, 0x0000000336600000|100%| E|CS|TAMS 0x0000000336500000, 0x0000000336500000| Complete 
| 862|0x0000000336600000, 0x0000000336700000, 0x0000000336700000|100%| E|CS|TAMS 0x0000000336600000, 0x0000000336600000| Complete 
| 863|0x0000000336700000, 0x0000000336800000, 0x0000000336800000|100%| E|CS|TAMS 0x0000000336700000, 0x0000000336700000| Complete 
| 864|0x0000000336800000, 0x0000000336900000, 0x0000000336900000|100%| E|CS|TAMS 0x0000000336800000, 0x0000000336800000| Complete 
| 865|0x0000000336900000, 0x0000000336a00000, 0x0000000336a00000|100%| E|CS|TAMS 0x0000000336900000, 0x0000000336900000| Complete 
| 866|0x0000000336a00000, 0x0000000336b00000, 0x0000000336b00000|100%| E|CS|TAMS 0x0000000336a00000, 0x0000000336a00000| Complete 
| 867|0x0000000336b00000, 0x0000000336c00000, 0x0000000336c00000|100%| E|CS|TAMS 0x0000000336b00000, 0x0000000336b00000| Complete 
| 868|0x0000000336c00000, 0x0000000336d00000, 0x0000000336d00000|100%| E|CS|TAMS 0x0000000336c00000, 0x0000000336c00000| Complete 
| 869|0x0000000336d00000, 0x0000000336e00000, 0x0000000336e00000|100%| E|CS|TAMS 0x0000000336d00000, 0x0000000336d00000| Complete 
| 870|0x0000000336e00000, 0x0000000336f00000, 0x0000000336f00000|100%| E|CS|TAMS 0x0000000336e00000, 0x0000000336e00000| Complete 
| 871|0x0000000336f00000, 0x0000000337000000, 0x0000000337000000|100%| E|CS|TAMS 0x0000000336f00000, 0x0000000336f00000| Complete 
| 872|0x0000000337000000, 0x0000000337100000, 0x0000000337100000|100%| E|CS|TAMS 0x0000000337000000, 0x0000000337000000| Complete 
| 873|0x0000000337100000, 0x0000000337200000, 0x0000000337200000|100%| E|CS|TAMS 0x0000000337100000, 0x0000000337100000| Complete 
| 874|0x0000000337200000, 0x0000000337300000, 0x0000000337300000|100%| E|CS|TAMS 0x0000000337200000, 0x0000000337200000| Complete 
| 875|0x0000000337300000, 0x0000000337400000, 0x0000000337400000|100%| E|CS|TAMS 0x0000000337300000, 0x0000000337300000| Complete 
| 876|0x0000000337400000, 0x0000000337500000, 0x0000000337500000|100%| E|CS|TAMS 0x0000000337400000, 0x0000000337400000| Complete 
| 877|0x0000000337500000, 0x0000000337600000, 0x0000000337600000|100%| E|CS|TAMS 0x0000000337500000, 0x0000000337500000| Complete 
| 878|0x0000000337600000, 0x0000000337700000, 0x0000000337700000|100%| E|CS|TAMS 0x0000000337600000, 0x0000000337600000| Complete 
| 879|0x0000000337700000, 0x0000000337800000, 0x0000000337800000|100%| E|CS|TAMS 0x0000000337700000, 0x0000000337700000| Complete 
| 880|0x0000000337800000, 0x0000000337900000, 0x0000000337900000|100%| E|CS|TAMS 0x0000000337800000, 0x0000000337800000| Complete 
| 881|0x0000000337900000, 0x0000000337a00000, 0x0000000337a00000|100%| E|CS|TAMS 0x0000000337900000, 0x0000000337900000| Complete 
| 882|0x0000000337a00000, 0x0000000337b00000, 0x0000000337b00000|100%| E|CS|TAMS 0x0000000337a00000, 0x0000000337a00000| Complete 
| 883|0x0000000337b00000, 0x0000000337c00000, 0x0000000337c00000|100%| E|CS|TAMS 0x0000000337b00000, 0x0000000337b00000| Complete 
| 884|0x0000000337c00000, 0x0000000337d00000, 0x0000000337d00000|100%| E|CS|TAMS 0x0000000337c00000, 0x0000000337c00000| Complete 
| 885|0x0000000337d00000, 0x0000000337e00000, 0x0000000337e00000|100%| E|CS|TAMS 0x0000000337d00000, 0x0000000337d00000| Complete 
| 886|0x0000000337e00000, 0x0000000337f00000, 0x0000000337f00000|100%| E|CS|TAMS 0x0000000337e00000, 0x0000000337e00000| Complete 
| 887|0x0000000337f00000, 0x0000000338000000, 0x0000000338000000|100%| E|CS|TAMS 0x0000000337f00000, 0x0000000337f00000| Complete 
| 888|0x0000000338000000, 0x0000000338100000, 0x0000000338100000|100%| E|CS|TAMS 0x0000000338000000, 0x0000000338000000| Complete 
| 889|0x0000000338100000, 0x0000000338200000, 0x0000000338200000|100%| E|CS|TAMS 0x0000000338100000, 0x0000000338100000| Complete 
| 890|0x0000000338200000, 0x0000000338300000, 0x0000000338300000|100%| E|CS|TAMS 0x0000000338200000, 0x0000000338200000| Complete 
| 891|0x0000000338300000, 0x0000000338400000, 0x0000000338400000|100%| E|CS|TAMS 0x0000000338300000, 0x0000000338300000| Complete 
| 892|0x0000000338400000, 0x0000000338500000, 0x0000000338500000|100%| E|CS|TAMS 0x0000000338400000, 0x0000000338400000| Complete 
| 893|0x0000000338500000, 0x0000000338600000, 0x0000000338600000|100%| E|CS|TAMS 0x0000000338500000, 0x0000000338500000| Complete 
| 894|0x0000000338600000, 0x0000000338700000, 0x0000000338700000|100%| E|CS|TAMS 0x0000000338600000, 0x0000000338600000| Complete 
| 895|0x0000000338700000, 0x0000000338800000, 0x0000000338800000|100%| E|CS|TAMS 0x0000000338700000, 0x0000000338700000| Complete 
| 896|0x0000000338800000, 0x0000000338900000, 0x0000000338900000|100%| E|CS|TAMS 0x0000000338800000, 0x0000000338800000| Complete 
| 897|0x0000000338900000, 0x0000000338a00000, 0x0000000338a00000|100%| E|CS|TAMS 0x0000000338900000, 0x0000000338900000| Complete 
| 898|0x0000000338a00000, 0x0000000338b00000, 0x0000000338b00000|100%| E|CS|TAMS 0x0000000338a00000, 0x0000000338a00000| Complete 
| 899|0x0000000338b00000, 0x0000000338c00000, 0x0000000338c00000|100%| E|CS|TAMS 0x0000000338b00000, 0x0000000338b00000| Complete 
| 900|0x0000000338c00000, 0x0000000338d00000, 0x0000000338d00000|100%| E|CS|TAMS 0x0000000338c00000, 0x0000000338c00000| Complete 
| 901|0x0000000338d00000, 0x0000000338e00000, 0x0000000338e00000|100%| E|CS|TAMS 0x0000000338d00000, 0x0000000338d00000| Complete 
| 902|0x0000000338e00000, 0x0000000338f00000, 0x0000000338f00000|100%| E|CS|TAMS 0x0000000338e00000, 0x0000000338e00000| Complete 
| 903|0x0000000338f00000, 0x0000000339000000, 0x0000000339000000|100%| E|CS|TAMS 0x0000000338f00000, 0x0000000338f00000| Complete 
| 904|0x0000000339000000, 0x0000000339100000, 0x0000000339100000|100%| E|CS|TAMS 0x0000000339000000, 0x0000000339000000| Complete 
| 905|0x0000000339100000, 0x0000000339200000, 0x0000000339200000|100%| E|CS|TAMS 0x0000000339100000, 0x0000000339100000| Complete 
| 906|0x0000000339200000, 0x0000000339300000, 0x0000000339300000|100%| E|CS|TAMS 0x0000000339200000, 0x0000000339200000| Complete 
| 907|0x0000000339300000, 0x0000000339400000, 0x0000000339400000|100%| E|CS|TAMS 0x0000000339300000, 0x0000000339300000| Complete 
| 908|0x0000000339400000, 0x0000000339500000, 0x0000000339500000|100%| E|CS|TAMS 0x0000000339400000, 0x0000000339400000| Complete 
| 909|0x0000000339500000, 0x0000000339600000, 0x0000000339600000|100%| E|CS|TAMS 0x0000000339500000, 0x0000000339500000| Complete 
| 910|0x0000000339600000, 0x0000000339700000, 0x0000000339700000|100%| E|CS|TAMS 0x0000000339600000, 0x0000000339600000| Complete 
| 911|0x0000000339700000, 0x0000000339800000, 0x0000000339800000|100%| E|CS|TAMS 0x0000000339700000, 0x0000000339700000| Complete 
| 912|0x0000000339800000, 0x0000000339900000, 0x0000000339900000|100%| E|CS|TAMS 0x0000000339800000, 0x0000000339800000| Complete 
| 913|0x0000000339900000, 0x0000000339a00000, 0x0000000339a00000|100%| E|CS|TAMS 0x0000000339900000, 0x0000000339900000| Complete 
| 914|0x0000000339a00000, 0x0000000339b00000, 0x0000000339b00000|100%| E|CS|TAMS 0x0000000339a00000, 0x0000000339a00000| Complete 
| 915|0x0000000339b00000, 0x0000000339c00000, 0x0000000339c00000|100%| E|CS|TAMS 0x0000000339b00000, 0x0000000339b00000| Complete 
| 916|0x0000000339c00000, 0x0000000339d00000, 0x0000000339d00000|100%| E|CS|TAMS 0x0000000339c00000, 0x0000000339c00000| Complete 
| 917|0x0000000339d00000, 0x0000000339e00000, 0x0000000339e00000|100%| E|CS|TAMS 0x0000000339d00000, 0x0000000339d00000| Complete 
| 918|0x0000000339e00000, 0x0000000339f00000, 0x0000000339f00000|100%| E|CS|TAMS 0x0000000339e00000, 0x0000000339e00000| Complete 
| 919|0x0000000339f00000, 0x000000033a000000, 0x000000033a000000|100%| E|CS|TAMS 0x0000000339f00000, 0x0000000339f00000| Complete 
| 920|0x000000033a000000, 0x000000033a100000, 0x000000033a100000|100%| E|CS|TAMS 0x000000033a000000, 0x000000033a000000| Complete 
| 921|0x000000033a100000, 0x000000033a200000, 0x000000033a200000|100%| E|CS|TAMS 0x000000033a100000, 0x000000033a100000| Complete 
| 922|0x000000033a200000, 0x000000033a300000, 0x000000033a300000|100%| E|CS|TAMS 0x000000033a200000, 0x000000033a200000| Complete 
| 923|0x000000033a300000, 0x000000033a400000, 0x000000033a400000|100%| E|CS|TAMS 0x000000033a300000, 0x000000033a300000| Complete 
| 924|0x000000033a400000, 0x000000033a500000, 0x000000033a500000|100%| E|CS|TAMS 0x000000033a400000, 0x000000033a400000| Complete 
| 925|0x000000033a500000, 0x000000033a600000, 0x000000033a600000|100%| E|CS|TAMS 0x000000033a500000, 0x000000033a500000| Complete 
| 926|0x000000033a600000, 0x000000033a700000, 0x000000033a700000|100%| E|CS|TAMS 0x000000033a600000, 0x000000033a600000| Complete 
| 927|0x000000033a700000, 0x000000033a800000, 0x000000033a800000|100%| E|CS|TAMS 0x000000033a700000, 0x000000033a700000| Complete 
| 928|0x000000033a800000, 0x000000033a900000, 0x000000033a900000|100%| E|CS|TAMS 0x000000033a800000, 0x000000033a800000| Complete 
| 929|0x000000033a900000, 0x000000033aa00000, 0x000000033aa00000|100%| E|CS|TAMS 0x000000033a900000, 0x000000033a900000| Complete 
| 930|0x000000033aa00000, 0x000000033ab00000, 0x000000033ab00000|100%| E|CS|TAMS 0x000000033aa00000, 0x000000033aa00000| Complete 
| 931|0x000000033ab00000, 0x000000033ac00000, 0x000000033ac00000|100%| E|CS|TAMS 0x000000033ab00000, 0x000000033ab00000| Complete 
| 932|0x000000033ac00000, 0x000000033ad00000, 0x000000033ad00000|100%| E|CS|TAMS 0x000000033ac00000, 0x000000033ac00000| Complete 
| 933|0x000000033ad00000, 0x000000033ae00000, 0x000000033ae00000|100%| E|CS|TAMS 0x000000033ad00000, 0x000000033ad00000| Complete 
| 934|0x000000033ae00000, 0x000000033af00000, 0x000000033af00000|100%| E|CS|TAMS 0x000000033ae00000, 0x000000033ae00000| Complete 
| 935|0x000000033af00000, 0x000000033b000000, 0x000000033b000000|100%| E|CS|TAMS 0x000000033af00000, 0x000000033af00000| Complete 
| 936|0x000000033b000000, 0x000000033b100000, 0x000000033b100000|100%| E|CS|TAMS 0x000000033b000000, 0x000000033b000000| Complete 
| 937|0x000000033b100000, 0x000000033b200000, 0x000000033b200000|100%| E|CS|TAMS 0x000000033b100000, 0x000000033b100000| Complete 
| 938|0x000000033b200000, 0x000000033b300000, 0x000000033b300000|100%| E|CS|TAMS 0x000000033b200000, 0x000000033b200000| Complete 
| 939|0x000000033b300000, 0x000000033b400000, 0x000000033b400000|100%| E|CS|TAMS 0x000000033b300000, 0x000000033b300000| Complete 
| 940|0x000000033b400000, 0x000000033b500000, 0x000000033b500000|100%| E|CS|TAMS 0x000000033b400000, 0x000000033b400000| Complete 
| 941|0x000000033b500000, 0x000000033b600000, 0x000000033b600000|100%| E|CS|TAMS 0x000000033b500000, 0x000000033b500000| Complete 
| 942|0x000000033b600000, 0x000000033b700000, 0x000000033b700000|100%| E|CS|TAMS 0x000000033b600000, 0x000000033b600000| Complete 
| 943|0x000000033b700000, 0x000000033b800000, 0x000000033b800000|100%| E|CS|TAMS 0x000000033b700000, 0x000000033b700000| Complete 
| 944|0x000000033b800000, 0x000000033b900000, 0x000000033b900000|100%| E|CS|TAMS 0x000000033b800000, 0x000000033b800000| Complete 
| 945|0x000000033b900000, 0x000000033ba00000, 0x000000033ba00000|100%| E|CS|TAMS 0x000000033b900000, 0x000000033b900000| Complete 
| 946|0x000000033ba00000, 0x000000033bb00000, 0x000000033bb00000|100%| E|CS|TAMS 0x000000033ba00000, 0x000000033ba00000| Complete 
| 947|0x000000033bb00000, 0x000000033bc00000, 0x000000033bc00000|100%| E|CS|TAMS 0x000000033bb00000, 0x000000033bb00000| Complete 
| 948|0x000000033bc00000, 0x000000033bd00000, 0x000000033bd00000|100%| E|CS|TAMS 0x000000033bc00000, 0x000000033bc00000| Complete 
| 949|0x000000033bd00000, 0x000000033be00000, 0x000000033be00000|100%| E|CS|TAMS 0x000000033bd00000, 0x000000033bd00000| Complete 
| 950|0x000000033be00000, 0x000000033bf00000, 0x000000033bf00000|100%| E|CS|TAMS 0x000000033be00000, 0x000000033be00000| Complete 
| 951|0x000000033bf00000, 0x000000033c000000, 0x000000033c000000|100%| E|CS|TAMS 0x000000033bf00000, 0x000000033bf00000| Complete 
| 952|0x000000033c000000, 0x000000033c100000, 0x000000033c100000|100%| E|CS|TAMS 0x000000033c000000, 0x000000033c000000| Complete 
| 953|0x000000033c100000, 0x000000033c200000, 0x000000033c200000|100%| E|CS|TAMS 0x000000033c100000, 0x000000033c100000| Complete 
| 954|0x000000033c200000, 0x000000033c300000, 0x000000033c300000|100%| E|CS|TAMS 0x000000033c200000, 0x000000033c200000| Complete 
| 955|0x000000033c300000, 0x000000033c400000, 0x000000033c400000|100%| E|CS|TAMS 0x000000033c300000, 0x000000033c300000| Complete 
| 956|0x000000033c400000, 0x000000033c500000, 0x000000033c500000|100%| E|CS|TAMS 0x000000033c400000, 0x000000033c400000| Complete 
| 957|0x000000033c500000, 0x000000033c600000, 0x000000033c600000|100%| E|CS|TAMS 0x000000033c500000, 0x000000033c500000| Complete 
| 958|0x000000033c600000, 0x000000033c700000, 0x000000033c700000|100%| E|CS|TAMS 0x000000033c600000, 0x000000033c600000| Complete 
| 959|0x000000033c700000, 0x000000033c800000, 0x000000033c800000|100%| E|CS|TAMS 0x000000033c700000, 0x000000033c700000| Complete 
| 960|0x000000033c800000, 0x000000033c900000, 0x000000033c900000|100%| E|CS|TAMS 0x000000033c800000, 0x000000033c800000| Complete 
| 961|0x000000033c900000, 0x000000033ca00000, 0x000000033ca00000|100%| E|CS|TAMS 0x000000033c900000, 0x000000033c900000| Complete 
| 962|0x000000033ca00000, 0x000000033cb00000, 0x000000033cb00000|100%| E|CS|TAMS 0x000000033ca00000, 0x000000033ca00000| Complete 
| 963|0x000000033cb00000, 0x000000033cc00000, 0x000000033cc00000|100%| E|CS|TAMS 0x000000033cb00000, 0x000000033cb00000| Complete 
| 964|0x000000033cc00000, 0x000000033cd00000, 0x000000033cd00000|100%| E|CS|TAMS 0x000000033cc00000, 0x000000033cc00000| Complete 
| 965|0x000000033cd00000, 0x000000033ce00000, 0x000000033ce00000|100%| E|CS|TAMS 0x000000033cd00000, 0x000000033cd00000| Complete 
| 966|0x000000033ce00000, 0x000000033cf00000, 0x000000033cf00000|100%| E|CS|TAMS 0x000000033ce00000, 0x000000033ce00000| Complete 
| 967|0x000000033cf00000, 0x000000033d000000, 0x000000033d000000|100%| E|CS|TAMS 0x000000033cf00000, 0x000000033cf00000| Complete 
| 968|0x000000033d000000, 0x000000033d100000, 0x000000033d100000|100%| E|CS|TAMS 0x000000033d000000, 0x000000033d000000| Complete 
| 969|0x000000033d100000, 0x000000033d200000, 0x000000033d200000|100%| E|CS|TAMS 0x000000033d100000, 0x000000033d100000| Complete 
| 970|0x000000033d200000, 0x000000033d300000, 0x000000033d300000|100%| E|CS|TAMS 0x000000033d200000, 0x000000033d200000| Complete 
| 971|0x000000033d300000, 0x000000033d400000, 0x000000033d400000|100%| E|CS|TAMS 0x000000033d300000, 0x000000033d300000| Complete 
| 972|0x000000033d400000, 0x000000033d500000, 0x000000033d500000|100%| E|CS|TAMS 0x000000033d400000, 0x000000033d400000| Complete 
| 973|0x000000033d500000, 0x000000033d600000, 0x000000033d600000|100%| E|CS|TAMS 0x000000033d500000, 0x000000033d500000| Complete 
| 974|0x000000033d600000, 0x000000033d700000, 0x000000033d700000|100%| E|CS|TAMS 0x000000033d600000, 0x000000033d600000| Complete 
| 975|0x000000033d700000, 0x000000033d800000, 0x000000033d800000|100%| E|CS|TAMS 0x000000033d700000, 0x000000033d700000| Complete 
| 976|0x000000033d800000, 0x000000033d900000, 0x000000033d900000|100%| E|CS|TAMS 0x000000033d800000, 0x000000033d800000| Complete 
| 977|0x000000033d900000, 0x000000033da00000, 0x000000033da00000|100%| E|CS|TAMS 0x000000033d900000, 0x000000033d900000| Complete 
| 978|0x000000033da00000, 0x000000033db00000, 0x000000033db00000|100%| E|CS|TAMS 0x000000033da00000, 0x000000033da00000| Complete 
| 979|0x000000033db00000, 0x000000033dc00000, 0x000000033dc00000|100%| E|CS|TAMS 0x000000033db00000, 0x000000033db00000| Complete 
| 980|0x000000033dc00000, 0x000000033dd00000, 0x000000033dd00000|100%| E|CS|TAMS 0x000000033dc00000, 0x000000033dc00000| Complete 
| 981|0x000000033dd00000, 0x000000033de00000, 0x000000033de00000|100%| E|CS|TAMS 0x000000033dd00000, 0x000000033dd00000| Complete 
| 982|0x000000033de00000, 0x000000033df00000, 0x000000033df00000|100%| E|CS|TAMS 0x000000033de00000, 0x000000033de00000| Complete 
| 983|0x000000033df00000, 0x000000033e000000, 0x000000033e000000|100%| E|CS|TAMS 0x000000033df00000, 0x000000033df00000| Complete 
| 984|0x000000033e000000, 0x000000033e100000, 0x000000033e100000|100%| E|CS|TAMS 0x000000033e000000, 0x000000033e000000| Complete 
| 985|0x000000033e100000, 0x000000033e200000, 0x000000033e200000|100%| E|CS|TAMS 0x000000033e100000, 0x000000033e100000| Complete 
| 986|0x000000033e200000, 0x000000033e300000, 0x000000033e300000|100%| E|CS|TAMS 0x000000033e200000, 0x000000033e200000| Complete 
| 987|0x000000033e300000, 0x000000033e400000, 0x000000033e400000|100%| E|CS|TAMS 0x000000033e300000, 0x000000033e300000| Complete 
| 988|0x000000033e400000, 0x000000033e500000, 0x000000033e500000|100%| E|CS|TAMS 0x000000033e400000, 0x000000033e400000| Complete 
| 989|0x000000033e500000, 0x000000033e600000, 0x000000033e600000|100%| E|CS|TAMS 0x000000033e500000, 0x000000033e500000| Complete 
| 990|0x000000033e600000, 0x000000033e700000, 0x000000033e700000|100%| E|CS|TAMS 0x000000033e600000, 0x000000033e600000| Complete 
| 991|0x000000033e700000, 0x000000033e800000, 0x000000033e800000|100%| E|CS|TAMS 0x000000033e700000, 0x000000033e700000| Complete 
| 992|0x000000033e800000, 0x000000033e900000, 0x000000033e900000|100%| E|CS|TAMS 0x000000033e800000, 0x000000033e800000| Complete 
| 993|0x000000033e900000, 0x000000033ea00000, 0x000000033ea00000|100%| E|CS|TAMS 0x000000033e900000, 0x000000033e900000| Complete 
| 994|0x000000033ea00000, 0x000000033eb00000, 0x000000033eb00000|100%| E|CS|TAMS 0x000000033ea00000, 0x000000033ea00000| Complete 
| 995|0x000000033eb00000, 0x000000033ec00000, 0x000000033ec00000|100%| E|CS|TAMS 0x000000033eb00000, 0x000000033eb00000| Complete 
| 996|0x000000033ec00000, 0x000000033ed00000, 0x000000033ed00000|100%| E|CS|TAMS 0x000000033ec00000, 0x000000033ec00000| Complete 
| 997|0x000000033ed00000, 0x000000033ee00000, 0x000000033ee00000|100%| E|CS|TAMS 0x000000033ed00000, 0x000000033ed00000| Complete 
| 998|0x000000033ee00000, 0x000000033ef00000, 0x000000033ef00000|100%| E|CS|TAMS 0x000000033ee00000, 0x000000033ee00000| Complete 
| 999|0x000000033ef00000, 0x000000033f000000, 0x000000033f000000|100%| E|CS|TAMS 0x000000033ef00000, 0x000000033ef00000| Complete 
|1000|0x000000033f000000, 0x000000033f100000, 0x000000033f100000|100%| E|CS|TAMS 0x000000033f000000, 0x000000033f000000| Complete 
|1001|0x000000033f100000, 0x000000033f200000, 0x000000033f200000|100%| E|CS|TAMS 0x000000033f100000, 0x000000033f100000| Complete 
|1002|0x000000033f200000, 0x000000033f300000, 0x000000033f300000|100%| E|CS|TAMS 0x000000033f200000, 0x000000033f200000| Complete 
|1003|0x000000033f300000, 0x000000033f400000, 0x000000033f400000|100%| E|CS|TAMS 0x000000033f300000, 0x000000033f300000| Complete 
|1004|0x000000033f400000, 0x000000033f500000, 0x000000033f500000|100%| E|CS|TAMS 0x000000033f400000, 0x000000033f400000| Complete 
|1005|0x000000033f500000, 0x000000033f600000, 0x000000033f600000|100%| E|CS|TAMS 0x000000033f500000, 0x000000033f500000| Complete 
|1006|0x000000033f600000, 0x000000033f700000, 0x000000033f700000|100%| E|CS|TAMS 0x000000033f600000, 0x000000033f600000| Complete 
|1007|0x000000033f700000, 0x000000033f800000, 0x000000033f800000|100%| E|CS|TAMS 0x000000033f700000, 0x000000033f700000| Complete 
|1008|0x000000033f800000, 0x000000033f900000, 0x000000033f900000|100%| E|CS|TAMS 0x000000033f800000, 0x000000033f800000| Complete 
|1009|0x000000033f900000, 0x000000033fa00000, 0x000000033fa00000|100%| E|CS|TAMS 0x000000033f900000, 0x000000033f900000| Complete 
|1010|0x000000033fa00000, 0x000000033fb00000, 0x000000033fb00000|100%| E|CS|TAMS 0x000000033fa00000, 0x000000033fa00000| Complete 
|1011|0x000000033fb00000, 0x000000033fc00000, 0x000000033fc00000|100%| E|CS|TAMS 0x000000033fb00000, 0x000000033fb00000| Complete 
|1012|0x000000033fc00000, 0x000000033fd00000, 0x000000033fd00000|100%| E|CS|TAMS 0x000000033fc00000, 0x000000033fc00000| Complete 
|1013|0x000000033fd00000, 0x000000033fe00000, 0x000000033fe00000|100%| E|CS|TAMS 0x000000033fd00000, 0x000000033fd00000| Complete 
|1014|0x000000033fe00000, 0x000000033ff00000, 0x000000033ff00000|100%| E|CS|TAMS 0x000000033fe00000, 0x000000033fe00000| Complete 
|1015|0x000000033ff00000, 0x0000000340000000, 0x0000000340000000|100%| E|CS|TAMS 0x000000033ff00000, 0x000000033ff00000| Complete 
|1016|0x0000000340000000, 0x0000000340100000, 0x0000000340100000|100%| E|CS|TAMS 0x0000000340000000, 0x0000000340000000| Complete 
|1017|0x0000000340100000, 0x0000000340200000, 0x0000000340200000|100%| E|CS|TAMS 0x0000000340100000, 0x0000000340100000| Complete 
|1018|0x0000000340200000, 0x0000000340300000, 0x0000000340300000|100%| E|CS|TAMS 0x0000000340200000, 0x0000000340200000| Complete 
|1019|0x0000000340300000, 0x0000000340400000, 0x0000000340400000|100%| E|CS|TAMS 0x0000000340300000, 0x0000000340300000| Complete 
|1020|0x0000000340400000, 0x0000000340500000, 0x0000000340500000|100%| E|CS|TAMS 0x0000000340400000, 0x0000000340400000| Complete 
|1021|0x0000000340500000, 0x0000000340600000, 0x0000000340600000|100%| E|CS|TAMS 0x0000000340500000, 0x0000000340500000| Complete 
|1022|0x0000000340600000, 0x0000000340700000, 0x0000000340700000|100%| E|CS|TAMS 0x0000000340600000, 0x0000000340600000| Complete 
|1023|0x0000000340700000, 0x0000000340800000, 0x0000000340800000|100%| E|CS|TAMS 0x0000000340700000, 0x0000000340700000| Complete 
|1024|0x0000000340800000, 0x0000000340900000, 0x0000000340900000|100%| E|CS|TAMS 0x0000000340800000, 0x0000000340800000| Complete 
|1025|0x0000000340900000, 0x0000000340a00000, 0x0000000340a00000|100%| E|CS|TAMS 0x0000000340900000, 0x0000000340900000| Complete 
|1026|0x0000000340a00000, 0x0000000340b00000, 0x0000000340b00000|100%| E|CS|TAMS 0x0000000340a00000, 0x0000000340a00000| Complete 
|1027|0x0000000340b00000, 0x0000000340c00000, 0x0000000340c00000|100%| E|CS|TAMS 0x0000000340b00000, 0x0000000340b00000| Complete 
|1028|0x0000000340c00000, 0x0000000340d00000, 0x0000000340d00000|100%| E|CS|TAMS 0x0000000340c00000, 0x0000000340c00000| Complete 
|1029|0x0000000340d00000, 0x0000000340e00000, 0x0000000340e00000|100%| E|CS|TAMS 0x0000000340d00000, 0x0000000340d00000| Complete 
|1030|0x0000000340e00000, 0x0000000340f00000, 0x0000000340f00000|100%| E|CS|TAMS 0x0000000340e00000, 0x0000000340e00000| Complete 
|1031|0x0000000340f00000, 0x0000000341000000, 0x0000000341000000|100%| E|CS|TAMS 0x0000000340f00000, 0x0000000340f00000| Complete 
|1032|0x0000000341000000, 0x0000000341100000, 0x0000000341100000|100%| E|CS|TAMS 0x0000000341000000, 0x0000000341000000| Complete 
|1033|0x0000000341100000, 0x0000000341200000, 0x0000000341200000|100%| E|CS|TAMS 0x0000000341100000, 0x0000000341100000| Complete 
|1034|0x0000000341200000, 0x0000000341300000, 0x0000000341300000|100%| E|CS|TAMS 0x0000000341200000, 0x0000000341200000| Complete 
|1035|0x0000000341300000, 0x0000000341400000, 0x0000000341400000|100%| E|CS|TAMS 0x0000000341300000, 0x0000000341300000| Complete 
|1036|0x0000000341400000, 0x0000000341500000, 0x0000000341500000|100%| E|CS|TAMS 0x0000000341400000, 0x0000000341400000| Complete 
|1037|0x0000000341500000, 0x0000000341600000, 0x0000000341600000|100%| E|CS|TAMS 0x0000000341500000, 0x0000000341500000| Complete 
|1038|0x0000000341600000, 0x0000000341700000, 0x0000000341700000|100%| E|CS|TAMS 0x0000000341600000, 0x0000000341600000| Complete 
|1039|0x0000000341700000, 0x0000000341800000, 0x0000000341800000|100%| E|CS|TAMS 0x0000000341700000, 0x0000000341700000| Complete 
|1040|0x0000000341800000, 0x0000000341900000, 0x0000000341900000|100%| E|CS|TAMS 0x0000000341800000, 0x0000000341800000| Complete 
|1041|0x0000000341900000, 0x0000000341a00000, 0x0000000341a00000|100%| E|CS|TAMS 0x0000000341900000, 0x0000000341900000| Complete 
|1042|0x0000000341a00000, 0x0000000341b00000, 0x0000000341b00000|100%| E|CS|TAMS 0x0000000341a00000, 0x0000000341a00000| Complete 
|1043|0x0000000341b00000, 0x0000000341c00000, 0x0000000341c00000|100%| E|CS|TAMS 0x0000000341b00000, 0x0000000341b00000| Complete 
|1044|0x0000000341c00000, 0x0000000341d00000, 0x0000000341d00000|100%| E|CS|TAMS 0x0000000341c00000, 0x0000000341c00000| Complete 
|1045|0x0000000341d00000, 0x0000000341e00000, 0x0000000341e00000|100%| E|CS|TAMS 0x0000000341d00000, 0x0000000341d00000| Complete 
|1046|0x0000000341e00000, 0x0000000341f00000, 0x0000000341f00000|100%| E|CS|TAMS 0x0000000341e00000, 0x0000000341e00000| Complete 
|1047|0x0000000341f00000, 0x0000000342000000, 0x0000000342000000|100%| E|CS|TAMS 0x0000000341f00000, 0x0000000341f00000| Complete 
|1048|0x0000000342000000, 0x0000000342100000, 0x0000000342100000|100%| E|CS|TAMS 0x0000000342000000, 0x0000000342000000| Complete 
|1049|0x0000000342100000, 0x0000000342200000, 0x0000000342200000|100%| E|CS|TAMS 0x0000000342100000, 0x0000000342100000| Complete 
|1050|0x0000000342200000, 0x0000000342300000, 0x0000000342300000|100%| E|CS|TAMS 0x0000000342200000, 0x0000000342200000| Complete 
|1051|0x0000000342300000, 0x0000000342400000, 0x0000000342400000|100%| E|CS|TAMS 0x0000000342300000, 0x0000000342300000| Complete 
|1052|0x0000000342400000, 0x0000000342500000, 0x0000000342500000|100%| E|CS|TAMS 0x0000000342400000, 0x0000000342400000| Complete 
|1053|0x0000000342500000, 0x0000000342600000, 0x0000000342600000|100%| E|CS|TAMS 0x0000000342500000, 0x0000000342500000| Complete 
|1054|0x0000000342600000, 0x0000000342700000, 0x0000000342700000|100%| E|CS|TAMS 0x0000000342600000, 0x0000000342600000| Complete 
|1055|0x0000000342700000, 0x0000000342800000, 0x0000000342800000|100%| E|CS|TAMS 0x0000000342700000, 0x0000000342700000| Complete 
|1056|0x0000000342800000, 0x0000000342900000, 0x0000000342900000|100%| E|CS|TAMS 0x0000000342800000, 0x0000000342800000| Complete 
|1057|0x0000000342900000, 0x0000000342a00000, 0x0000000342a00000|100%| E|CS|TAMS 0x0000000342900000, 0x0000000342900000| Complete 
|1058|0x0000000342a00000, 0x0000000342b00000, 0x0000000342b00000|100%| E|CS|TAMS 0x0000000342a00000, 0x0000000342a00000| Complete 
|1059|0x0000000342b00000, 0x0000000342c00000, 0x0000000342c00000|100%| E|CS|TAMS 0x0000000342b00000, 0x0000000342b00000| Complete 
|1060|0x0000000342c00000, 0x0000000342d00000, 0x0000000342d00000|100%| E|CS|TAMS 0x0000000342c00000, 0x0000000342c00000| Complete 
|1061|0x0000000342d00000, 0x0000000342e00000, 0x0000000342e00000|100%| E|CS|TAMS 0x0000000342d00000, 0x0000000342d00000| Complete 
|1062|0x0000000342e00000, 0x0000000342f00000, 0x0000000342f00000|100%| E|CS|TAMS 0x0000000342e00000, 0x0000000342e00000| Complete 
|1063|0x0000000342f00000, 0x0000000343000000, 0x0000000343000000|100%| E|CS|TAMS 0x0000000342f00000, 0x0000000342f00000| Complete 
|1064|0x0000000343000000, 0x0000000343100000, 0x0000000343100000|100%| E|CS|TAMS 0x0000000343000000, 0x0000000343000000| Complete 
|1065|0x0000000343100000, 0x0000000343200000, 0x0000000343200000|100%| E|CS|TAMS 0x0000000343100000, 0x0000000343100000| Complete 
|1066|0x0000000343200000, 0x0000000343300000, 0x0000000343300000|100%| E|CS|TAMS 0x0000000343200000, 0x0000000343200000| Complete 
|1067|0x0000000343300000, 0x0000000343400000, 0x0000000343400000|100%| E|CS|TAMS 0x0000000343300000, 0x0000000343300000| Complete 
|1068|0x0000000343400000, 0x0000000343500000, 0x0000000343500000|100%| E|CS|TAMS 0x0000000343400000, 0x0000000343400000| Complete 
|1069|0x0000000343500000, 0x0000000343600000, 0x0000000343600000|100%| E|CS|TAMS 0x0000000343500000, 0x0000000343500000| Complete 
|1070|0x0000000343600000, 0x0000000343700000, 0x0000000343700000|100%| E|CS|TAMS 0x0000000343600000, 0x0000000343600000| Complete 
|1071|0x0000000343700000, 0x0000000343800000, 0x0000000343800000|100%| E|CS|TAMS 0x0000000343700000, 0x0000000343700000| Complete 
|1072|0x0000000343800000, 0x0000000343900000, 0x0000000343900000|100%| E|CS|TAMS 0x0000000343800000, 0x0000000343800000| Complete 
|1073|0x0000000343900000, 0x0000000343a00000, 0x0000000343a00000|100%| E|CS|TAMS 0x0000000343900000, 0x0000000343900000| Complete 
|1074|0x0000000343a00000, 0x0000000343b00000, 0x0000000343b00000|100%| E|CS|TAMS 0x0000000343a00000, 0x0000000343a00000| Complete 
|1075|0x0000000343b00000, 0x0000000343c00000, 0x0000000343c00000|100%| E|CS|TAMS 0x0000000343b00000, 0x0000000343b00000| Complete 
|1076|0x0000000343c00000, 0x0000000343d00000, 0x0000000343d00000|100%| E|CS|TAMS 0x0000000343c00000, 0x0000000343c00000| Complete 

Card table byte_map: [0x0000000107548000,0x0000000107948000] _byte_map_base: 0x0000000105d44000

Marking Bits (Prev, Next): (CMBitMap*) 0x0000000102b95268, (CMBitMap*) 0x0000000102b952a0
 Prev Bits: [0x0000000120300000, 0x0000000122300000)
 Next Bits: [0x0000000122300000, 0x0000000124300000)

Polling page: 0x00000001024b8000

Metaspace:

Usage:
  Non-class:    199.27 MB capacity,   195.33 MB ( 98%) used,     3.07 MB (  2%) free+waste,   886.88 KB ( <1%) overhead. 
      Class:     29.76 MB capacity,    27.20 MB ( 91%) used,     2.18 MB (  7%) free+waste,   384.12 KB (  1%) overhead. 
       Both:    229.04 MB capacity,   222.54 MB ( 97%) used,     5.26 MB (  2%) free+waste,     1.24 MB ( <1%) overhead. 

Virtual space:
  Non-class space:      202.00 MB reserved,     200.61 MB (>99%) committed 
      Class space:        1.00 GB reserved,      30.72 MB (  3%) committed 
             Both:        1.20 GB reserved,     231.33 MB ( 19%) committed 

Chunk freelists:
   Non-Class:  1.24 MB
       Class:  883.00 KB
        Both:  2.11 MB

MaxMetaspaceSize: unlimited
CompressedClassSpaceSize: 1.00 GB
Initial GC threshold: 20.80 MB
Current GC threshold: 382.42 MB
CDS: off

CodeHeap 'non-profiled nmethods': size=120032Kb used=26692Kb max_used=26692Kb free=93339Kb
 bounds [0x00000001189c8000, 0x000000011a3e8000, 0x000000011ff00000]
CodeHeap 'profiled nmethods': size=120016Kb used=81937Kb max_used=81937Kb free=38078Kb
 bounds [0x0000000111494000, 0x00000001164b4000, 0x00000001189c8000]
CodeHeap 'non-nmethods': size=5712Kb used=1874Kb max_used=2060Kb free=3837Kb
 bounds [0x0000000110f00000, 0x0000000111170000, 0x0000000111494000]
 total_blobs=37287 nmethods=36076 adapters=1124
 compilation: enabled
              stopped_count=0, restarted_count=0
 full_count=0

Compilation events (20 events):
Event: 1244.028 Thread 0x0000000778d31000 54013       3       java.util.Arrays::hashCode (44 bytes)
Event: 1244.029 Thread 0x0000000778d31000 nmethod 54013 0x00000001164ab890 code [0x00000001164aba40, 0x00000001164abc90]
Event: 1244.042 Thread 0x0000000778d31000 54016 % !   3       com.android.tools.r8.graph.e1::b @ 31 (135 bytes)
Event: 1244.043 Thread 0x0000000778d31000 nmethod 54016% 0x00000001164abd90 code [0x00000001164ac0c0, 0x00000001164ad0f0]
Event: 1244.098 Thread 0x0000000778d31000 54023 %     3       com.android.tools.r8.dex.i::c @ 14 (73 bytes)
Event: 1244.099 Thread 0x0000000778d31000 nmethod 54023% 0x00000001164ad690 code [0x00000001164ad940, 0x00000001164ae5d0]
Event: 1244.101 Thread 0x0000000778d31000 54024 %     3       com.android.tools.r8.graph.s3::a @ 2 (27 bytes)
Event: 1244.101 Thread 0x0000000778d31000 nmethod 54024% 0x00000001164aea90 code [0x00000001164aec80, 0x00000001164af050]
Event: 1244.103 Thread 0x0000000778d31000 54025       2       com.android.tools.r8.dex.code.F3::hashCode (35 bytes)
Event: 1244.103 Thread 0x0000000778d31000 nmethod 54025 0x00000001164af210 code [0x00000001164af3c0, 0x00000001164af5f0]
Event: 1244.122 Thread 0x0000000778d31000 54026       3       com.android.tools.r8.dex.i::g (53 bytes)
Event: 1244.122 Thread 0x0000000778d31000 nmethod 54026 0x00000001164af710 code [0x00000001164af940, 0x00000001164b00f0]
Event: 1244.132 Thread 0x0000000778d31000 54027       2       com.android.tools.r8.dex.code.d0::<init> (30 bytes)
Event: 1244.132 Thread 0x0000000778d31000 nmethod 54027 0x00000001164b0390 code [0x00000001164b05c0, 0x00000001164b0a50]
Event: 1244.148 Thread 0x0000000778d31000 54029       2       com.android.tools.r8.dex.code.i0::<init> (7 bytes)
Event: 1244.148 Thread 0x0000000778d31000 nmethod 54029 0x00000001164b0d90 code [0x00000001164b0f80, 0x00000001164b12b0]
Event: 1244.155 Thread 0x0000000778d31000 54030       2       com.android.tools.r8.dex.code.c1::<init> (7 bytes)
Event: 1244.155 Thread 0x0000000778d31000 nmethod 54030 0x00000001164b1490 code [0x00000001164b1640, 0x00000001164b18c0]
Event: 1244.172 Thread 0x0000000778d31000 54031       2       com.android.tools.r8.dex.code.m::<init> (7 bytes)
Event: 1244.173 Thread 0x0000000778d31000 nmethod 54031 0x00000001164b1a90 code [0x00000001164b1c80, 0x00000001164b1fb0]

GC Heap History (20 events):
Event: 1091.694 GC heap before
{Heap before GC invocations=117 (full 0):
 garbage-first heap   total 1102848K, used 319536K [0x0000000300800000, 0x0000000380800000)
  region size 1024K, 63 young (64512K), 5 survivors (5120K)
 Metaspace       used 226397K, capacity 232736K, committed 235984K, reserved 1253376K
  class space    used 27684K, capacity 30169K, committed 31328K, reserved 1048576K
}
Event: 1091.704 GC heap after
{Heap after GC invocations=118 (full 0):
 garbage-first heap   total 1102848K, used 267498K [0x0000000300800000, 0x0000000380800000)
  region size 1024K, 7 young (7168K), 7 survivors (7168K)
 Metaspace       used 226397K, capacity 232736K, committed 235984K, reserved 1253376K
  class space    used 27684K, capacity 30169K, committed 31328K, reserved 1048576K
}
Event: 1098.239 GC heap before
{Heap before GC invocations=118 (full 0):
 garbage-first heap   total 1102848K, used 334058K [0x0000000300800000, 0x0000000380800000)
  region size 1024K, 72 young (73728K), 7 survivors (7168K)
 Metaspace       used 226552K, capacity 232841K, committed 236112K, reserved 1253376K
  class space    used 27704K, capacity 30204K, committed 31456K, reserved 1048576K
}
Event: 1098.249 GC heap after
{Heap after GC invocations=119 (full 0):
 garbage-first heap   total 1102848K, used 276022K [0x0000000300800000, 0x0000000380800000)
  region size 1024K, 9 young (9216K), 9 survivors (9216K)
 Metaspace       used 226552K, capacity 232841K, committed 236112K, reserved 1253376K
  class space    used 27704K, capacity 30204K, committed 31456K, reserved 1048576K
}
Event: 1111.578 GC heap before
{Heap before GC invocations=119 (full 0):
 garbage-first heap   total 1102848K, used 353846K [0x0000000300800000, 0x0000000380800000)
  region size 1024K, 85 young (87040K), 9 survivors (9216K)
 Metaspace       used 226642K, capacity 232908K, committed 236112K, reserved 1253376K
  class space    used 27705K, capacity 30204K, committed 31456K, reserved 1048576K
}
Event: 1111.595 GC heap after
{Heap after GC invocations=120 (full 0):
 garbage-first heap   total 1102848K, used 279180K [0x0000000300800000, 0x0000000380800000)
  region size 1024K, 4 young (4096K), 4 survivors (4096K)
 Metaspace       used 226642K, capacity 232908K, committed 236112K, reserved 1253376K
  class space    used 27705K, capacity 30204K, committed 31456K, reserved 1048576K
}
Event: 1223.297 GC heap before
{Heap before GC invocations=120 (full 0):
 garbage-first heap   total 1102848K, used 374412K [0x0000000300800000, 0x0000000380800000)
  region size 1024K, 98 young (100352K), 4 survivors (4096K)
 Metaspace       used 226694K, capacity 232974K, committed 236112K, reserved 1253376K
  class space    used 27705K, capacity 30204K, committed 31456K, reserved 1048576K
}
Event: 1223.308 GC heap after
{Heap after GC invocations=121 (full 0):
 garbage-first heap   total 1102848K, used 277046K [0x0000000300800000, 0x0000000380800000)
  region size 1024K, 2 young (2048K), 2 survivors (2048K)
 Metaspace       used 226694K, capacity 232974K, committed 236112K, reserved 1253376K
  class space    used 27705K, capacity 30204K, committed 31456K, reserved 1048576K
}
Event: 1223.796 GC heap before
{Heap before GC invocations=121 (full 0):
 garbage-first heap   total 1102848K, used 401974K [0x0000000300800000, 0x0000000380800000)
  region size 1024K, 125 young (128000K), 2 survivors (2048K)
 Metaspace       used 227066K, capacity 233597K, committed 236368K, reserved 1255424K
  class space    used 27785K, capacity 30353K, committed 31456K, reserved 1048576K
}
Event: 1223.803 GC heap after
{Heap after GC invocations=122 (full 0):
 garbage-first heap   total 1102848K, used 285687K [0x0000000300800000, 0x0000000380800000)
  region size 1024K, 10 young (10240K), 10 survivors (10240K)
 Metaspace       used 227066K, capacity 233597K, committed 236368K, reserved 1255424K
  class space    used 27785K, capacity 30353K, committed 31456K, reserved 1048576K
}
Event: 1227.051 GC heap before
{Heap before GC invocations=122 (full 0):
 garbage-first heap   total 1102848K, used 444407K [0x0000000300800000, 0x0000000380800000)
  region size 1024K, 160 young (163840K), 10 survivors (10240K)
 Metaspace       used 227267K, capacity 233881K, committed 236368K, reserved 1255424K
  class space    used 27823K, capacity 30424K, committed 31456K, reserved 1048576K
}
Event: 1227.073 GC heap after
{Heap after GC invocations=123 (full 0):
 garbage-first heap   total 1102848K, used 309540K [0x0000000300800000, 0x0000000380800000)
  region size 1024K, 20 young (20480K), 20 survivors (20480K)
 Metaspace       used 227267K, capacity 233881K, committed 236368K, reserved 1255424K
  class space    used 27823K, capacity 30424K, committed 31456K, reserved 1048576K
}
Event: 1227.199 GC heap before
{Heap before GC invocations=123 (full 0):
 garbage-first heap   total 1102848K, used 487716K [0x0000000300800000, 0x0000000380800000)
  region size 1024K, 194 young (198656K), 20 survivors (20480K)
 Metaspace       used 227413K, capacity 234009K, committed 236624K, reserved 1255424K
  class space    used 27824K, capacity 30424K, committed 31456K, reserved 1048576K
}
Event: 1227.214 GC heap after
{Heap after GC invocations=124 (full 0):
 garbage-first heap   total 1102848K, used 322513K [0x0000000300800000, 0x0000000380800000)
  region size 1024K, 24 young (24576K), 24 survivors (24576K)
 Metaspace       used 227413K, capacity 234009K, committed 236624K, reserved 1255424K
  class space    used 27824K, capacity 30424K, committed 31456K, reserved 1048576K
}
Event: 1234.622 GC heap before
{Heap before GC invocations=124 (full 0):
 garbage-first heap   total 1102848K, used 597969K [0x0000000300800000, 0x0000000380800000)
  region size 1024K, 219 young (224256K), 24 survivors (24576K)
 Metaspace       used 227611K, capacity 234182K, committed 236624K, reserved 1255424K
  class space    used 27841K, capacity 30455K, committed 31456K, reserved 1048576K
}
Event: 1234.697 GC heap after
{Heap after GC invocations=125 (full 0):
 garbage-first heap   total 1102848K, used 327937K [0x0000000300800000, 0x0000000380800000)
  region size 1024K, 23 young (23552K), 23 survivors (23552K)
 Metaspace       used 227611K, capacity 234182K, committed 236624K, reserved 1255424K
  class space    used 27841K, capacity 30455K, committed 31456K, reserved 1048576K
}
Event: 1243.211 GC heap before
{Heap before GC invocations=125 (full 0):
 garbage-first heap   total 1102848K, used 537857K [0x0000000300800000, 0x0000000380800000)
  region size 1024K, 226 young (231424K), 23 survivors (23552K)
 Metaspace       used 227750K, capacity 234368K, committed 236880K, reserved 1255424K
  class space    used 27852K, capacity 30470K, committed 31456K, reserved 1048576K
}
Event: 1243.260 GC heap after
{Heap after GC invocations=126 (full 0):
 garbage-first heap   total 1102848K, used 349024K [0x0000000300800000, 0x0000000380800000)
  region size 1024K, 29 young (29696K), 29 survivors (29696K)
 Metaspace       used 227750K, capacity 234368K, committed 236880K, reserved 1255424K
  class space    used 27852K, capacity 30470K, committed 31456K, reserved 1048576K
}
Event: 1243.661 GC heap before
{Heap before GC invocations=126 (full 0):
 garbage-first heap   total 1102848K, used 596832K [0x0000000300800000, 0x0000000380800000)
  region size 1024K, 251 young (257024K), 29 survivors (29696K)
 Metaspace       used 227827K, capacity 234456K, committed 236880K, reserved 1255424K
  class space    used 27854K, capacity 30474K, committed 31456K, reserved 1048576K
}
Event: 1243.677 GC heap after
{Heap after GC invocations=127 (full 0):
 garbage-first heap   total 1102848K, used 366077K [0x0000000300800000, 0x0000000380800000)
  region size 1024K, 17 young (17408K), 17 survivors (17408K)
 Metaspace       used 227827K, capacity 234456K, committed 236880K, reserved 1255424K
  class space    used 27854K, capacity 30474K, committed 31456K, reserved 1048576K
}

Deoptimization events (20 events):
Event: 1243.685 Thread 0x0000000770c25000 DEOPT PACKING pc=0x0000000115b68998 sp=0x000000017a39d7a0
Event: 1243.685 Thread 0x0000000770c25000 DEOPT UNPACKING pc=0x0000000110f3527c sp=0x000000017a39d5d0 mode 0
Event: 1243.745 Thread 0x0000000770c59000 Uncommon trap: trap_request=0xffffff4d fr.pc=0x0000000118b83910 relative=0x00000000000001d0
Event: 1243.745 Thread 0x0000000770c59000 Uncommon trap: reason=unstable_if action=reinterpret pc=0x0000000118b83910 method=java.util.HashMap.containsValue(Ljava/lang/Object;)Z @ 13 c2
Event: 1243.745 Thread 0x0000000770c59000 DEOPT PACKING pc=0x0000000118b83910 sp=0x0000000179d7a130
Event: 1243.745 Thread 0x0000000770c59000 DEOPT UNPACKING pc=0x0000000110f34d9c sp=0x0000000179d7a0b0 mode 2
Event: 1243.768 Thread 0x0000000770c5b000 DEOPT PACKING pc=0x0000000115efeaa4 sp=0x0000000179b6d750
Event: 1243.768 Thread 0x0000000770c5b000 DEOPT UNPACKING pc=0x0000000110f3527c sp=0x0000000179b6d5d0 mode 0
Event: 1243.774 Thread 0x0000000770c5b000 DEOPT PACKING pc=0x0000000115efeaa4 sp=0x0000000179b6d750
Event: 1243.774 Thread 0x0000000770c5b000 DEOPT UNPACKING pc=0x0000000110f3527c sp=0x0000000179b6d5d0 mode 0
Event: 1243.965 Thread 0x000000076f1e5000 Uncommon trap: trap_request=0xffffff76 fr.pc=0x0000000119467678 relative=0x00000000000042b8
Event: 1243.965 Thread 0x000000076f1e5000 Uncommon trap: reason=loop_limit_check action=maybe_recompile pc=0x0000000119467678 method=com.android.tools.r8.internal.ms.get(I)I @ 15 c2
Event: 1243.965 Thread 0x000000076f1e5000 DEOPT PACKING pc=0x0000000119467678 sp=0x00000003812360f0
Event: 1243.965 Thread 0x000000076f1e5000 DEOPT UNPACKING pc=0x0000000110f34d9c sp=0x0000000381236050 mode 2
Event: 1244.013 Thread 0x000000076f1e5000 DEOPT PACKING pc=0x0000000111f7e3d8 sp=0x0000000381236070
Event: 1244.013 Thread 0x000000076f1e5000 DEOPT UNPACKING pc=0x0000000110f3527c sp=0x0000000381235e30 mode 0
Event: 1244.086 Thread 0x000000076df01000 DEOPT PACKING pc=0x0000000115433188 sp=0x000000017fba5890
Event: 1244.086 Thread 0x000000076df01000 DEOPT UNPACKING pc=0x0000000110f3527c sp=0x000000017fba5660 mode 0
Event: 1244.122 Thread 0x00000007720d3000 DEOPT PACKING pc=0x0000000112731238 sp=0x0000000380a06030
Event: 1244.122 Thread 0x00000007720d3000 DEOPT UNPACKING pc=0x0000000110f3527c sp=0x0000000380a05e10 mode 0

Classes redefined (0 events):
No events

Internal exceptions (20 events):
Event: 1243.723 Thread 0x0000000770fca000 Exception <a 'sun/nio/fs/UnixException'{0x0000000342f6ab88}> (0x0000000342f6ab88) thrown at [src/hotspot/share/prims/jni.cpp, line 617]
Event: 1243.723 Thread 0x00000007716c3000 Exception <a 'sun/nio/fs/UnixException'{0x00000003427cf860}> (0x00000003427cf860) thrown at [src/hotspot/share/prims/jni.cpp, line 617]
Event: 1243.723 Thread 0x00000007716c3000 Exception <a 'sun/nio/fs/UnixException'{0x00000003427cfff8}> (0x00000003427cfff8) thrown at [src/hotspot/share/prims/jni.cpp, line 617]
Event: 1243.723 Thread 0x000000076e415000 Exception <a 'sun/nio/fs/UnixException'{0x00000003430e4590}> (0x00000003430e4590) thrown at [src/hotspot/share/prims/jni.cpp, line 617]
Event: 1243.723 Thread 0x0000000770f3a000 Exception <a 'sun/nio/fs/UnixException'{0x00000003427978c0}> (0x00000003427978c0) thrown at [src/hotspot/share/prims/jni.cpp, line 617]
Event: 1243.723 Thread 0x000000077236c000 Exception <a 'sun/nio/fs/UnixException'{0x00000003430be3d0}> (0x00000003430be3d0) thrown at [src/hotspot/share/prims/jni.cpp, line 617]
Event: 1243.723 Thread 0x0000000770c5b000 Exception <a 'sun/nio/fs/UnixException'{0x000000034258ed68}> (0x000000034258ed68) thrown at [src/hotspot/share/prims/jni.cpp, line 617]
Event: 1243.724 Thread 0x000000077151e000 Exception <a 'sun/nio/fs/UnixException'{0x0000000342f537f0}> (0x0000000342f537f0) thrown at [src/hotspot/share/prims/jni.cpp, line 617]
Event: 1243.724 Thread 0x000000077151d000 Exception <a 'sun/nio/fs/UnixException'{0x00000003426f7110}> (0x00000003426f7110) thrown at [src/hotspot/share/prims/jni.cpp, line 617]
Event: 1243.724 Thread 0x00000007716c3000 Exception <a 'sun/nio/fs/UnixException'{0x00000003427d4138}> (0x00000003427d4138) thrown at [src/hotspot/share/prims/jni.cpp, line 617]
Event: 1243.724 Thread 0x0000000770f3a000 Exception <a 'sun/nio/fs/UnixException'{0x000000034279aa00}> (0x000000034279aa00) thrown at [src/hotspot/share/prims/jni.cpp, line 617]
Event: 1243.724 Thread 0x0000000770fca000 Exception <a 'sun/nio/fs/UnixException'{0x0000000342f6d9e8}> (0x0000000342f6d9e8) thrown at [src/hotspot/share/prims/jni.cpp, line 617]
Event: 1243.725 Thread 0x0000000774959000 Exception <a 'sun/nio/fs/UnixException'{0x0000000342dde0f8}> (0x0000000342dde0f8) thrown at [src/hotspot/share/prims/jni.cpp, line 617]
Event: 1243.725 Thread 0x000000076e417000 Exception <a 'sun/nio/fs/UnixException'{0x000000034274ce28}> (0x000000034274ce28) thrown at [src/hotspot/share/prims/jni.cpp, line 617]
Event: 1243.746 Thread 0x0000000770c59000 Exception <a 'sun/nio/fs/UnixException'{0x00000003417ed380}> (0x00000003417ed380) thrown at [src/hotspot/share/prims/jni.cpp, line 617]
Event: 1243.746 Thread 0x0000000770c59000 Exception <a 'sun/nio/fs/UnixException'{0x00000003417ed7f0}> (0x00000003417ed7f0) thrown at [src/hotspot/share/prims/jni.cpp, line 617]
Event: 1243.748 Thread 0x0000000770c59000 Exception <a 'sun/nio/fs/UnixException'{0x0000000341698e78}> (0x0000000341698e78) thrown at [src/hotspot/share/prims/jni.cpp, line 617]
Event: 1243.800 Thread 0x0000000770c24000 Exception <a 'sun/nio/fs/UnixException'{0x000000033fb36250}> (0x000000033fb36250) thrown at [src/hotspot/share/prims/jni.cpp, line 617]
Event: 1243.800 Thread 0x0000000770c24000 Exception <a 'sun/nio/fs/UnixException'{0x000000033fb368e0}> (0x000000033fb368e0) thrown at [src/hotspot/share/prims/jni.cpp, line 617]
Event: 1243.800 Thread 0x0000000770c24000 Exception <a 'sun/nio/fs/UnixException'{0x000000033fb36de8}> (0x000000033fb36de8) thrown at [src/hotspot/share/prims/jni.cpp, line 617]

Events (20 events):
Event: 1243.963 Executing coalesced safepoint VM operation: RevokeBias done
Event: 1243.963 Executing coalesced safepoint VM operation: RevokeBias
Event: 1243.963 Executing coalesced safepoint VM operation: RevokeBias done
Event: 1243.963 Executing coalesced safepoint VM operation: RevokeBias
Event: 1243.963 Executing coalesced safepoint VM operation: RevokeBias done
Event: 1243.963 Executing VM operation: RevokeBias done
Event: 1243.963 Thread 0x0000000775b1b000 Thread added: 0x0000000775b1b000
Event: 1243.963 Protecting memory [0x0000000381240000,0x000000038124c000] with protection modes 0
Event: 1243.963 Executing VM operation: RevokeBias
Event: 1243.963 Executing VM operation: RevokeBias done
Event: 1243.964 Thread 0x000000076f1f0000 Thread added: 0x000000076f1f0000
Event: 1243.964 Protecting memory [0x000000038144c000,0x0000000381458000] with protection modes 0
Event: 1243.964 Executing VM operation: RevokeBias
Event: 1243.964 Executing VM operation: RevokeBias done
Event: 1243.964 Executing VM operation: RevokeBias
Event: 1243.965 Executing VM operation: RevokeBias done
Event: 1243.965 Executing VM operation: RevokeBias
Event: 1243.965 Executing VM operation: RevokeBias done
Event: 1243.980 Executing VM operation: BulkRevokeBias
Event: 1243.981 Executing VM operation: BulkRevokeBias done


Dynamic libraries:
0x00000001024cc000 	/opt/homebrew/Cellar/openjdk@11/11.0.24/libexec/openjdk.jdk/Contents/Home/lib/jli/libjli.dylib
0x00000001a430b000 	/System/Library/Frameworks/Cocoa.framework/Versions/A/Cocoa
0x0000000189698000 	/System/Library/Frameworks/AppKit.framework/Versions/C/AppKit
0x000000018cd0c000 	/System/Library/Frameworks/CoreData.framework/Versions/A/CoreData
0x0000000186a92000 	/System/Library/Frameworks/Foundation.framework/Versions/C/Foundation
0x0000000194ccf000 	/usr/lib/libSystem.B.dylib
0x000000018adc5000 	/System/Library/PrivateFrameworks/UIFoundation.framework/Versions/A/UIFoundation
0x000000023eadd000 	/System/Library/PrivateFrameworks/CollectionViewCore.framework/Versions/A/CollectionViewCore
0x0000000192060000 	/System/Library/PrivateFrameworks/XCTTargetBootstrap.framework/Versions/A/XCTTargetBootstrap
0x0000000197738000 	/System/Library/PrivateFrameworks/InternationalSupport.framework/Versions/A/InternationalSupport
0x0000000197a92000 	/System/Library/PrivateFrameworks/UserActivity.framework/Versions/A/UserActivity
0x000000018d39c000 	/System/Library/PrivateFrameworks/BaseBoard.framework/Versions/A/BaseBoard
0x00000002472aa000 	/System/Library/PrivateFrameworks/FrontBoard.framework/Versions/A/FrontBoard
0x000000019f14b000 	/System/Library/PrivateFrameworks/FrontBoardServices.framework/Versions/A/FrontBoardServices
0x0000000283249000 	/usr/lib/libRosetta.dylib
0x0000000276afe000 	/System/Library/PrivateFrameworks/UIIntelligenceSupport.framework/Versions/A/UIIntelligenceSupport
0x00000002339e6000 	/System/Library/Frameworks/SwiftUICore.framework/Versions/A/SwiftUICore
0x000000027d0b2000 	/System/Library/PrivateFrameworks/WritingTools.framework/Versions/A/WritingTools
0x000000027bf03000 	/System/Library/PrivateFrameworks/WindowManagement.framework/Versions/A/WindowManagement
0x00000001866f1000 	/System/Library/Frameworks/SystemConfiguration.framework/Versions/A/SystemConfiguration
0x000000019696a000 	/usr/lib/libspindump.dylib
0x000000018af80000 	/System/Library/Frameworks/UniformTypeIdentifiers.framework/Versions/A/UniformTypeIdentifiers
0x0000000193f66000 	/usr/lib/libbsm.0.dylib
0x000000018f76a000 	/usr/lib/libapp_launch_measurement.dylib
0x000000018ea5f000 	/System/Library/PrivateFrameworks/CoreAnalytics.framework/Versions/A/CoreAnalytics
0x000000018f76e000 	/System/Library/PrivateFrameworks/CoreAutoLayout.framework/Versions/A/CoreAutoLayout
0x00000001915ab000 	/System/Library/Frameworks/Metal.framework/Versions/A/Metal
0x00000001929b3000 	/usr/lib/liblangid.dylib
0x0000000192066000 	/System/Library/PrivateFrameworks/CoreSVG.framework/Versions/A/CoreSVG
0x000000018b9e1000 	/System/Library/PrivateFrameworks/SkyLight.framework/Versions/A/SkyLight
0x0000000246fe3000 	/System/Library/PrivateFrameworks/FocusEngine.framework/Versions/A/FocusEngine
0x000000018bfa8000 	/System/Library/Frameworks/CoreGraphics.framework/Versions/A/CoreGraphics
0x0000000244bde000 	/System/Library/PrivateFrameworks/DesignLibrary.framework/Versions/A/DesignLibrary
0x000000019d413000 	/System/Library/Frameworks/Accelerate.framework/Versions/A/Accelerate
0x000000019675f000 	/System/Library/PrivateFrameworks/IconServices.framework/Versions/A/IconServices
0x0000000191583000 	/System/Library/Frameworks/IOSurface.framework/Versions/A/IOSurface
0x000000018ea8f000 	/usr/lib/libDiagnosticMessagesClient.dylib
0x0000000194c18000 	/usr/lib/libz.1.dylib
0x00000001a173b000 	/System/Library/Frameworks/ApplicationServices.framework/Versions/A/ApplicationServices
0x000000019204b000 	/System/Library/PrivateFrameworks/DFRFoundation.framework/Versions/A/DFRFoundation
0x0000000188ee7000 	/usr/lib/libicucore.A.dylib
0x0000000198ccf000 	/System/Library/Frameworks/AudioToolbox.framework/Versions/A/AudioToolbox
0x0000000197a40000 	/System/Library/PrivateFrameworks/DataDetectorsCore.framework/Versions/A/DataDetectorsCore
0x0000000277711000 	/System/Library/PrivateFrameworks/UpdateCycle.framework/Versions/A/UpdateCycle
0x00000001b5936000 	/System/Library/PrivateFrameworks/TextInput.framework/Versions/A/TextInput
0x000000018b923000 	/usr/lib/libMobileGestalt.dylib
0x0000000191d47000 	/System/Library/Frameworks/Carbon.framework/Versions/A/Frameworks/HIToolbox.framework/Versions/A/HIToolbox
0x000000018efc4000 	/System/Library/Frameworks/QuartzCore.framework/Versions/A/QuartzCore
0x0000000188ac2000 	/System/Library/Frameworks/Security.framework/Versions/A/Security
0x000000019cd92000 	/System/Library/Frameworks/Carbon.framework/Versions/A/Frameworks/SpeechRecognition.framework/Versions/A/SpeechRecognition
0x000000018f439000 	/System/Library/PrivateFrameworks/CoreUI.framework/Versions/A/CoreUI
0x0000000188310000 	/System/Library/Frameworks/CoreAudio.framework/Versions/A/CoreAudio
0x000000018eb83000 	/System/Library/Frameworks/DiskArbitration.framework/Versions/A/DiskArbitration
0x0000000196f12000 	/System/Library/PrivateFrameworks/MultitouchSupport.framework/Versions/A/MultitouchSupport
0x000000018b921000 	/usr/lib/libenergytrace.dylib
0x00000001a8e1a000 	/System/Library/PrivateFrameworks/RenderBox.framework/Versions/A/RenderBox
0x000000018953f000 	/System/Library/Frameworks/IOKit.framework/Versions/A/IOKit
0x000000019d19c000 	/System/Library/Frameworks/CoreServices.framework/Versions/A/CoreServices
0x000000018f6fb000 	/System/Library/PrivateFrameworks/PerformanceAnalysis.framework/Versions/A/PerformanceAnalysis
0x00000002293d0000 	/System/Library/Frameworks/OpenGL.framework/Versions/A/OpenGL
0x000000018f7b8000 	/usr/lib/libxml2.2.dylib
0x0000000193e47000 	/System/Library/PrivateFrameworks/MobileKeyBag.framework/Versions/A/MobileKeyBag
0x0000000184da8000 	/usr/lib/libobjc.A.dylib
0x000000018510e000 	/usr/lib/libc++.1.dylib
0x000000019d119000 	/System/Library/Frameworks/Accessibility.framework/Versions/A/Accessibility
0x000000018c702000 	/System/Library/Frameworks/ColorSync.framework/Versions/A/ColorSync
0x000000018523f000 	/System/Library/Frameworks/CoreFoundation.framework/Versions/A/CoreFoundation
0x00000001923f3000 	/System/Library/Frameworks/CoreImage.framework/Versions/A/CoreImage
0x00000001880e3000 	/System/Library/Frameworks/CoreText.framework/Versions/A/CoreText
0x000000022acda000 	/System/Library/Frameworks/CoreTransferable.framework/Versions/A/CoreTransferable
0x000000022b216000 	/System/Library/Frameworks/DataDetection.framework/Versions/A/DataDetection
0x000000022b22b000 	/System/Library/Frameworks/DeveloperToolsSupport.framework/Versions/A/DeveloperToolsSupport
0x00000001920a4000 	/System/Library/Frameworks/ImageIO.framework/Versions/A/ImageIO
0x000000023495b000 	/System/Library/Frameworks/Symbols.framework/Versions/A/Symbols
0x00000001bab5b000 	/System/Library/PrivateFrameworks/AttributeGraph.framework/Versions/A/AttributeGraph
0x000000019f22a000 	/System/Library/PrivateFrameworks/BoardServices.framework/Versions/A/BoardServices
0x00000001df31a000 	/System/Library/PrivateFrameworks/FeatureFlags.framework/Versions/A/FeatureFlags
0x0000000250223000 	/System/Library/PrivateFrameworks/Gestures.framework/Versions/A/Gestures
0x0000000194cd4000 	/System/Library/PrivateFrameworks/SoftLinking.framework/Versions/A/SoftLinking
0x00000001c93ff000 	/usr/lib/swift/libswiftAccelerate.dylib
0x00000001bf876000 	/usr/lib/swift/libswiftCompression.dylib
0x0000000198637000 	/usr/lib/swift/libswiftCore.dylib
0x00000001b1c07000 	/usr/lib/swift/libswiftCoreFoundation.dylib
0x00000001b1c60000 	/usr/lib/swift/libswiftCoreImage.dylib
0x000000019eec6000 	/usr/lib/swift/libswiftDispatch.dylib
0x00000001b1c61000 	/usr/lib/swift/libswiftIOKit.dylib
0x00000001bf869000 	/usr/lib/swift/libswiftMetal.dylib
0x00000001cebee000 	/usr/lib/swift/libswiftOSLog.dylib
0x00000001a1d8c000 	/usr/lib/swift/libswiftObjectiveC.dylib
0x000000028448a000 	/usr/lib/swift/libswiftObservation.dylib
0x00000001c4b82000 	/usr/lib/swift/libswiftQuartzCore.dylib
0x00000002845c9000 	/usr/lib/swift/libswiftSynchronization.dylib
0x00000001c93f0000 	/usr/lib/swift/libswiftUniformTypeIdentifiers.dylib
0x00000001b1c19000 	/usr/lib/swift/libswiftXPC.dylib
0x0000000284603000 	/usr/lib/swift/libswift_Builtin_float.dylib
0x0000000284606000 	/usr/lib/swift/libswift_Concurrency.dylib
0x00000001a1d90000 	/usr/lib/swift/libswiftos.dylib
0x00000001b56c6000 	/usr/lib/swift/libswiftsimd.dylib
0x0000000194efb000 	/usr/lib/libcompression.dylib
0x0000000197698000 	/System/Library/PrivateFrameworks/TextureIO.framework/Versions/A/TextureIO
0x000000018c8ae000 	/System/Library/Frameworks/ApplicationServices.framework/Versions/A/Frameworks/HIServices.framework/Versions/A/HIServices
0x00000001963e8000 	/usr/lib/libate.dylib
0x0000000194cc9000 	/usr/lib/system/libcache.dylib
0x0000000194c84000 	/usr/lib/system/libcommonCrypto.dylib
0x0000000194caf000 	/usr/lib/system/libcompiler_rt.dylib
0x0000000194ca4000 	/usr/lib/system/libcopyfile.dylib
0x0000000184f48000 	/usr/lib/system/libcorecrypto.dylib
0x0000000185041000 	/usr/lib/system/libdispatch.dylib
0x0000000184dfc000 	/usr/lib/system/libdyld.dylib
0x0000000194cbf000 	/usr/lib/system/libkeymgr.dylib
0x0000000194c67000 	/usr/lib/system/libmacho.dylib
0x0000000193f3e000 	/usr/lib/system/libquarantine.dylib
0x0000000194cbc000 	/usr/lib/system/libremovefile.dylib
0x000000018b9a4000 	/usr/lib/system/libsystem_asl.dylib
0x0000000184ecd000 	/usr/lib/system/libsystem_blocks.dylib
0x000000018508b000 	/usr/lib/system/libsystem_c.dylib
0x0000000194cb3000 	/usr/lib/system/libsystem_collections.dylib
0x00000001929a0000 	/usr/lib/system/libsystem_configuration.dylib
0x000000019154a000 	/usr/lib/system/libsystem_containermanager.dylib
0x00000001946ce000 	/usr/lib/system/libsystem_coreservices.dylib
0x00000001891b9000 	/usr/lib/system/libsystem_darwin.dylib
0x0000000284959000 	/usr/lib/system/libsystem_darwindirectory.dylib
0x0000000194cc0000 	/usr/lib/system/libsystem_dnssd.dylib
0x000000028495d000 	/usr/lib/system/libsystem_eligibility.dylib
0x0000000185088000 	/usr/lib/system/libsystem_featureflags.dylib
0x000000018520f000 	/usr/lib/system/libsystem_info.dylib
0x0000000194c28000 	/usr/lib/system/libsystem_m.dylib
0x0000000184ff5000 	/usr/lib/system/libsystem_malloc.dylib
0x000000018b906000 	/usr/lib/system/libsystem_networkextension.dylib
0x000000018962a000 	/usr/lib/system/libsystem_notify.dylib
0x00000001929a5000 	/usr/lib/system/libsystem_sandbox.dylib
0x0000000284967000 	/usr/lib/system/libsystem_sanitizers.dylib
0x0000000194cb8000 	/usr/lib/system/libsystem_secinit.dylib
0x00000001851bc000 	/usr/lib/system/libsystem_kernel.dylib
0x0000000185206000 	/usr/lib/system/libsystem_platform.dylib
0x00000001851f9000 	/usr/lib/system/libsystem_pthread.dylib
0x000000018d580000 	/usr/lib/system/libsystem_symptoms.dylib
0x0000000184f27000 	/usr/lib/system/libsystem_trace.dylib
0x000000028496f000 	/usr/lib/system/libsystem_trial.dylib
0x0000000194c92000 	/usr/lib/system/libunwind.dylib
0x0000000184ed1000 	/usr/lib/system/libxpc.dylib
0x00000001851a1000 	/usr/lib/libc++abi.dylib
0x000000028419a000 	/usr/lib/libswiftPrespecialized.dylib
0x0000000194cd1000 	/usr/lib/libfakelink.dylib
0x000000018b54a000 	/System/Library/Frameworks/CFNetwork.framework/Versions/A/CFNetwork
0x0000000194d25000 	/usr/lib/libarchive.2.dylib
0x000000019aea7000 	/System/Library/Frameworks/Combine.framework/Versions/A/Combine
0x000000023eb02000 	/System/Library/PrivateFrameworks/CollectionsInternal.framework/Versions/A/CollectionsInternal
0x0000000265c81000 	/System/Library/PrivateFrameworks/ReflectionInternal.framework/Versions/A/ReflectionInternal
0x0000000266b0d000 	/System/Library/PrivateFrameworks/RuntimeInternal.framework/Versions/A/RuntimeInternal
0x00000001aeaae000 	/usr/lib/swift/libswiftDarwin.dylib
0x00000002845d1000 	/usr/lib/swift/libswiftSystem.dylib
0x0000000284690000 	/usr/lib/swift/libswift_DarwinFoundation1.dylib
0x0000000284771000 	/usr/lib/swift/libswift_StringProcessing.dylib
0x00000001894be000 	/System/Library/PrivateFrameworks/CoreServicesInternal.framework/Versions/A/CoreServicesInternal
0x0000000194c9c000 	/usr/lib/liboah.dylib
0x00000001a11d9000 	/System/Library/PrivateFrameworks/DiskImages.framework/Versions/A/DiskImages
0x00000001ae570000 	/System/Library/Frameworks/NetFS.framework/Versions/A/NetFS
0x000000018f732000 	/System/Library/Frameworks/CoreServices.framework/Versions/A/Frameworks/FSEvents.framework/Versions/A/FSEvents
0x00000001891c4000 	/System/Library/Frameworks/CoreServices.framework/Versions/A/Frameworks/CarbonCore.framework/Versions/A/CarbonCore
0x000000018eaf7000 	/System/Library/Frameworks/CoreServices.framework/Versions/A/Frameworks/Metadata.framework/Versions/A/Metadata
0x00000001946d6000 	/System/Library/Frameworks/CoreServices.framework/Versions/A/Frameworks/OSServices.framework/Versions/A/OSServices
0x0000000194e1d000 	/System/Library/Frameworks/CoreServices.framework/Versions/A/Frameworks/SearchKit.framework/Versions/A/SearchKit
0x000000018d4f9000 	/System/Library/Frameworks/CoreServices.framework/Versions/A/Frameworks/AE.framework/Versions/A/AE
0x0000000185789000 	/System/Library/Frameworks/CoreServices.framework/Versions/A/Frameworks/LaunchServices.framework/Versions/A/LaunchServices
0x000000019623e000 	/System/Library/Frameworks/CoreServices.framework/Versions/A/Frameworks/DictionaryServices.framework/Versions/A/DictionaryServices
0x000000018f740000 	/System/Library/Frameworks/CoreServices.framework/Versions/A/Frameworks/SharedFileList.framework/Versions/A/SharedFileList
0x0000000194eb2000 	/usr/lib/libapple_nghttp2.dylib
0x000000018d113000 	/usr/lib/libsqlite3.dylib
0x00000001a1421000 	/System/Library/PrivateFrameworks/AppSupport.framework/Versions/A/AppSupport
0x0000000199369000 	/System/Library/Frameworks/GSS.framework/Versions/A/GSS
0x000000018d48d000 	/System/Library/PrivateFrameworks/RunningBoardServices.framework/Versions/A/RunningBoardServices
0x00000001a1d1a000 	/System/Library/PrivateFrameworks/StreamingZip.framework/Versions/A/StreamingZip
0x000000018d589000 	/System/Library/Frameworks/Network.framework/Versions/A/Network
0x0000000194c6b000 	/usr/lib/system/libkxld.dylib
0x000000023a363000 	/System/Library/PrivateFrameworks/AppleKeyStore.framework/Versions/A/AppleKeyStore
0x0000000282f2c000 	/usr/lib/libCoreEntitlements.dylib
0x000000025bb53000 	/System/Library/PrivateFrameworks/MessageSecurity.framework/Versions/A/MessageSecurity
0x000000018d0f7000 	/System/Library/PrivateFrameworks/ProtocolBuffer.framework/Versions/A/ProtocolBuffer
0x000000019e2c7000 	/System/Library/PrivateFrameworks/SymptomDiagnosticReporter.framework/Versions/A/SymptomDiagnosticReporter
0x0000000196482000 	/System/Library/PrivateFrameworks/CrashReporterSupport.framework/Versions/A/CrashReporterSupport
0x00000001946b5000 	/System/Library/PrivateFrameworks/AppleFSCompression.framework/Versions/A/AppleFSCompression
0x0000000193f4e000 	/usr/lib/libcoretls.dylib
0x00000001962b5000 	/usr/lib/libcoretls_cfhelpers.dylib
0x0000000194ef4000 	/usr/lib/libpam.2.dylib
0x0000000196327000 	/usr/lib/libxar.1.dylib
0x00000001962b7000 	/System/Library/PrivateFrameworks/APFS.framework/Versions/A/APFS
0x00000002715b9000 	/System/Library/PrivateFrameworks/SwiftASN1Internal.framework/Versions/A/SwiftASN1Internal
0x0000000196336000 	/usr/lib/libutil.dylib
0x00000001929ae000 	/System/Library/PrivateFrameworks/AppleSystemInfo.framework/Versions/A/AppleSystemInfo
0x0000000193c36000 	/System/Library/PrivateFrameworks/IOMobileFramebuffer.framework/Versions/A/IOMobileFramebuffer
0x00000001b1acd000 	/System/Library/PrivateFrameworks/LoggingSupport.framework/Versions/A/LoggingSupport
0x00000001993cc000 	/System/Library/PrivateFrameworks/MobileAsset.framework/Versions/A/MobileAsset
0x000000019e2d7000 	/System/Library/PrivateFrameworks/PowerLog.framework/Versions/A/PowerLog
0x0000000233878000 	/System/Library/Frameworks/SwiftData.framework/Versions/A/SwiftData
0x000000018f965000 	/System/Library/PrivateFrameworks/UserManagement.framework/Versions/A/UserManagement
0x000000018b475000 	/usr/lib/libboringssl.dylib
0x000000018d56e000 	/usr/lib/libdns_services.dylib
0x00000001b0b04000 	/usr/lib/libquic.dylib
0x00000001985c7000 	/usr/lib/libusrtcp.dylib
0x000000023b155000 	/System/Library/PrivateFrameworks/AtomicsInternal.framework/Versions/A/AtomicsInternal
0x00000001d747a000 	/System/Library/PrivateFrameworks/InternalSwiftProtobuf.framework/Versions/A/InternalSwiftProtobuf
0x0000000284461000 	/usr/lib/swift/libswiftDistributed.dylib
0x00000001929ac000 	/System/Library/PrivateFrameworks/AggregateDictionary.framework/Versions/A/AggregateDictionary
0x000000023b8e8000 	/System/Library/PrivateFrameworks/BiomeLibrary.framework/Versions/A/BiomeLibrary
0x00000001c0889000 	/System/Library/PrivateFrameworks/BiomeStreams.framework/Versions/A/BiomeStreams
0x00000001bca54000 	/System/Library/PrivateFrameworks/BiomeFoundation.framework/Versions/A/BiomeFoundation
0x00000001c694a000 	/System/Library/PrivateFrameworks/BiomePubSub.framework/Versions/A/BiomePubSub
0x00000001a2d46000 	/System/Library/PrivateFrameworks/ProactiveSupport.framework/Versions/A/ProactiveSupport
0x0000000196296000 	/usr/lib/liblzma.5.dylib
0x00000001a173c000 	/System/Library/PrivateFrameworks/InternationalTextSearch.framework/Versions/A/InternationalTextSearch
0x00000001b8f58000 	/System/Library/PrivateFrameworks/SoftwareUpdateCoreSupport.framework/Versions/A/SoftwareUpdateCoreSupport
0x00000001c130d000 	/System/Library/PrivateFrameworks/SoftwareUpdateCoreConnect.framework/Versions/A/SoftwareUpdateCoreConnect
0x00000001a12d7000 	/System/Library/PrivateFrameworks/RemoteServiceDiscovery.framework/Versions/A/RemoteServiceDiscovery
0x00000001b8b4f000 	/System/Library/PrivateFrameworks/MSUDataAccessor.framework/Versions/A/MSUDataAccessor
0x00000001b3c29000 	/usr/lib/libbootpolicy.dylib
0x00000001a12ee000 	/System/Library/PrivateFrameworks/RemoteXPC.framework/Versions/A/RemoteXPC
0x00000001c0755000 	/usr/lib/libFDR.dylib
0x00000001c656b000 	/usr/lib/libamsupport.dylib
0x0000000283241000 	/usr/lib/libReverseProxyDevice.dylib
0x0000000239c8c000 	/System/Library/PrivateFrameworks/AppleDeviceQuerySupport.framework/Versions/A/AppleDeviceQuerySupport
0x00000001c95ff000 	/usr/lib/libpartition2_dynamic.dylib
0x0000000194e8e000 	/System/Library/PrivateFrameworks/AppleSauce.framework/Versions/A/AppleSauce
0x0000000282dcd000 	/usr/lib/libAppleArchive.dylib
0x00000001946c1000 	/usr/lib/libbz2.1.0.dylib
0x000000018eb8d000 	/System/Library/Frameworks/Accelerate.framework/Versions/A/Frameworks/vImage.framework/Versions/A/vImage
0x000000019d176000 	/System/Library/Frameworks/Accelerate.framework/Versions/A/Frameworks/vecLib.framework/Versions/A/vecLib
0x000000019636d000 	/System/Library/Frameworks/Accelerate.framework/Versions/A/Frameworks/vecLib.framework/Versions/A/libvMisc.dylib
0x0000000185c89000 	/System/Library/Frameworks/Accelerate.framework/Versions/A/Frameworks/vecLib.framework/Versions/A/libBLAS.dylib
0x000000018f89f000 	/System/Library/Frameworks/CoreVideo.framework/Versions/A/CoreVideo
0x0000000198f70000 	/System/Library/Frameworks/ApplicationServices.framework/Versions/A/Frameworks/ATS.framework/Versions/A/ATS
0x0000000197621000 	/System/Library/Frameworks/ApplicationServices.framework/Versions/A/Frameworks/PrintCore.framework/Versions/A/PrintCore
0x0000000199332000 	/System/Library/Frameworks/ApplicationServices.framework/Versions/A/Frameworks/QD.framework/Versions/A/QD
0x000000019932d000 	/System/Library/Frameworks/ApplicationServices.framework/Versions/A/Frameworks/ColorSyncLegacy.framework/Versions/A/ColorSyncLegacy
0x0000000198f42000 	/System/Library/Frameworks/ApplicationServices.framework/Versions/A/Frameworks/SpeechSynthesis.framework/Versions/A/SpeechSynthesis
0x0000000191a75000 	/System/Library/PrivateFrameworks/FontServices.framework/libFontParser.dylib
0x00000001a0ffd000 	/System/Library/PrivateFrameworks/BackBoardServices.framework/Versions/A/BackBoardServices
0x000000023b801000 	/System/Library/PrivateFrameworks/BackBoardHIDEventFoundation.framework/Versions/A/BackBoardHIDEventFoundation
0x0000000187bf4000 	/System/Library/Frameworks/CoreDisplay.framework/Versions/A/CoreDisplay
0x0000000196f58000 	/System/Library/Frameworks/VideoToolbox.framework/Versions/A/VideoToolbox
0x0000000194ef2000 	/System/Library/Frameworks/MetalPerformanceShaders.framework/Versions/A/MetalPerformanceShaders
0x0000000264ced000 	/System/Library/PrivateFrameworks/ProDisplayLibrary.framework/Versions/A/ProDisplayLibrary
0x00000001a4ddd000 	/System/Library/PrivateFrameworks/IOSurfaceAccelerator.framework/Versions/A/IOSurfaceAccelerator
0x00000001915a0000 	/System/Library/PrivateFrameworks/IOAccelerator.framework/Versions/A/IOAccelerator
0x00000001918b8000 	/System/Library/Frameworks/CoreMedia.framework/Versions/A/CoreMedia
0x000000018b9bc000 	/System/Library/PrivateFrameworks/TCC.framework/Versions/A/TCC
0x0000000196f10000 	/System/Library/PrivateFrameworks/WatchdogClient.framework/Versions/A/WatchdogClient
0x00000001b1be7000 	/usr/lib/swift/libswiftCoreAudio.dylib
0x00000001cd447000 	/usr/lib/swift/libswiftCoreMedia.dylib
0x00000002845eb000 	/usr/lib/swift/libswiftVideoToolbox.dylib
0x00000001c69a8000 	/System/Library/PrivateFrameworks/BiomeStorage.framework/Versions/A/BiomeStorage
0x00000002561b3000 	/System/Library/PrivateFrameworks/IntelligencePlatformLibrary.framework/Versions/A/IntelligencePlatformLibrary
0x0000000263fec000 	/System/Library/PrivateFrameworks/PoirotSchematizer.framework/Versions/A/PoirotSchematizer
0x000000023c130000 	/System/Library/PrivateFrameworks/BiomeSync.framework/Versions/A/BiomeSync
0x000000023b8ce000 	/System/Library/PrivateFrameworks/BiomeDSL.framework/Versions/A/BiomeDSL
0x0000000264056000 	/System/Library/PrivateFrameworks/PoirotUDFs.framework/Versions/A/PoirotUDFs
0x0000000263fbb000 	/System/Library/PrivateFrameworks/PoirotSQLite.framework/Versions/A/PoirotSQLite
0x000000019f747000 	/System/Library/PrivateFrameworks/CoreTime.framework/Versions/A/CoreTime
0x0000000194d0a000 	/usr/lib/libiconv.2.dylib
0x0000000194c66000 	/usr/lib/libcharset.1.dylib
0x00000002846d1000 	/usr/lib/swift/libswift_RegexParser.dylib
0x000000023d741000 	/System/Library/PrivateFrameworks/CascadeSets.framework/Versions/A/CascadeSets
0x000000019953c000 	/System/Library/PrivateFrameworks/CorePhoneNumbers.framework/Versions/A/CorePhoneNumbers
0x0000000196cf8000 	/System/Library/PrivateFrameworks/AppleJPEG.framework/Versions/A/AppleJPEG
0x00000001966da000 	/usr/lib/libexpat.1.dylib
0x00000001974f4000 	/System/Library/Frameworks/ImageIO.framework/Versions/A/Resources/libPng.dylib
0x0000000197520000 	/System/Library/Frameworks/ImageIO.framework/Versions/A/Resources/libTIFF.dylib
0x000000019760a000 	/System/Library/Frameworks/ImageIO.framework/Versions/A/Resources/libGIF.dylib
0x0000000196d3d000 	/System/Library/Frameworks/ImageIO.framework/Versions/A/Resources/libJP2.dylib
0x00000001975b0000 	/System/Library/Frameworks/ImageIO.framework/Versions/A/Resources/libJPEG.dylib
0x00000001975a7000 	/System/Library/Frameworks/ImageIO.framework/Versions/A/Resources/libRadiance.dylib
0x000000024c991000 	/System/Library/PrivateFrameworks/GPUCompiler.framework/Versions/32023/Libraries/libllvm-flatbuffers.dylib
0x000000024729d000 	/System/Library/PrivateFrameworks/FramePacing.framework/Versions/A/FramePacing
0x00000002293c2000 	/System/Library/Frameworks/OpenGL.framework/Versions/A/Libraries/libCoreFSCache.dylib
0x00000002483de000 	/System/Library/PrivateFrameworks/GPUCompiler.framework/Versions/32023/Libraries/libGPUCompilerUtils.dylib
0x000000019f2f7000 	/System/Library/PrivateFrameworks/GraphicsServices.framework/Versions/A/GraphicsServices
0x00000001a2ed2000 	/System/Library/PrivateFrameworks/ASEProcessing.framework/Versions/A/ASEProcessing
0x00000001d2c49000 	/System/Library/PrivateFrameworks/Symbolication.framework/Versions/A/Symbolication
0x0000000263bd8000 	/System/Library/PrivateFrameworks/PhotosensitivityProcessing.framework/Versions/A/PhotosensitivityProcessing
0x0000000266d46000 	/System/Library/PrivateFrameworks/SILManager.framework/Versions/A/SILManager
0x000000019690c000 	/System/Library/PrivateFrameworks/GraphVisualizer.framework/Versions/A/GraphVisualizer
0x0000000229421000 	/System/Library/Frameworks/OpenGL.framework/Versions/A/Libraries/libGLU.dylib
0x00000002293e4000 	/System/Library/Frameworks/OpenGL.framework/Versions/A/Libraries/libGFXShared.dylib
0x00000002295b0000 	/System/Library/Frameworks/OpenGL.framework/Versions/A/Libraries/libGL.dylib
0x00000002293ed000 	/System/Library/Frameworks/OpenGL.framework/Versions/A/Libraries/libGLImage.dylib
0x00000002293e1000 	/System/Library/Frameworks/OpenGL.framework/Versions/A/Libraries/libCVMSPluginSupport.dylib
0x00000002293ca000 	/System/Library/Frameworks/OpenGL.framework/Versions/A/Libraries/libCoreVMClient.dylib
0x00000002471a8000 	/System/Library/PrivateFrameworks/FontServices.framework/Versions/A/FontServices
0x000000019691c000 	/System/Library/PrivateFrameworks/OTSVG.framework/Versions/A/OTSVG
0x000000018f3e6000 	/System/Library/Frameworks/ApplicationServices.framework/Versions/A/Frameworks/ATS.framework/Versions/A/Resources/libFontRegistry.dylib
0x0000000283751000 	/usr/lib/libhvf.dylib
0x0000000260a10000 	/System/Library/PrivateFrameworks/ParsingInternal.framework/Versions/A/ParsingInternal
0x00000002471ac000 	/System/Library/PrivateFrameworks/FontServices.framework/libXTFontStaticRegistryData.dylib
0x00000001928eb000 	/System/Library/Frameworks/MetalPerformanceShaders.framework/Versions/A/Frameworks/MPSCore.framework/Versions/A/MPSCore
0x0000000194620000 	/System/Library/Frameworks/MetalPerformanceShaders.framework/Versions/A/Frameworks/MPSImage.framework/Versions/A/MPSImage
0x0000000193ff1000 	/System/Library/Frameworks/MetalPerformanceShaders.framework/Versions/A/Frameworks/MPSNeuralNetwork.framework/Versions/A/MPSNeuralNetwork
0x0000000194429000 	/System/Library/Frameworks/MetalPerformanceShaders.framework/Versions/A/Frameworks/MPSMatrix.framework/Versions/A/MPSMatrix
0x000000019423e000 	/System/Library/Frameworks/MetalPerformanceShaders.framework/Versions/A/Frameworks/MPSRayIntersector.framework/Versions/A/MPSRayIntersector
0x000000019445b000 	/System/Library/Frameworks/MetalPerformanceShaders.framework/Versions/A/Frameworks/MPSNDArray.framework/Versions/A/MPSNDArray
0x000000022d559000 	/System/Library/Frameworks/MetalPerformanceShaders.framework/Versions/A/Frameworks/MPSFunctions.framework/Versions/A/MPSFunctions
0x000000022d53a000 	/System/Library/Frameworks/MetalPerformanceShaders.framework/Versions/A/Frameworks/MPSBenchmarkLoop.framework/Versions/A/MPSBenchmarkLoop
0x000000022d56e000 	/System/Library/Frameworks/MetalPerformanceShaders.framework/Versions/A/Frameworks/MPSHost.framework/Versions/A/MPSHost
0x0000000185aa5000 	/System/Library/PrivateFrameworks/MetalTools.framework/Versions/A/MetalTools
0x00000001b6d72000 	/System/Library/PrivateFrameworks/IOAccelMemoryInfo.framework/Versions/A/IOAccelMemoryInfo
0x00000001c4f78000 	/System/Library/PrivateFrameworks/kperf.framework/Versions/A/kperf
0x00000001b1be3000 	/System/Library/PrivateFrameworks/GPURawCounter.framework/Versions/A/GPURawCounter
0x000000019f630000 	/System/Library/PrivateFrameworks/CoreSymbolication.framework/Versions/A/CoreSymbolication
0x00000001b1b5a000 	/System/Library/PrivateFrameworks/MallocStackLogging.framework/Versions/A/MallocStackLogging
0x000000019f60d000 	/System/Library/PrivateFrameworks/DebugSymbols.framework/Versions/A/DebugSymbols
0x00000001c37de000 	/System/Library/PrivateFrameworks/OSAnalytics.framework/Versions/A/OSAnalytics
0x0000000245095000 	/System/Library/PrivateFrameworks/DeviceRecovery.framework/Versions/A/DeviceRecovery
0x000000022b370000 	/System/Library/Frameworks/ExtensionFoundation.framework/Versions/A/ExtensionFoundation
0x000000019695d000 	/System/Library/PrivateFrameworks/AppServerSupport.framework/Versions/A/AppServerSupport
0x000000022c6d8000 	/System/Library/Frameworks/LightweightCodeRequirements.framework/Versions/A/LightweightCodeRequirements
0x00000001965d9000 	/System/Library/PrivateFrameworks/PlugInKit.framework/Versions/A/PlugInKit
0x0000000193e5f000 	/System/Library/PrivateFrameworks/AssertionServices.framework/Versions/A/AssertionServices
0x00000001966ff000 	/System/Library/PrivateFrameworks/IconFoundation.framework/Versions/A/IconFoundation
0x00000002530b5000 	/System/Library/PrivateFrameworks/IconRendering.framework/Versions/A/IconRendering
0x0000000266cbe000 	/System/Library/PrivateFrameworks/SFSymbols.framework/Versions/A/SFSymbols
0x0000000187d18000 	/System/Library/PrivateFrameworks/AudioToolboxCore.framework/Versions/A/AudioToolboxCore
0x0000000198eaa000 	/System/Library/PrivateFrameworks/AudioSession.framework/Versions/A/AudioSession
0x00000001a411e000 	/System/Library/Frameworks/CoreMIDI.framework/Versions/A/CoreMIDI
0x0000000198f29000 	/usr/lib/libAudioStatistics.dylib
0x000000019188f000 	/System/Library/PrivateFrameworks/caulk.framework/Versions/A/caulk
0x00000001974ce000 	/usr/lib/libAudioToolboxUtility.dylib
0x00000001b8398000 	/usr/lib/swift/libswiftCoreMIDI.dylib
0x000000019933b000 	/System/Library/PrivateFrameworks/perfdata.framework/Versions/A/perfdata
0x00000001b0c01000 	/System/Library/PrivateFrameworks/SystemPolicy.framework/Versions/A/SystemPolicy
0x00000001991e0000 	/usr/lib/libSMC.dylib
0x0000000199349000 	/usr/lib/libperfcheck.dylib
0x000000023b215000 	/System/Library/PrivateFrameworks/AudioAnalytics.framework/Versions/A/AudioAnalytics
0x0000000284694000 	/usr/lib/swift/libswift_DarwinFoundation2.dylib
0x0000000284695000 	/usr/lib/swift/libswift_DarwinFoundation3.dylib
0x00000001d7177000 	/System/Library/Frameworks/OSLog.framework/Versions/A/OSLog
0x00000001b1b8c000 	/usr/lib/libmis.dylib
0x000000019681d000 	/System/Library/PrivateFrameworks/MediaExperience.framework/Versions/A/MediaExperience
0x0000000198c78000 	/System/Library/PrivateFrameworks/AudioSession.framework/libSessionUtility.dylib
0x0000000197610000 	/System/Library/PrivateFrameworks/CMCaptureCore.framework/Versions/A/CMCaptureCore
0x000000019e1c1000 	/System/Library/Frameworks/CoreBluetooth.framework/Versions/A/CoreBluetooth
0x0000000193ccb000 	/System/Library/PrivateFrameworks/CoreUtils.framework/Versions/A/CoreUtils
0x00000001a9b41000 	/System/Library/PrivateFrameworks/HID.framework/Versions/A/HID
0x0000000244492000 	/System/Library/PrivateFrameworks/CoreUtilsExtras.framework/Versions/A/CoreUtilsExtras
0x000000025300a000 	/System/Library/PrivateFrameworks/IO80211.framework/Versions/A/IO80211
0x000000019abfa000 	/System/Library/Frameworks/IOBluetooth.framework/Versions/A/IOBluetooth
0x000000023ae03000 	/System/Library/PrivateFrameworks/ArgumentParserInternal.framework/Versions/A/ArgumentParserInternal
0x0000000196479000 	/usr/lib/libIOReport.dylib
0x0000000193e6e000 	/System/Library/Frameworks/SecurityFoundation.framework/Versions/A/SecurityFoundation
0x0000000186469000 	/System/Library/PrivateFrameworks/Lexicon.framework/Versions/A/Lexicon
0x0000000193fd9000 	/usr/lib/libgermantok.dylib
0x0000000192ad7000 	/System/Library/PrivateFrameworks/LinguisticData.framework/Versions/A/LinguisticData
0x000000019e3c9000 	/System/Library/PrivateFrameworks/MediaKit.framework/Versions/A/MediaKit
0x000000019e314000 	/System/Library/Frameworks/DiscRecording.framework/Versions/A/DiscRecording
0x00000001966f5000 	/usr/lib/libheimdal-asn1.dylib
0x00000001a1cf0000 	/System/Library/Frameworks/AudioUnit.framework/Versions/A/AudioUnit
0x000000018f705000 	/System/Library/Frameworks/OpenDirectory.framework/Versions/A/OpenDirectory
0x000000018f713000 	/System/Library/Frameworks/OpenDirectory.framework/Versions/A/Frameworks/CFOpenDirectory.framework/Versions/A/CFOpenDirectory
0x0000000229934000 	/System/Library/Frameworks/AVFAudio.framework/Versions/A/AVFAudio
0x00000001aab12000 	/usr/lib/libAccessibility.dylib
0x0000000256d5a000 	/System/Library/PrivateFrameworks/IsolatedCoreAudioClient.framework/Versions/A/IsolatedCoreAudioClient
0x0000000274b94000 	/System/Library/PrivateFrameworks/Tightbeam.framework/Versions/A/Tightbeam
0x0000000240390000 	/System/Library/PrivateFrameworks/CoreAudioOrchestration.framework/Versions/A/CoreAudioOrchestration
0x00000001c9b52000 	/System/Library/PrivateFrameworks/AFKUser.framework/Versions/A/AFKUser
0x000000019d463000 	/System/Library/Frameworks/MediaAccessibility.framework/Versions/A/MediaAccessibility
0x0000000278db3000 	/System/Library/PrivateFrameworks/VideoToolboxParavirtualizationSupport.framework/Versions/A/VideoToolboxParavirtualizationSupport
0x0000000196691000 	/System/Library/PrivateFrameworks/AppleVA.framework/Versions/A/AppleVA
0x00000001975a2000 	/System/Library/PrivateFrameworks/GPUWrangler.framework/Versions/A/GPUWrangler
0x0000000197582000 	/System/Library/PrivateFrameworks/IOPresentment.framework/Versions/A/IOPresentment
0x00000001975aa000 	/System/Library/PrivateFrameworks/DSExternalDisplay.framework/Versions/A/DSExternalDisplay
0x000000023ac5a000 	/System/Library/PrivateFrameworks/AppleMobileFileIntegrity.framework/Versions/A/AppleMobileFileIntegrity
0x00000002832ce000 	/usr/lib/libTLE.dylib
0x00000001e847d000 	/System/Library/PrivateFrameworks/ConfigProfileHelper.framework/Versions/A/ConfigProfileHelper
0x00000001dd28a000 	/usr/lib/libedit.3.dylib
0x00000002582da000 	/System/Library/PrivateFrameworks/MIL.framework/Versions/A/MIL
0x00000001b6d35000 	/usr/lib/libncurses.5.4.dylib
0x0000000193c00000 	/System/Library/PrivateFrameworks/CoreEmoji.framework/Versions/A/CoreEmoji
0x0000000186785000 	/usr/lib/libCRFSuite.dylib
0x00000001929b5000 	/System/Library/PrivateFrameworks/CoreNLP.framework/Versions/A/CoreNLP
0x0000000193f78000 	/usr/lib/libmecab.dylib
0x0000000194e85000 	/usr/lib/libThaiTokenizer.dylib
0x00000001d7642000 	/System/Library/PrivateFrameworks/HIDDisplay.framework/Versions/A/HIDDisplay
0x00000001975dc000 	/System/Library/Frameworks/ApplicationServices.framework/Versions/A/Frameworks/ATSUI.framework/Versions/A/ATSUI
0x00000001992c1000 	/usr/lib/libcups.2.dylib
0x0000000199357000 	/System/Library/Frameworks/Kerberos.framework/Versions/A/Kerberos
0x0000000198fb8000 	/usr/lib/libresolv.9.dylib
0x0000000196971000 	/System/Library/PrivateFrameworks/Heimdal.framework/Versions/A/Heimdal
0x00000001a1cef000 	/System/Library/Frameworks/Kerberos.framework/Versions/A/Libraries/libHeimdalProxy.dylib
0x00000001993bb000 	/System/Library/PrivateFrameworks/CommonAuth.framework/Versions/A/CommonAuth
0x00000001aaa0d000 	/System/Library/PrivateFrameworks/AXCoreUtilities.framework/Versions/A/AXCoreUtilities
0x0000000282ce7000 	/usr/lib/libAXSafeCategoryBundle.dylib
0x0000000193ac6000 	/System/Library/Frameworks/Accelerate.framework/Versions/A/Frameworks/vecLib.framework/Versions/A/libvDSP.dylib
0x0000000194fd2000 	/System/Library/Frameworks/Accelerate.framework/Versions/A/Frameworks/vecLib.framework/Versions/A/libLAPACK.dylib
0x0000000193fdc000 	/System/Library/Frameworks/Accelerate.framework/Versions/A/Frameworks/vecLib.framework/Versions/A/libLinearAlgebra.dylib
0x0000000194ecb000 	/System/Library/Frameworks/Accelerate.framework/Versions/A/Frameworks/vecLib.framework/Versions/A/libSparseBLAS.dylib
0x0000000194fcd000 	/System/Library/Frameworks/Accelerate.framework/Versions/A/Frameworks/vecLib.framework/Versions/A/libQuadrature.dylib
0x0000000192ade000 	/System/Library/Frameworks/Accelerate.framework/Versions/A/Frameworks/vecLib.framework/Versions/A/libBNNS.dylib
0x000000018657e000 	/System/Library/Frameworks/Accelerate.framework/Versions/A/Frameworks/vecLib.framework/Versions/A/libSparse.dylib
0x0000000199320000 	/System/Library/PrivateFrameworks/NetAuth.framework/Versions/A/NetAuth
0x000000018f924000 	/System/Library/PrivateFrameworks/login.framework/Versions/A/Frameworks/loginsupport.framework/Versions/A/loginsupport
0x0000000193f42000 	/usr/lib/libCheckFix.dylib
0x000000018ea91000 	/System/Library/PrivateFrameworks/MetadataUtilities.framework/Versions/A/MetadataUtilities
0x0000000253ad2000 	/System/Library/PrivateFrameworks/InstalledContentLibrary.framework/Versions/A/InstalledContentLibrary
0x00000001894ff000 	/System/Library/PrivateFrameworks/CoreServicesStore.framework/Versions/A/CoreServicesStore
0x00000001c507f000 	/System/Library/PrivateFrameworks/MobileSystemServices.framework/Versions/A/MobileSystemServices
0x000000019633a000 	/usr/lib/libxslt.1.dylib
0x0000000193f01000 	/System/Library/PrivateFrameworks/BackgroundTaskManagement.framework/Versions/A/BackgroundTaskManagement
0x00000001a1399000 	/usr/lib/libcurl.4.dylib
0x0000000283507000 	/usr/lib/libcrypto.46.dylib
0x0000000284127000 	/usr/lib/libssl.48.dylib
0x00000001a106f000 	/System/Library/Frameworks/LDAP.framework/Versions/A/LDAP
0x00000001a10ab000 	/System/Library/PrivateFrameworks/TrustEvaluationAgent.framework/Versions/A/TrustEvaluationAgent
0x0000000198fd5000 	/usr/lib/libsasl2.2.dylib
0x00000001aeaad000 	/usr/lib/swift/libswiftCoreGraphics.dylib
0x000000019db5f000 	/usr/lib/swift/libswiftFoundation.dylib
0x00000001e7e39000 	/usr/lib/swift/libswiftSwiftOnoneSupport.dylib
0x0000000284806000 	/usr/lib/swift/libswiftsys_time.dylib
0x00000001d3406000 	/System/Library/PrivateFrameworks/CoreMaterial.framework/Versions/A/CoreMaterial
0x000000028454c000 	/usr/lib/swift/libswiftSpatial.dylib
0x00000002832cb000 	/usr/lib/libSpatial.dylib
0x0000000282c05000 	/System/Library/SubFrameworks/UIUtilities.framework/Versions/A/UIUtilities
0x0000000107b80000 	/opt/homebrew/Cellar/openjdk@11/11.0.24/libexec/openjdk.jdk/Contents/Home/lib/server/libjvm.dylib
0x00000001024f0000 	/opt/homebrew/Cellar/openjdk@11/11.0.24/libexec/openjdk.jdk/Contents/Home/lib/libverify.dylib
0x0000000102540000 	/opt/homebrew/Cellar/openjdk@11/11.0.24/libexec/openjdk.jdk/Contents/Home/lib/libjava.dylib
0x0000000102508000 	/opt/homebrew/Cellar/openjdk@11/11.0.24/libexec/openjdk.jdk/Contents/Home/lib/libjimage.dylib
0x0000000102578000 	/opt/homebrew/Cellar/openjdk@11/11.0.24/libexec/openjdk.jdk/Contents/Home/lib/libinstrument.dylib
0x00000001025d4000 	/opt/homebrew/Cellar/openjdk@11/11.0.24/libexec/openjdk.jdk/Contents/Home/lib/libzip.dylib
0x0000000102880000 	/opt/homebrew/Cellar/openjdk@11/11.0.24/libexec/openjdk.jdk/Contents/Home/lib/libnio.dylib
0x00000001079d0000 	/opt/homebrew/Cellar/openjdk@11/11.0.24/libexec/openjdk.jdk/Contents/Home/lib/libnet.dylib
0x0000000102600000 	/Users/sav/.gradle/native/c067742578af261105cb4f569cf0c3c89f3d7b1fecec35dd04571415982c5e48/osx-aarch64/libnative-platform.dylib
0x0000000107a64000 	/Users/sav/.gradle/native/38dada09dfb8b06ba9b0570ebf7e218e3eb74d4ef43ca46872605cf95ebc2f47/osx-aarch64/libnative-platform-file-events.dylib
0x00000001079f4000 	/opt/homebrew/Cellar/openjdk@11/11.0.24/libexec/openjdk.jdk/Contents/Home/lib/libmanagement.dylib
0x0000000107a08000 	/opt/homebrew/Cellar/openjdk@11/11.0.24/libexec/openjdk.jdk/Contents/Home/lib/libmanagement_ext.dylib
0x0000000107a1c000 	/opt/homebrew/Cellar/openjdk@11/11.0.24/libexec/openjdk.jdk/Contents/Home/lib/libextnet.dylib
0x0000000139914000 	/opt/homebrew/Cellar/openjdk@11/11.0.24/libexec/openjdk.jdk/Contents/Home/lib/libawt.dylib
0x00000001399b0000 	/opt/homebrew/Cellar/openjdk@11/11.0.24/libexec/openjdk.jdk/Contents/Home/lib/libmlib_image.dylib
0x000000022c6cf000 	/System/Library/Frameworks/JavaRuntimeSupport.framework/Versions/A/JavaRuntimeSupport
0x00000001b05d2000 	/System/Library/Frameworks/Carbon.framework/Versions/A/Carbon
0x00000001a6909000 	/System/Library/Frameworks/Carbon.framework/Versions/A/Frameworks/CommonPanels.framework/Versions/A/CommonPanels
0x00000001a1384000 	/System/Library/Frameworks/Carbon.framework/Versions/A/Frameworks/Help.framework/Versions/A/Help
0x00000001a690d000 	/System/Library/Frameworks/Carbon.framework/Versions/A/Frameworks/ImageCapture.framework/Versions/A/ImageCapture
0x00000001a68e8000 	/System/Library/Frameworks/Carbon.framework/Versions/A/Frameworks/OpenScripting.framework/Versions/A/OpenScripting
0x00000001a6908000 	/System/Library/Frameworks/Carbon.framework/Versions/A/Frameworks/Ink.framework/Versions/A/Ink
0x00000001a6905000 	/System/Library/Frameworks/Carbon.framework/Versions/A/Frameworks/SecurityHI.framework/Versions/A/SecurityHI
0x0000000283129000 	/usr/lib/libInterpreterSecurity.dylib
0x00000001c6cb8000 	/System/Library/PrivateFrameworks/XprotectFramework.framework/Versions/A/XprotectFramework
0x00000001a9e56000 	/System/Library/PrivateFrameworks/yara.framework/Versions/A/yara
0x00000002830a5000 	/usr/lib/libEndpointSecuritySystem.dylib
0x0000000139af4000 	/opt/homebrew/Cellar/openjdk@11/11.0.24/libexec/openjdk.jdk/Contents/Home/lib/libawt_lwawt.dylib
0x00000001398cc000 	/opt/homebrew/Cellar/openjdk@11/11.0.24/libexec/openjdk.jdk/Contents/Home/lib/libosxapp.dylib
0x00000001aeb14000 	/System/Library/Frameworks/ExceptionHandling.framework/Versions/A/ExceptionHandling
0x0000000107a48000 	/opt/homebrew/Cellar/openjdk@11/11.0.24/libexec/openjdk.jdk/Contents/Home/lib/libfontmanager.dylib
0x0000000139d04000 	/opt/homebrew/Cellar/harfbuzz/10.2.0/lib/libharfbuzz.0.dylib
0x0000000139be0000 	/opt/homebrew/Cellar/freetype/2.14.1_1/lib/libfreetype.6.dylib
0x0000000139f50000 	/opt/homebrew/Cellar/glib/2.82.4/lib/libglib-2.0.0.dylib
0x0000000139898000 	/opt/homebrew/Cellar/graphite2/1.3.14/lib/libgraphite2.3.2.1.dylib
0x0000000139a44000 	/opt/homebrew/Cellar/libpng/1.6.54/lib/libpng16.16.dylib
0x0000000139ab0000 	/opt/homebrew/Cellar/gettext/0.26_1/lib/libintl.8.dylib
0x0000000139eb8000 	/opt/homebrew/Cellar/pcre2/10.47/lib/libpcre2-8.0.dylib
0x0000000139a78000 	/opt/homebrew/Cellar/openjdk@11/11.0.24/libexec/openjdk.jdk/Contents/Home/lib/libsunec.dylib
0x0000000139900000 	/opt/homebrew/Cellar/openjdk@11/11.0.24/libexec/openjdk.jdk/Contents/Home/lib/librmi.dylib


VM Arguments:
jvm_args: --add-opens=java.base/java.util=ALL-UNNAMED --add-opens=java.base/java.lang=ALL-UNNAMED --add-opens=java.base/java.lang.invoke=ALL-UNNAMED --add-opens=java.prefs/java.util.prefs=ALL-UNNAMED --add-opens=java.base/java.nio.charset=ALL-UNNAMED --add-opens=java.base/java.net=ALL-UNNAMED --add-opens=java.base/java.util.concurrent.atomic=ALL-UNNAMED -Xmx2048m -Dfile.encoding=UTF-8 -Duser.country=GB -Duser.language=en -Duser.variant -javaagent:/Users/sav/.gradle/wrapper/dists/gradle-8.5-bin/5t9huq95ubn472n8rpzujfbqh/gradle-8.5/lib/agents/gradle-instrumentation-agent-8.5.jar 
java_command: org.gradle.launcher.daemon.bootstrap.GradleDaemon 8.5
java_class_path (initial): /Users/sav/.gradle/wrapper/dists/gradle-8.5-bin/5t9huq95ubn472n8rpzujfbqh/gradle-8.5/lib/gradle-launcher-8.5.jar
Launcher Type: SUN_STANDARD

[Global flags]
     intx CICompilerCount                          = 4                                         {product} {ergonomic}
     uint ConcGCThreads                            = 2                                         {product} {ergonomic}
     uint G1ConcRefinementThreads                  = 9                                         {product} {ergonomic}
   size_t G1HeapRegionSize                         = 1048576                                   {product} {ergonomic}
    uintx GCDrainStackTargetSize                   = 64                                        {product} {ergonomic}
   size_t InitialHeapSize                          = 268435456                                 {product} {ergonomic}
   size_t MarkStackSize                            = 4194304                                   {product} {ergonomic}
   size_t MaxHeapSize                              = 2147483648                                {product} {command line}
   size_t MaxNewSize                               = 1287651328                                {product} {ergonomic}
   size_t MinHeapDeltaBytes                        = 1048576                                   {product} {ergonomic}
    uintx NonNMethodCodeHeapSize                   = 5836492                                {pd product} {ergonomic}
    uintx NonProfiledCodeHeapSize                  = 122910874                              {pd product} {ergonomic}
    uintx ProfiledCodeHeapSize                     = 122910874                              {pd product} {ergonomic}
    uintx ReservedCodeCacheSize                    = 251658240                              {pd product} {ergonomic}
     bool SegmentedCodeCache                       = true                                      {product} {ergonomic}
     bool UseCompressedClassPointers               = true                                 {lp64_product} {ergonomic}
     bool UseCompressedOops                        = true                                 {lp64_product} {ergonomic}
     bool UseG1GC                                  = true                                      {product} {ergonomic}

Logging:
Log output configuration:
 #0: stdout all=warning uptime,level,tags
 #1: stderr all=off uptime,level,tags

Environment Variables:
JAVA_HOME=/opt/homebrew/Cellar/openjdk@11/11.0.24/libexec/openjdk.jdk/Contents/Home
PATH=/Users/sav/development/flutter/bin:/opt/homebrew/Cellar/openjdk@11/11.0.24/libexec/openjdk.jdk/Contents/Home/bin:/Library/Frameworks/Python.framework/Versions/3.13/bin:/opt/homebrew/bin:/opt/homebrew/sbin:/Library/Frameworks/Python.framework/Versions/3.12/bin:/usr/local/bin:/System/Cryptexes/App/usr/bin:/usr/bin:/bin:/usr/sbin:/sbin:/var/run/com.apple.security.cryptexd/codex.system/bootstrap/usr/local/bin:/var/run/com.apple.security.cryptexd/codex.system/bootstrap/usr/bin:/var/run/com.apple.security.cryptexd/codex.system/bootstrap/usr/appleinternal/bin:/opt/pmk/env/global/bin:/opt/X11/bin:/Library/Apple/usr/bin:/Library/TeX/texbin:/Users/sav/Library/Application Support/JetBrains/Toolbox/scripts
SHELL=/bin/zsh
DISPLAY=/private/tmp/com.apple.launchd.3NoL7moIoK/org.xquartz:0
LANG=C.UTF-8
LC_CTYPE=UTF-8
TERM=xterm-256color
TMPDIR=/var/folders/c6/h6kx5ng130x_z9dx25q0rny40000gn/T/

Signal Handlers:
SIGSEGV: [libjvm.dylib+0x701eb0], sa_mask[0]=11111111011111110111111111111111, sa_flags=SA_ONSTACK|SA_RESTART|SA_SIGINFO
SIGBUS: [libjvm.dylib+0x701eb0], sa_mask[0]=11111111011111110111111111111111, sa_flags=SA_RESTART|SA_SIGINFO
SIGFPE: [libjvm.dylib+0x701eb0], sa_mask[0]=11111111011111110111111111111111, sa_flags=SA_RESTART|SA_SIGINFO
SIGPIPE: [libjvm.dylib+0x56a5bc], sa_mask[0]=11111111011111110111111111111111, sa_flags=SA_RESTART|SA_SIGINFO
SIGXFSZ: [libjvm.dylib+0x56a5bc], sa_mask[0]=11111111011111110111111111111111, sa_flags=SA_RESTART|SA_SIGINFO
SIGILL: [libjvm.dylib+0x701eb0], sa_mask[0]=11111111011111110111111111111111, sa_flags=SA_RESTART|SA_SIGINFO
SIGUSR2: [libjvm.dylib+0x56abb8], sa_mask[0]=00100000000000000000000000000000, sa_flags=SA_RESTART|SA_SIGINFO
SIGHUP: [libjvm.dylib+0x569350], sa_mask[0]=11111111011111110111111111111111, sa_flags=SA_RESTART|SA_SIGINFO
SIGINT: [libjvm.dylib+0x569350], sa_mask[0]=11111111011111110111111111111111, sa_flags=SA_RESTART|SA_SIGINFO
SIGTERM: [libjvm.dylib+0x569350], sa_mask[0]=11111111011111110111111111111111, sa_flags=SA_RESTART|SA_SIGINFO
SIGQUIT: [libjvm.dylib+0x569350], sa_mask[0]=11111111011111110111111111111111, sa_flags=SA_RESTART|SA_SIGINFO


---------------  S Y S T E M  ---------------

OS:uname:Darwin 25.3.0 Darwin Kernel Version 25.3.0: Wed Jan 28 20:54:46 PST 2026; root:xnu-12377.91.3~2/RELEASE_ARM64_T6000 arm64
OS uptime: 4 days 6:14 hours
rlimit (soft/hard): STACK 8176k/65520k , CORE 0k/infinity , NPROC 2666/4000 , NOFILE 12544/infinity , AS infinity/infinity , CPU infinity/infinity , DATA infinity/infinity , FSIZE infinity/infinity , MEMLOCK infinity/infinity , RSS infinity/infinity
load average:7.92 6.35 7.15

CPU:total 10 (initial active 10) 0x61:0x0:0x1b588bb3:0, simd, crc, lse

Memory: 16k page, physical 16777216k(101424k free), swap 6291456k(1222592k free)

vm_info: OpenJDK 64-Bit Server VM (11.0.24+0) for bsd-aarch64 JRE (11.0.24+0), built on Sep 30 2024 13:36:56 by "brew" with clang Homebrew Clang 19.1.0

END.
