#
# A fatal error has been detected by the Java Runtime Environment:
#
#  SIGSEGV (0xb) at pc=0x0000000109f411b8, pid=27169, tid=155651
#
# JRE version: OpenJDK Runtime Environment Homebrew (11.0.24) (build 11.0.24+0)
# Java VM: OpenJDK 64-Bit Server VM Homebrew (11.0.24+0, mixed mode, tiered, compressed oops, g1 gc, bsd-aarch64)
# Problematic frame:
# V  [libjvm.dylib+0x6951b8]  ObjectSynchronizer::inflate(Thread*, oopDesc*, ObjectSynchronizer::InflateCause)+0x18c
#
# No core dump will be written. Core dumps have been disabled. To enable core dumping, try "ulimit -c unlimited" before starting Java again
#
# If you would like to submit a bug report, please visit:
#   https://github.com/Homebrew/homebrew-core/issues
#

---------------  S U M M A R Y ------------

Command Line: --add-opens=java.base/java.util=ALL-UNNAMED --add-opens=java.base/java.lang=ALL-UNNAMED --add-opens=java.base/java.lang.invoke=ALL-UNNAMED --add-opens=java.prefs/java.util.prefs=ALL-UNNAMED --add-opens=java.base/java.nio.charset=ALL-UNNAMED --add-opens=java.base/java.net=ALL-UNNAMED --add-opens=java.base/java.util.concurrent.atomic=ALL-UNNAMED -Xmx2048m -Dfile.encoding=UTF-8 -Duser.country=GB -Duser.language=en -Duser.variant -javaagent:/Users/sav/.gradle/wrapper/dists/gradle-8.5-bin/5t9huq95ubn472n8rpzujfbqh/gradle-8.5/lib/agents/gradle-instrumentation-agent-8.5.jar org.gradle.launcher.daemon.bootstrap.GradleDaemon 8.5

Host: MacBookPro18,3 arm64 1 MHz, 10 cores, 16G, Darwin 25.3.0
Time: Wed Mar 11 21:17:06 2026 CET elapsed time: 10.350292 seconds (0d 0h 0m 10s)

---------------  T H R E A D  ---------------

Current thread (0x0000000826ad4000):  JavaThread "WorkerExecutor Queue Thread 7" [_thread_in_vm, id=155651, stack(0x00000003853c0000,0x00000003855c3000)]

Stack: [0x00000003853c0000,0x00000003855c3000],  sp=0x00000003855bfcc0,  free space=2047k
Native frames: (J=compiled Java code, A=aot compiled Java code, j=interpreted, Vv=VM code, C=native code)
V  [libjvm.dylib+0x6951b8]  ObjectSynchronizer::inflate(Thread*, oopDesc*, ObjectSynchronizer::InflateCause)+0x18c
V  [libjvm.dylib+0x694fa0]  ObjectSynchronizer::slow_enter(Handle, BasicLock*, Thread*)+0xc8
V  [libjvm.dylib+0x6955e4]  ObjectLocker::ObjectLocker(Handle, Thread*, bool)+0x38
V  [libjvm.dylib+0x1fb4b0]  ConstantPoolCacheEntry::set_method_handle_common(constantPoolHandle const&, Bytecodes::Code, CallInfo const&)+0x88
V  [libjvm.dylib+0x3264a4]  InterpreterRuntime::resolve_invokedynamic(JavaThread*)+0x144
V  [libjvm.dylib+0x326628]  InterpreterRuntime::resolve_from_cache(JavaThread*, Bytecodes::Code)+0x150
j  com.android.tools.r8.internal.u10.a(Lcom/android/tools/r8/internal/u10;)I+7
j  com.android.tools.r8.internal.u10.compareTo(Ljava/lang/Object;)I+5
j  com.android.tools.r8.internal.mN.c(Ljava/lang/Object;)Z+2
j  com.android.tools.r8.graph.v2.a(IILjava/lang/String;Ljava/lang/String;Ljava/lang/String;[Ljava/lang/String;)V+14
j  com.android.tools.r8.internal.Ab.a(Lcom/android/tools/r8/internal/Nb;[Lcom/android/tools/r8/internal/f4;I)V+688
j  com.android.tools.r8.graph.y2.a(Lcom/android/tools/r8/origin/Origin;[B)V+273
j  com.android.tools.r8.graph.y2$$Lambda$2113.run()V+12
j  com.android.tools.r8.internal.vk.a(Ljava/lang/Runnable;)Ljava/lang/Object;+1
j  com.android.tools.r8.internal.vk$$Lambda$2115.get()Ljava/lang/Object;+4
j  com.android.tools.r8.internal.vk.a(Lcom/android/tools/r8/origin/Origin;Lcom/android/tools/r8/position/Position;Ljava/util/function/Supplier;)Ljava/lang/Object;+1
j  com.android.tools.r8.internal.vk.a(Lcom/android/tools/r8/origin/Origin;Lcom/android/tools/r8/position/Position;Ljava/lang/Runnable;)V+9
j  com.android.tools.r8.graph.y2.b(Lcom/android/tools/r8/origin/Origin;[B)V+13
j  com.android.tools.r8.dex.a.a(Lcom/android/tools/r8/graph/y2;Lcom/android/tools/r8/ProgramResource;)Ljava/lang/Object;+21
j  com.android.tools.r8.dex.a$$Lambda$2097.call()Ljava/lang/Object;+8
j  com.google.common.util.concurrent.TrustedListenableFutureTask$TrustedFutureInterruptibleTask.runInterruptibly()Ljava/lang/Object;+4
j  com.google.common.util.concurrent.InterruptibleTask.run()V+37
j  com.google.common.util.concurrent.TrustedListenableFutureTask.run()V+10
j  com.google.common.util.concurrent.MoreExecutors$DirectExecutorService.execute(Ljava/lang/Runnable;)V+5
j  java.util.concurrent.AbstractExecutorService.submit(Ljava/util/concurrent/Callable;)Ljava/util/concurrent/Future;+20 java.base@11.0.24
j  com.google.common.util.concurrent.AbstractListeningExecutorService.submit(Ljava/util/concurrent/Callable;)Lcom/google/common/util/concurrent/ListenableFuture;+2
j  com.google.common.util.concurrent.AbstractListeningExecutorService.submit(Ljava/util/concurrent/Callable;)Ljava/util/concurrent/Future;+2
j  com.android.tools.r8.dex.a.a(Ljava/util/ArrayList;Ljava/util/concurrent/ConcurrentLinkedQueue;)V+79
j  com.android.tools.r8.dex.a.b()V+138
j  com.android.tools.r8.dex.b.a(Lcom/android/tools/r8/T;Ljava/util/concurrent/ExecutorService;Lcom/android/tools/r8/internal/Li;)Lcom/android/tools/r8/graph/F2;+336
j  com.android.tools.r8.dex.b.a(Lcom/android/tools/r8/T;Ljava/util/concurrent/ExecutorService;)Lcom/android/tools/r8/graph/F2;+11
j  com.android.tools.r8.dex.b.a(Ljava/util/concurrent/ExecutorService;)Lcom/android/tools/r8/graph/F2;+9
j  com.android.tools.r8.D8.a(Lcom/android/tools/r8/utils/j;Lcom/android/tools/r8/internal/Aw;Ljava/util/concurrent/ExecutorService;Lcom/android/tools/r8/internal/H20;)Lcom/android/tools/r8/graph/g;+23
j  com.android.tools.r8.D8.d(Lcom/android/tools/r8/utils/j;Lcom/android/tools/r8/internal/Aw;Ljava/util/concurrent/ExecutorService;)V+198
j  com.android.tools.r8.D8.b(Lcom/android/tools/r8/utils/j;Lcom/android/tools/r8/internal/Aw;Ljava/util/concurrent/ExecutorService;)V+3
j  com.android.tools.r8.D8$$Lambda$2079.run()V+12
j  com.android.tools.r8.internal.vk.a(Lcom/android/tools/r8/internal/GV;Lcom/android/tools/r8/internal/vk$a;)V+2
j  com.android.tools.r8.internal.vk.b(Lcom/android/tools/r8/internal/GV;Lcom/android/tools/r8/internal/vk$a;)V+2
j  com.android.tools.r8.D8.run(Lcom/android/tools/r8/D8Command;Ljava/util/concurrent/ExecutorService;)V+22
j  com.android.builder.dexing.D8DexArchiveBuilder.convert(Ljava/util/stream/Stream;Ljava/nio/file/Path;Lcom/android/builder/dexing/DependencyGraphUpdater;)V+289
j  com.android.build.gradle.internal.dexing.DexWorkActionKt.process(Lcom/android/builder/dexing/DexArchiveBuilder;Lcom/android/builder/dexing/ClassBucket;Lkotlin/jvm/functions/Function2;Ljava/io/File;Lcom/android/builder/dexing/DependencyGraphUpdater;)V+158
j  com.android.build.gradle.internal.dexing.DexWorkActionKt.processNonIncrementally(Lcom/android/builder/dexing/DexArchiveBuilder;Lcom/android/build/gradle/internal/dexing/DexWorkActionParams;)V+62
j  com.android.build.gradle.internal.dexing.DexWorkActionKt.launchProcessing(Lcom/android/build/gradle/internal/dexing/DexWorkActionParams;Lcom/android/ide/common/blame/MessageReceiver;)V+46
j  com.android.build.gradle.internal.dexing.DexWorkAction.run()V+62
j  com.android.build.gradle.internal.profile.ProfileAwareWorkAction.execute()V+70
j  org.gradle.workers.internal.DefaultWorkerServer.execute(Lorg/gradle/workers/internal/SimpleActionExecutionSpec;)Lorg/gradle/workers/internal/DefaultWorkResult;+128
j  org.gradle.workers.internal.NoIsolationWorkerFactory$1$1.create()Lorg/gradle/workers/internal/DefaultWorkResult;+29
j  org.gradle.workers.internal.NoIsolationWorkerFactory$1$1.create()Ljava/lang/Object;+1
j  org.gradle.internal.classloader.ClassLoaderUtils.executeInClassloader(Ljava/lang/ClassLoader;Lorg/gradle/internal/Factory;)Ljava/lang/Object;+15
j  org.gradle.workers.internal.NoIsolationWorkerFactory$1.lambda$execute$0(Ljava/lang/ClassLoader;Lorg/gradle/workers/WorkerExecutor;Lorg/gradle/workers/internal/IsolatedParametersActionExecutionSpec;)Lorg/gradle/workers/internal/DefaultWorkResult;+10
j  org.gradle.workers.internal.NoIsolationWorkerFactory$1$$Lambda$1742.execute(Lorg/gradle/workers/internal/IsolatedParametersActionExecutionSpec;)Lorg/gradle/workers/internal/DefaultWorkResult;+13
j  org.gradle.workers.internal.AbstractWorker$1.call(Lorg/gradle/internal/operations/BuildOperationContext;)Lorg/gradle/workers/internal/DefaultWorkResult;+8
j  org.gradle.workers.internal.AbstractWorker$1.call(Lorg/gradle/internal/operations/BuildOperationContext;)Ljava/lang/Object;+2
J 8152 c1 org.gradle.internal.operations.DefaultBuildOperationRunner$CallableBuildOperationWorker.execute(Lorg/gradle/internal/operations/BuildOperation;Lorg/gradle/internal/operations/BuildOperationContext;)V (10 bytes) @ 0x000000011417532c [0x0000000114175080+0x00000000000002ac]
J 10216 c1 org.gradle.internal.operations.DefaultBuildOperationRunner$2.execute(Lorg/gradle/internal/operations/BuildOperationDescriptor;Lorg/gradle/internal/operations/BuildOperationState;Lorg/gradle/internal/operations/BuildOperationState;Lorg/gradle/internal/operations/DefaultBuildOperationRunner$ReadableBuildOperationContext;Lorg/gradle/internal/operations/DefaultBuildOperationRunner$BuildOperationExecutionListener;)Lorg/gradle/internal/operations/BuildOperation; (110 bytes) @ 0x0000000114547b18 [0x0000000114547a40+0x00000000000000d8]
J 12574 c1 org.gradle.internal.operations.DefaultBuildOperationRunner$2.execute(Lorg/gradle/internal/operations/BuildOperationDescriptor;Lorg/gradle/internal/operations/BuildOperationState;Lorg/gradle/internal/operations/BuildOperationState;Lorg/gradle/internal/operations/DefaultBuildOperationRunner$ReadableBuildOperationContext;Lorg/gradle/internal/operations/DefaultBuildOperationRunner$BuildOperationExecutionListener;)Ljava/lang/Object; (12 bytes) @ 0x0000000114b04a58 [0x0000000114b049c0+0x0000000000000098]
J 10248 c1 org.gradle.internal.operations.DefaultBuildOperationRunner.execute(Lorg/gradle/internal/operations/BuildOperationDescriptor$Builder;Lorg/gradle/internal/operations/BuildOperationState;Lorg/gradle/internal/operations/DefaultBuildOperationRunner$BuildOperationExecution;)Ljava/lang/Object; (147 bytes) @ 0x00000001145518b8 [0x0000000114551380+0x0000000000000538]
J 8151 c1 org.gradle.internal.operations.DefaultBuildOperationRunner.call(Lorg/gradle/internal/operations/CallableBuildOperation;)Ljava/lang/Object; (24 bytes) @ 0x0000000114174618 [0x0000000114173ec0+0x0000000000000758]
J 8150 c1 org.gradle.internal.operations.DefaultBuildOperationExecutor.call(Lorg/gradle/internal/operations/CallableBuildOperation;)Ljava/lang/Object; (11 bytes) @ 0x00000001141739f8 [0x00000001141738c0+0x0000000000000138]
j  org.gradle.workers.internal.AbstractWorker.executeWrappedInBuildOperation(Lorg/gradle/workers/internal/IsolatedParametersActionExecutionSpec;Lorg/gradle/internal/operations/BuildOperationRef;Lorg/gradle/workers/internal/AbstractWorker$Work;)Lorg/gradle/workers/internal/DefaultWorkResult;+15
j  org.gradle.workers.internal.NoIsolationWorkerFactory$1.execute(Lorg/gradle/workers/internal/IsolatedParametersActionExecutionSpec;Lorg/gradle/internal/operations/BuildOperationRef;)Lorg/gradle/workers/internal/DefaultWorkResult;+17
j  org.gradle.workers.internal.DefaultWorkerExecutor.lambda$submitWork$0(Lorg/gradle/workers/internal/WorkerFactory;Lorg/gradle/workers/internal/WorkerRequirement;Lorg/gradle/workers/internal/IsolatedParametersActionExecutionSpec;Lorg/gradle/internal/operations/BuildOperationRef;)Lorg/gradle/workers/internal/DefaultWorkResult;+13
j  org.gradle.workers.internal.DefaultWorkerExecutor$$Lambda$1740.call()Ljava/lang/Object;+16
J 5462 c1 java.util.concurrent.FutureTask.run()V java.base@11.0.24 (123 bytes) @ 0x0000000113be577c [0x0000000113be50c0+0x00000000000006bc]
j  org.gradle.internal.work.DefaultConditionalExecutionQueue$ExecutionRunner.runExecution(Lorg/gradle/internal/work/ConditionalExecution;)V+6
j  org.gradle.internal.work.DefaultConditionalExecutionQueue$ExecutionRunner.access$700(Lorg/gradle/internal/work/DefaultConditionalExecutionQueue$ExecutionRunner;Lorg/gradle/internal/work/ConditionalExecution;)V+2
j  org.gradle.internal.work.DefaultConditionalExecutionQueue$ExecutionRunner$1.run()V+14
j  org.gradle.internal.Factories$1.create()Ljava/lang/Object;+4
J 13401 c1 org.gradle.internal.work.DefaultWorkerLeaseService.withLocks(Ljava/util/Collection;Lorg/gradle/internal/Factory;)Ljava/lang/Object; (53 bytes) @ 0x0000000114d37c88 [0x0000000114d37b00+0x0000000000000188]
j  org.gradle.internal.work.DefaultWorkerLeaseService.runAsWorkerThread(Lorg/gradle/internal/Factory;)Ljava/lang/Object;+33
j  org.gradle.internal.work.DefaultWorkerLeaseService.runAsWorkerThread(Ljava/lang/Runnable;)V+5
j  org.gradle.internal.work.DefaultConditionalExecutionQueue$ExecutionRunner.runBatch(Lorg/gradle/internal/work/ConditionalExecution;)V+16
j  org.gradle.internal.work.DefaultConditionalExecutionQueue$ExecutionRunner.run()V+11
j  java.util.concurrent.Executors$RunnableAdapter.call()Ljava/lang/Object;+4 java.base@11.0.24
J 5462 c1 java.util.concurrent.FutureTask.run()V java.base@11.0.24 (123 bytes) @ 0x0000000113be577c [0x0000000113be50c0+0x00000000000006bc]
J 11414 c1 org.gradle.internal.concurrent.AbstractManagedExecutor$1.run()V (57 bytes) @ 0x00000001147e93e4 [0x00000001147e9100+0x00000000000002e4]
j  java.util.concurrent.ThreadPoolExecutor.runWorker(Ljava/util/concurrent/ThreadPoolExecutor$Worker;)V+92 java.base@11.0.24
j  java.util.concurrent.ThreadPoolExecutor$Worker.run()V+5 java.base@11.0.24
j  java.lang.Thread.run()V+11 java.base@11.0.24
v  ~StubRoutines::call_stub
V  [libjvm.dylib+0x32c20c]  JavaCalls::call_helper(JavaValue*, methodHandle const&, JavaCallArguments*, Thread*)+0x2d8
V  [libjvm.dylib+0x32b57c]  JavaCalls::call_virtual(JavaValue*, Klass*, Symbol*, Symbol*, JavaCallArguments*, Thread*)+0xec
V  [libjvm.dylib+0x32b644]  JavaCalls::call_virtual(JavaValue*, Handle, Klass*, Symbol*, Symbol*, Thread*)+0x64
V  [libjvm.dylib+0x3bbd34]  thread_entry(JavaThread*, Thread*)+0x78
V  [libjvm.dylib+0x6bc054]  JavaThread::thread_main_inner()+0x80
V  [libjvm.dylib+0x6bbe98]  JavaThread::run()+0x190
V  [libjvm.dylib+0x6b9b98]  Thread::call_run()+0x7c
V  [libjvm.dylib+0x56809c]  thread_native_entry(Thread*)+0x118
C  [libsystem_pthread.dylib+0x6c08]  _pthread_start+0x88

Java frames: (J=compiled Java code, j=interpreted, Vv=VM code)
j  com.android.tools.r8.internal.u10.a(Lcom/android/tools/r8/internal/u10;)I+7
j  com.android.tools.r8.internal.u10.compareTo(Ljava/lang/Object;)I+5
j  com.android.tools.r8.internal.mN.c(Ljava/lang/Object;)Z+2
j  com.android.tools.r8.graph.v2.a(IILjava/lang/String;Ljava/lang/String;Ljava/lang/String;[Ljava/lang/String;)V+14
j  com.android.tools.r8.internal.Ab.a(Lcom/android/tools/r8/internal/Nb;[Lcom/android/tools/r8/internal/f4;I)V+688
j  com.android.tools.r8.graph.y2.a(Lcom/android/tools/r8/origin/Origin;[B)V+273
j  com.android.tools.r8.graph.y2$$Lambda$2113.run()V+12
j  com.android.tools.r8.internal.vk.a(Ljava/lang/Runnable;)Ljava/lang/Object;+1
j  com.android.tools.r8.internal.vk$$Lambda$2115.get()Ljava/lang/Object;+4
j  com.android.tools.r8.internal.vk.a(Lcom/android/tools/r8/origin/Origin;Lcom/android/tools/r8/position/Position;Ljava/util/function/Supplier;)Ljava/lang/Object;+1
j  com.android.tools.r8.internal.vk.a(Lcom/android/tools/r8/origin/Origin;Lcom/android/tools/r8/position/Position;Ljava/lang/Runnable;)V+9
j  com.android.tools.r8.graph.y2.b(Lcom/android/tools/r8/origin/Origin;[B)V+13
j  com.android.tools.r8.dex.a.a(Lcom/android/tools/r8/graph/y2;Lcom/android/tools/r8/ProgramResource;)Ljava/lang/Object;+21
j  com.android.tools.r8.dex.a$$Lambda$2097.call()Ljava/lang/Object;+8
j  com.google.common.util.concurrent.TrustedListenableFutureTask$TrustedFutureInterruptibleTask.runInterruptibly()Ljava/lang/Object;+4
j  com.google.common.util.concurrent.InterruptibleTask.run()V+37
j  com.google.common.util.concurrent.TrustedListenableFutureTask.run()V+10
j  com.google.common.util.concurrent.MoreExecutors$DirectExecutorService.execute(Ljava/lang/Runnable;)V+5
j  java.util.concurrent.AbstractExecutorService.submit(Ljava/util/concurrent/Callable;)Ljava/util/concurrent/Future;+20 java.base@11.0.24
j  com.google.common.util.concurrent.AbstractListeningExecutorService.submit(Ljava/util/concurrent/Callable;)Lcom/google/common/util/concurrent/ListenableFuture;+2
j  com.google.common.util.concurrent.AbstractListeningExecutorService.submit(Ljava/util/concurrent/Callable;)Ljava/util/concurrent/Future;+2
j  com.android.tools.r8.dex.a.a(Ljava/util/ArrayList;Ljava/util/concurrent/ConcurrentLinkedQueue;)V+79
j  com.android.tools.r8.dex.a.b()V+138
j  com.android.tools.r8.dex.b.a(Lcom/android/tools/r8/T;Ljava/util/concurrent/ExecutorService;Lcom/android/tools/r8/internal/Li;)Lcom/android/tools/r8/graph/F2;+336
j  com.android.tools.r8.dex.b.a(Lcom/android/tools/r8/T;Ljava/util/concurrent/ExecutorService;)Lcom/android/tools/r8/graph/F2;+11
j  com.android.tools.r8.dex.b.a(Ljava/util/concurrent/ExecutorService;)Lcom/android/tools/r8/graph/F2;+9
j  com.android.tools.r8.D8.a(Lcom/android/tools/r8/utils/j;Lcom/android/tools/r8/internal/Aw;Ljava/util/concurrent/ExecutorService;Lcom/android/tools/r8/internal/H20;)Lcom/android/tools/r8/graph/g;+23
j  com.android.tools.r8.D8.d(Lcom/android/tools/r8/utils/j;Lcom/android/tools/r8/internal/Aw;Ljava/util/concurrent/ExecutorService;)V+198
j  com.android.tools.r8.D8.b(Lcom/android/tools/r8/utils/j;Lcom/android/tools/r8/internal/Aw;Ljava/util/concurrent/ExecutorService;)V+3
j  com.android.tools.r8.D8$$Lambda$2079.run()V+12
j  com.android.tools.r8.internal.vk.a(Lcom/android/tools/r8/internal/GV;Lcom/android/tools/r8/internal/vk$a;)V+2
j  com.android.tools.r8.internal.vk.b(Lcom/android/tools/r8/internal/GV;Lcom/android/tools/r8/internal/vk$a;)V+2
j  com.android.tools.r8.D8.run(Lcom/android/tools/r8/D8Command;Ljava/util/concurrent/ExecutorService;)V+22
j  com.android.builder.dexing.D8DexArchiveBuilder.convert(Ljava/util/stream/Stream;Ljava/nio/file/Path;Lcom/android/builder/dexing/DependencyGraphUpdater;)V+289
j  com.android.build.gradle.internal.dexing.DexWorkActionKt.process(Lcom/android/builder/dexing/DexArchiveBuilder;Lcom/android/builder/dexing/ClassBucket;Lkotlin/jvm/functions/Function2;Ljava/io/File;Lcom/android/builder/dexing/DependencyGraphUpdater;)V+158
j  com.android.build.gradle.internal.dexing.DexWorkActionKt.processNonIncrementally(Lcom/android/builder/dexing/DexArchiveBuilder;Lcom/android/build/gradle/internal/dexing/DexWorkActionParams;)V+62
j  com.android.build.gradle.internal.dexing.DexWorkActionKt.launchProcessing(Lcom/android/build/gradle/internal/dexing/DexWorkActionParams;Lcom/android/ide/common/blame/MessageReceiver;)V+46
j  com.android.build.gradle.internal.dexing.DexWorkAction.run()V+62
j  com.android.build.gradle.internal.profile.ProfileAwareWorkAction.execute()V+70
j  org.gradle.workers.internal.DefaultWorkerServer.execute(Lorg/gradle/workers/internal/SimpleActionExecutionSpec;)Lorg/gradle/workers/internal/DefaultWorkResult;+128
j  org.gradle.workers.internal.NoIsolationWorkerFactory$1$1.create()Lorg/gradle/workers/internal/DefaultWorkResult;+29
j  org.gradle.workers.internal.NoIsolationWorkerFactory$1$1.create()Ljava/lang/Object;+1
j  org.gradle.internal.classloader.ClassLoaderUtils.executeInClassloader(Ljava/lang/ClassLoader;Lorg/gradle/internal/Factory;)Ljava/lang/Object;+15
j  org.gradle.workers.internal.NoIsolationWorkerFactory$1.lambda$execute$0(Ljava/lang/ClassLoader;Lorg/gradle/workers/WorkerExecutor;Lorg/gradle/workers/internal/IsolatedParametersActionExecutionSpec;)Lorg/gradle/workers/internal/DefaultWorkResult;+10
j  org.gradle.workers.internal.NoIsolationWorkerFactory$1$$Lambda$1742.execute(Lorg/gradle/workers/internal/IsolatedParametersActionExecutionSpec;)Lorg/gradle/workers/internal/DefaultWorkResult;+13
j  org.gradle.workers.internal.AbstractWorker$1.call(Lorg/gradle/internal/operations/BuildOperationContext;)Lorg/gradle/workers/internal/DefaultWorkResult;+8
j  org.gradle.workers.internal.AbstractWorker$1.call(Lorg/gradle/internal/operations/BuildOperationContext;)Ljava/lang/Object;+2
J 8152 c1 org.gradle.internal.operations.DefaultBuildOperationRunner$CallableBuildOperationWorker.execute(Lorg/gradle/internal/operations/BuildOperation;Lorg/gradle/internal/operations/BuildOperationContext;)V (10 bytes) @ 0x000000011417532c [0x0000000114175080+0x00000000000002ac]
J 10216 c1 org.gradle.internal.operations.DefaultBuildOperationRunner$2.execute(Lorg/gradle/internal/operations/BuildOperationDescriptor;Lorg/gradle/internal/operations/BuildOperationState;Lorg/gradle/internal/operations/BuildOperationState;Lorg/gradle/internal/operations/DefaultBuildOperationRunner$ReadableBuildOperationContext;Lorg/gradle/internal/operations/DefaultBuildOperationRunner$BuildOperationExecutionListener;)Lorg/gradle/internal/operations/BuildOperation; (110 bytes) @ 0x0000000114547b18 [0x0000000114547a40+0x00000000000000d8]
J 12574 c1 org.gradle.internal.operations.DefaultBuildOperationRunner$2.execute(Lorg/gradle/internal/operations/BuildOperationDescriptor;Lorg/gradle/internal/operations/BuildOperationState;Lorg/gradle/internal/operations/BuildOperationState;Lorg/gradle/internal/operations/DefaultBuildOperationRunner$ReadableBuildOperationContext;Lorg/gradle/internal/operations/DefaultBuildOperationRunner$BuildOperationExecutionListener;)Ljava/lang/Object; (12 bytes) @ 0x0000000114b04a58 [0x0000000114b049c0+0x0000000000000098]
J 10248 c1 org.gradle.internal.operations.DefaultBuildOperationRunner.execute(Lorg/gradle/internal/operations/BuildOperationDescriptor$Builder;Lorg/gradle/internal/operations/BuildOperationState;Lorg/gradle/internal/operations/DefaultBuildOperationRunner$BuildOperationExecution;)Ljava/lang/Object; (147 bytes) @ 0x00000001145518b8 [0x0000000114551380+0x0000000000000538]
J 8151 c1 org.gradle.internal.operations.DefaultBuildOperationRunner.call(Lorg/gradle/internal/operations/CallableBuildOperation;)Ljava/lang/Object; (24 bytes) @ 0x0000000114174618 [0x0000000114173ec0+0x0000000000000758]
J 8150 c1 org.gradle.internal.operations.DefaultBuildOperationExecutor.call(Lorg/gradle/internal/operations/CallableBuildOperation;)Ljava/lang/Object; (11 bytes) @ 0x00000001141739f8 [0x00000001141738c0+0x0000000000000138]
j  org.gradle.workers.internal.AbstractWorker.executeWrappedInBuildOperation(Lorg/gradle/workers/internal/IsolatedParametersActionExecutionSpec;Lorg/gradle/internal/operations/BuildOperationRef;Lorg/gradle/workers/internal/AbstractWorker$Work;)Lorg/gradle/workers/internal/DefaultWorkResult;+15
j  org.gradle.workers.internal.NoIsolationWorkerFactory$1.execute(Lorg/gradle/workers/internal/IsolatedParametersActionExecutionSpec;Lorg/gradle/internal/operations/BuildOperationRef;)Lorg/gradle/workers/internal/DefaultWorkResult;+17
j  org.gradle.workers.internal.DefaultWorkerExecutor.lambda$submitWork$0(Lorg/gradle/workers/internal/WorkerFactory;Lorg/gradle/workers/internal/WorkerRequirement;Lorg/gradle/workers/internal/IsolatedParametersActionExecutionSpec;Lorg/gradle/internal/operations/BuildOperationRef;)Lorg/gradle/workers/internal/DefaultWorkResult;+13
j  org.gradle.workers.internal.DefaultWorkerExecutor$$Lambda$1740.call()Ljava/lang/Object;+16
J 5462 c1 java.util.concurrent.FutureTask.run()V java.base@11.0.24 (123 bytes) @ 0x0000000113be577c [0x0000000113be50c0+0x00000000000006bc]
j  org.gradle.internal.work.DefaultConditionalExecutionQueue$ExecutionRunner.runExecution(Lorg/gradle/internal/work/ConditionalExecution;)V+6
j  org.gradle.internal.work.DefaultConditionalExecutionQueue$ExecutionRunner.access$700(Lorg/gradle/internal/work/DefaultConditionalExecutionQueue$ExecutionRunner;Lorg/gradle/internal/work/ConditionalExecution;)V+2
j  org.gradle.internal.work.DefaultConditionalExecutionQueue$ExecutionRunner$1.run()V+14
j  org.gradle.internal.Factories$1.create()Ljava/lang/Object;+4
J 13401 c1 org.gradle.internal.work.DefaultWorkerLeaseService.withLocks(Ljava/util/Collection;Lorg/gradle/internal/Factory;)Ljava/lang/Object; (53 bytes) @ 0x0000000114d37c88 [0x0000000114d37b00+0x0000000000000188]
j  org.gradle.internal.work.DefaultWorkerLeaseService.runAsWorkerThread(Lorg/gradle/internal/Factory;)Ljava/lang/Object;+33
j  org.gradle.internal.work.DefaultWorkerLeaseService.runAsWorkerThread(Ljava/lang/Runnable;)V+5
j  org.gradle.internal.work.DefaultConditionalExecutionQueue$ExecutionRunner.runBatch(Lorg/gradle/internal/work/ConditionalExecution;)V+16
j  org.gradle.internal.work.DefaultConditionalExecutionQueue$ExecutionRunner.run()V+11
j  java.util.concurrent.Executors$RunnableAdapter.call()Ljava/lang/Object;+4 java.base@11.0.24
J 5462 c1 java.util.concurrent.FutureTask.run()V java.base@11.0.24 (123 bytes) @ 0x0000000113be577c [0x0000000113be50c0+0x00000000000006bc]
J 11414 c1 org.gradle.internal.concurrent.AbstractManagedExecutor$1.run()V (57 bytes) @ 0x00000001147e93e4 [0x00000001147e9100+0x00000000000002e4]
j  java.util.concurrent.ThreadPoolExecutor.runWorker(Ljava/util/concurrent/ThreadPoolExecutor$Worker;)V+92 java.base@11.0.24
j  java.util.concurrent.ThreadPoolExecutor$Worker.run()V+5 java.base@11.0.24
j  java.lang.Thread.run()V+11 java.base@11.0.24
v  ~StubRoutines::call_stub

siginfo: si_signo: 11 (SIGSEGV), si_code: 2 (SEGV_ACCERR), si_addr: 0x0000000000000000

Register to memory mapping:

 x0=0x0 is NULL
 x1=0x0000000826a7e900 points into unknown readable memory: 0x0000000000000000 | 00 00 00 00 00 00 00 00
 x2=0x0000000000000001 is an unknown value
 x3=0x0000000826ad4000 is a thread
 x4=0x00000003855bfdb0 is pointing into the stack for thread: 0x0000000826ad4000
 x5=0x0 is NULL
 x6=0x00000000fffffffe is an unknown value
 x7=0x0000000826ad4000 is a thread
 x8=0x0 is NULL
 x9=0x0000000826a7e900 points into unknown readable memory: 0x0000000000000000 | 00 00 00 00 00 00 00 00
x10=0x0 is NULL
x11=0x0000000000000006 is an unknown value
x12=0x0000000826b34400 points into unknown readable memory: 0x0000000128065528 | 28 55 06 28 01 00 00 00
x13=0x0000000000000005 is an unknown value
x14={method} {0x000000012842cde8} 'linkToTargetMethod' '(Ljava/lang/Object;)Ljava/lang/Object;' in 'java/lang/invoke/LambdaForm$MH'
x15=0x000000030d1e7348 is an oop: java.lang.invoke.MethodType 
{0x000000030d1e7348} - klass: 'java/lang/invoke/MethodType'
 - ---- fields (total size 5 words):
 - private final synchronized strict 'rtype' 'Ljava/lang/Class;' @12  a 'java/lang/Class'{0x000000030d1e7210} = 'com/android/tools/r8/internal/s10' (61a3ce42)
 - private final synchronized strict 'ptypes' '[Ljava/lang/Class;' @16  a 'java/lang/Class'[0] {0x0000000300f69bf0} (601ed37e)
 - private synchronized 'form' 'Ljava/lang/invoke/MethodTypeForm;' @20  a 'java/lang/invoke/MethodTypeForm'{0x0000000300f82aa8} (601f0555)
 - private synchronized 'wrapAlt' 'Ljava/lang/Object;' @24  
[error occurred during error reporting (printing register info), id 0xb, SIGSEGV (0xb) at pc=0x0000000109e05e38]

Registers:
 x0=0x0000000000000000  x1=0x0000000826a7e900  x2=0x0000000000000001  x3=0x0000000826ad4000
 x4=0x00000003855bfdb0  x5=0x0000000000000000  x6=0x00000000fffffffe  x7=0x0000000826ad4000
 x8=0x0000000000000000  x9=0x0000000826a7e900 x10=0x0000000000000000 x11=0x0000000000000006
x12=0x0000000826b34400 x13=0x0000000000000005 x14=0x000000012842cde8 x15=0x000000030d1e7348
x16=0x0000000000000020 x17=0x0000000826ae2d90 x18=0x0000000000000000 x19=0x0000000000000001
x20=0x000000030e1b9ba0 x21=0x0000000826a7e900 x22=0x0000000826ad4000 x23=0x0000000000000000
x24=0x000000010a137a84 x25=0x0000000000000000 x26=0x000000012fc61658 x27=0x0000000000000000
x28=0x0000000826ad4000  fp=0x00000003855bfd70  lr=0x0000000109f411b4  sp=0x00000003855bfcc0
pc=0x0000000109f411b8 cpsr=0x0000000060001000
Top of Stack: (sp=0x00000003855bfcc0)
0x00000003855bfcc0:   00000003855bfd30 000000030e23e030
0x00000003855bfcd0:   0000000800000026 000000030d1eb338
0x00000003855bfce0:   000000030d1ec0b0 000000030d1e7348
0x00000003855bfcf0:   000000030d1eb378 000000030d1ec2a0
0x00000003855bfd00:   0000000000000000 0000000000000000
0x00000003855bfd10:   00000003855bfd00 0000000000000000
0x00000003855bfd20:   00000000fffffffe 0000000826ad4000
0x00000003855bfd30:   000000012fc61658 000000030e1b9ba0
0x00000003855bfd40:   00000003855bfe70 00000003857cbe00
0x00000003855bfd50:   00000003857cbe00 000000082b770110
0x00000003855bfd60:   00000003855bfe00 0000000826ad4000
0x00000003855bfd70:   00000003855bfdb0 0000000109f40fa0
0x00000003855bfd80:   00000003855bfe70 0000000826ae2db0
0x00000003855bfd90:   000000082b770110 00000003855bfe60
0x00000003855bfda0:   00000000000000ba 00000003855bfdf0
0x00000003855bfdb0:   00000003855bfdd0 0000000109f415e4
0x00000003855bfdc0:   00000000000000ba 000000012fc61918
0x00000003855bfdd0:   00000003855bfe50 0000000109aa74b0
0x00000003855bfde0:   00000003855bfe50 0000000109d3b8fc
0x00000003855bfdf0:   0000000826ad4000 000000082b770110
0x00000003855bfe00:   0000000000000003 0000000000000001
0x00000003855bfe10:   000000012fc61658 0000000000000000
0x00000003855bfe20:   00000003855c0028 000000030d4b21e8
0x00000003855bfe30:   00000003855bfe70 000000012fc314d0
0x00000003855bfe40:   00000000ffffffea 0000000826ad4000
0x00000003855bfe50:   00000003855bff20 0000000109bd24a4
0x00000003855bfe60:   000000012fc314d0 0000000826ad4000
0x00000003855bfe70:   0000000c0000b600 0000000c0000b600
0x00000003855bfe80:   000000012842cde8 0000000826ad4000
0x00000003855bfe90:   000000012842cde8 0000000826ad4000
0x00000003855bfea0:   fffffffe00000000 000000082b770108
0x00000003855bfeb0:   000000082b7700e8 0000000000000000 

Instructions: (pc=0x0000000109f411b8)
0x0000000109f410b8:   1f 30 00 f9 1f 44 00 f9 1f 28 00 f9 79 03 00 b4
0x0000000109f410c8:   b7 02 00 f9 bf 22 00 f9 bf 2a 00 f9 b4 06 00 f9
0x0000000109f410d8:   bf 2a 00 f9 bf 3a 00 f9 08 03 40 b9 a8 7e 00 b9
0x0000000109f410e8:   a9 02 7f b2 bf 3b 03 d5 e8 03 17 aa 89 7e a8 c8
0x0000000109f410f8:   bf 3b 03 d5 1f 01 17 eb 60 08 00 54 ff 02 08 eb
0x0000000109f41108:   20 08 00 54 bf 06 00 f9 bf 22 00 f9 bf 2a 00 f9
0x0000000109f41118:   bf 36 00 f9 bf 2e 00 f9 bf 32 00 f9 bf 46 00 f9
0x0000000109f41128:   bf 2a 00 f9 0d 00 00 14 bf 3a 00 f9 bf 2a 00 f9
0x0000000109f41138:   08 03 40 b9 a8 7e 00 b9 bf 3b 03 d5 e8 03 17 aa
0x0000000109f41148:   9f 7e a8 c8 bf 3b 03 d5 1f 01 17 eb c0 02 00 54
0x0000000109f41158:   ff 02 08 eb 80 02 00 54 e0 03 16 aa e1 03 15 aa
0x0000000109f41168:   22 00 80 52 9c 05 00 94 97 02 40 f9 e0 03 17 aa
0x0000000109f41178:   52 ba ed 97 e0 f8 0f 36 e0 03 17 aa 4f ba ed 97
0x0000000109f41188:   15 00 7f d2 e0 03 15 aa fd 7b 4b a9 f4 4f 4a a9
0x0000000109f41198:   f6 57 49 a9 f8 5f 48 a9 fa 67 47 a9 ff 03 03 91
0x0000000109f411a8:   c0 03 5f d6 e0 03 17 aa 44 ba ed 97 08 f8 7e 92
0x0000000109f411b8:   08 01 40 f9 a8 02 00 f9 e0 03 17 aa 3f ba ed 97
0x0000000109f411c8:   a0 22 00 f9 bf 2a 00 f9 b4 06 00 f9 88 02 40 f9
0x0000000109f411d8:   48 01 00 b4 e0 07 00 90 00 d0 3b 91 e2 07 00 b0
0x0000000109f411e8:   42 64 01 91 03 05 00 90 63 60 0c 91 01 bd 80 52
0x0000000109f411f8:   a0 9e ed 97 49 4a fb 97 a8 02 7f b2 bf 3b 03 d5
0x0000000109f41208:   88 02 00 f9 08 11 00 d0 08 61 0b 91 08 01 40 f9
0x0000000109f41218:   48 01 00 b4 09 11 00 d0 29 01 2c 91 29 01 40 39
0x0000000109f41228:   3f 05 00 71 a1 00 00 54 08 15 40 f9 09 01 40 f9
0x0000000109f41238:   29 05 00 91 09 01 00 f9 c8 0f 00 f0 08 e5 43 f9
0x0000000109f41248:   28 06 00 b4 c8 10 00 d0 08 e5 37 91 08 01 40 39
0x0000000109f41258:   1f 05 00 71 21 01 00 54 89 0a 40 b9 ca 0f 00 f0
0x0000000109f41268:   4a 61 2b 91 4b 09 40 b9 4a 01 40 f9 2b 21 cb 9a
0x0000000109f41278:   6a 01 0a 8b 03 00 00 14 8a 06 40 f9 e9 03 0a aa
0x0000000109f41288:   4a 09 40 b9 5f 05 00 71 eb 03 00 54 80 10 00 d0
0x0000000109f41298:   00 80 27 91 0a 00 40 f9 40 01 3f d6 0a 00 40 f9
0x0000000109f412a8:   4a 3d 41 f9 ea 0f 00 f9 40 05 c0 3d e0 03 82 3c 


Stack slot to memory mapping:
stack at sp + 0 slots: 0x00000003855bfd30 is pointing into the stack for thread: 0x0000000826ad4000
stack at sp + 1 slots: 0x000000030e23e030 is an oop: java.lang.Class 
{0x000000030e23e030} - klass: 'java/lang/Class'
 - ---- fields (total size 14 words):
 - private volatile transient strict 'cachedConstructor' 'Ljava/lang/reflect/Constructor;' @12  
[error occurred during error reporting (inspecting top of stack), id 0xb, SIGSEGV (0xb) at pc=0x0000000109e05e38]


---------------  P R O C E S S  ---------------

Threads class SMR info:
_java_thread_list=0x0000000826107e40, length=182, elements={
0x00000001048bb800, 0x000000082ad50000, 0x000000082ad51000, 0x000000082ad53000,
0x000000082add8000, 0x000000082add9000, 0x000000082adda000, 0x000000082addb000,
0x000000082a814000, 0x000000082a815000, 0x000000082a817000, 0x000000082884d000,
0x000000082884e000, 0x000000082884f000, 0x00000008288a0000, 0x00000008288a2000,
0x000000082a816000, 0x000000082a93c000, 0x000000082a93d000, 0x000000082a93f000,
0x00000008288a3000, 0x000000082a955000, 0x000000082a954000, 0x000000082a957000,
0x000000082a956000, 0x0000000828ac4000, 0x0000000828ac5000, 0x0000000828ac6000,
0x0000000828ac7000, 0x0000000828b30000, 0x0000000827c32000, 0x0000000827ccc000,
0x0000000827cce000, 0x0000000827ccd000, 0x0000000827ccf000, 0x0000000827d88000,
0x0000000827d89000, 0x000000082aa21000, 0x000000082aa22000, 0x000000082aa23000,
0x0000000828b33000, 0x0000000827e34000, 0x0000000827e35000, 0x0000000827e36000,
0x0000000827e37000, 0x000000082aa30000, 0x0000000827e40000, 0x0000000827e42000,
0x0000000827e43000, 0x000000082aa32000, 0x0000000827e4c000, 0x0000000827e4d000,
0x000000082aa71000, 0x0000000827bf8000, 0x0000000827bfb000, 0x0000000827bfa000,
0x0000000826898000, 0x0000000826899000, 0x000000082689a000, 0x000000082689b000,
0x000000082ab60000, 0x000000082ab61000, 0x000000082ab62000, 0x000000082ab63000,
0x00000008268a4000, 0x00000008268a5000, 0x00000008268c0000, 0x00000008268c3000,
0x00000008268a7000, 0x00000008268dc000, 0x00000008268dd000, 0x00000008268de000,
0x00000008268df000, 0x000000082ab70000, 0x000000082ab72000, 0x000000082ab85000,
0x000000082aae0000, 0x0000000826918000, 0x0000000826919000, 0x000000082691a000,
0x000000082691b000, 0x000000082aba8000, 0x000000082aba9000, 0x000000082abaa000,
0x0000000826940000, 0x0000000826942000, 0x0000000826943000, 0x000000082ab75000,
0x000000082abbc000, 0x000000082abbd000, 0x000000082abbe000, 0x000000082abbf000,
0x000000082abc8000, 0x000000082abc9000, 0x000000082abcb000, 0x0000000826941000,
0x000000082abf4000, 0x000000082abf5000, 0x000000082abf6000, 0x000000082abf7000,
0x000000082696c000, 0x000000082696d000, 0x0000000826977000, 0x000000082696e000,
0x000000082abca000, 0x0000000826984000, 0x0000000826985000, 0x0000000826986000,
0x0000000826987000, 0x0000000826988000, 0x0000000826989000, 0x000000082698a000,
0x0000000826020000, 0x0000000826021000, 0x0000000826022000, 0x0000000826023000,
0x00000008269b0000, 0x00000008269b1000, 0x00000008269b2000, 0x00000008269b3000,
0x00000008269bc000, 0x00000008269be000, 0x000000082abab000, 0x00000008269c4000,
0x00000008269c5000, 0x00000008269c6000, 0x00000008269c7000, 0x000000082603c000,
0x000000082603d000, 0x000000082603e000, 0x0000000826042000, 0x0000000826043000,
0x0000000826068000, 0x0000000826069000, 0x000000082606a000, 0x000000082606b000,
0x00000008269f0000, 0x00000008269f1000, 0x00000008269f2000, 0x00000008269f7000,
0x00000008269bf000, 0x00000008269f8000, 0x00000008269f9000, 0x0000000826a28000,
0x0000000826a2a000, 0x00000008260c0000, 0x00000008260c1000, 0x00000008260c2000,
0x00000008260c3000, 0x0000000826a5c000, 0x0000000826a5d000, 0x0000000826a5e000,
0x0000000826a5f000, 0x0000000827009000, 0x0000000826a60000, 0x000000082700c000,
0x000000082700d000, 0x000000082700e000, 0x000000082700f000, 0x00000008260dc000,
0x00000008260e3000, 0x00000008260dd000, 0x00000008260e4000, 0x00000008269fa000,
0x00000008260fc000, 0x00000008260fd000, 0x00000008260fe000, 0x00000008260ff000,
0x0000000826acc000, 0x0000000826acd000, 0x0000000826ace000, 0x0000000826acf000,
0x0000000826ad5000, 0x0000000826ad6000, 0x000000082ab80000, 0x0000000826114000,
0x0000000826115000, 0x0000000826117000, 0x0000000826ad4000, 0x000000082611c000,
0x000000082611d000, 0x000000082611e000
}

Java Threads: ( => current thread )
  0x00000001048bb800 JavaThread "main" [_thread_blocked, id=5635, stack(0x000000016bc64000,0x000000016be67000)]
  0x000000082ad50000 JavaThread "Reference Handler" daemon [_thread_blocked, id=21251, stack(0x000000016cab8000,0x000000016ccbb000)]
  0x000000082ad51000 JavaThread "Finalizer" daemon [_thread_blocked, id=20739, stack(0x000000016ccc4000,0x000000016cec7000)]
  0x000000082ad53000 JavaThread "Signal Dispatcher" daemon [_thread_blocked, id=21763, stack(0x000000016cfe8000,0x000000016d1eb000)]
  0x000000082add8000 JavaThread "Service Thread" daemon [_thread_blocked, id=22275, stack(0x000000016d1f4000,0x000000016d3f7000)]
  0x000000082add9000 JavaThread "C2 CompilerThread0" daemon [_thread_in_native, id=23043, stack(0x000000016d400000,0x000000016d603000)]
  0x000000082adda000 JavaThread "C1 CompilerThread0" daemon [_thread_blocked, id=32003, stack(0x000000016d60c000,0x000000016d80f000)]
  0x000000082addb000 JavaThread "Sweeper thread" daemon [_thread_blocked, id=24067, stack(0x000000016d818000,0x000000016da1b000)]
  0x000000082a814000 JavaThread "Common-Cleaner" daemon [_thread_blocked, id=24579, stack(0x000000016da24000,0x000000016dc27000)]
  0x000000082a815000 JavaThread "Daemon health stats" [_thread_blocked, id=30211, stack(0x000000016e878000,0x000000016ea7b000)]
  0x000000082a817000 JavaThread "Incoming local TCP Connector on port 57860" [_thread_in_native, id=27395, stack(0x000000016ea84000,0x000000016ec87000)]
  0x000000082884d000 JavaThread "Daemon periodic checks" [_thread_blocked, id=27907, stack(0x000000016ec90000,0x000000016ee93000)]
  0x000000082884e000 JavaThread "Daemon" [_thread_blocked, id=28163, stack(0x000000016ee9c000,0x000000016f09f000)]
  0x000000082884f000 JavaThread "Handler for socket connection from /127.0.0.1:57860 to /127.0.0.1:57861" [_thread_in_native, id=28931, stack(0x000000016f0a8000,0x000000016f2ab000)]
  0x00000008288a0000 JavaThread "Cancel handler" [_thread_blocked, id=43011, stack(0x000000016f2b4000,0x000000016f4b7000)]
  0x00000008288a2000 JavaThread "Daemon worker" [_thread_blocked, id=42755, stack(0x000000016f4c0000,0x000000016f6c3000)]
  0x000000082a816000 JavaThread "Asynchronous log dispatcher for DefaultDaemonConnection: socket connection from /127.0.0.1:57860 to /127.0.0.1:57861" [_thread_blocked, id=33795, stack(0x000000016f6cc000,0x000000016f8cf000)]
  0x000000082a93c000 JavaThread "Stdin handler" [_thread_blocked, id=34563, stack(0x000000016f8d8000,0x000000016fadb000)]
  0x000000082a93d000 JavaThread "Daemon client event forwarder" [_thread_blocked, id=35331, stack(0x000000016fae4000,0x000000016fce7000)]
  0x000000082a93f000 JavaThread "Cache worker for journal cache (/Users/sav/.gradle/caches/journal-1)" [_thread_blocked, id=36867, stack(0x0000000170520000,0x0000000170723000)]
  0x00000008288a3000 JavaThread "File lock request listener" [_thread_in_native, id=37123, stack(0x000000017072c000,0x000000017092f000)]
  0x000000082a955000 JavaThread "Cache worker for file hash cache (/Users/sav/.gradle/caches/8.5/fileHashes)" [_thread_blocked, id=40195, stack(0x0000000170938000,0x0000000170b3b000)]
  0x000000082a954000 JavaThread "File watcher server" daemon [_thread_in_native, id=39427, stack(0x0000000170b44000,0x0000000170d47000)]
  0x000000082a957000 JavaThread "File watcher consumer" daemon [_thread_blocked, id=38403, stack(0x0000000170d50000,0x0000000170f53000)]
  0x000000082a956000 JavaThread "Cache worker for checksums cache (/Users/sav/Documents/GitHub/Sav22999/sav-pdf-viewer-pro/.gradle/8.5/checksums)" [_thread_blocked, id=65027, stack(0x0000000170f5c000,0x000000017115f000)]
  0x0000000828ac4000 JavaThread "Cache worker for file hash cache (/Users/sav/Documents/GitHub/Sav22999/sav-pdf-viewer-pro/.gradle/8.5/fileHashes)" [_thread_blocked, id=43779, stack(0x0000000171168000,0x000000017136b000)]
  0x0000000828ac5000 JavaThread "Cache worker for cache directory md-supplier (/Users/sav/.gradle/caches/8.5/md-supplier)" [_thread_blocked, id=44035, stack(0x0000000171374000,0x0000000171577000)]
  0x0000000828ac6000 JavaThread "Cache worker for cache directory md-rule (/Users/sav/.gradle/caches/8.5/md-rule)" [_thread_blocked, id=44547, stack(0x0000000171580000,0x0000000171783000)]
  0x0000000828ac7000 JavaThread "Cache worker for file content cache (/Users/sav/.gradle/caches/8.5/fileContent)" [_thread_blocked, id=45059, stack(0x000000017178c000,0x000000017198f000)]
  0x0000000828b30000 JavaThread "Cache worker for execution history cache (/Users/sav/.gradle/caches/8.5/executionHistory)" [_thread_blocked, id=45571, stack(0x0000000171998000,0x0000000171b9b000)]
  0x0000000827c32000 JavaThread "Cache worker for kotlin-dsl (/Users/sav/.gradle/caches/8.5/kotlin-dsl)" [_thread_blocked, id=62723, stack(0x0000000171ba4000,0x0000000171da7000)]
  0x0000000827ccc000 JavaThread "jar transforms" [_thread_blocked, id=62211, stack(0x0000000171db0000,0x0000000171fb3000)]
  0x0000000827cce000 JavaThread "jar transforms Thread 2" [_thread_blocked, id=46339, stack(0x0000000171fbc000,0x00000001721bf000)]
  0x0000000827ccd000 JavaThread "Cache worker for dependencies-accessors (/Users/sav/Documents/GitHub/Sav22999/sav-pdf-viewer-pro/.gradle/8.5/dependencies-accessors)" [_thread_blocked, id=46851, stack(0x00000001721c8000,0x00000001723cb000)]
  0x0000000827ccf000 JavaThread "Cache worker for Build Output Cleanup Cache (/Users/sav/Documents/GitHub/Sav22999/sav-pdf-viewer-pro/.gradle/buildOutputCleanup)" [_thread_blocked, id=47107, stack(0x00000001723d4000,0x00000001725d7000)]
  0x0000000827d88000 JavaThread "jar transforms Thread 3" [_thread_blocked, id=60419, stack(0x00000001725e0000,0x00000001727e3000)]
  0x0000000827d89000 JavaThread "jar transforms Thread 4" [_thread_blocked, id=47875, stack(0x00000001727ec000,0x00000001729ef000)]
  0x000000082aa21000 JavaThread "Unconstrained build operations" [_thread_blocked, id=48387, stack(0x00000001729f8000,0x0000000172bfb000)]
  0x000000082aa22000 JavaThread "Unconstrained build operations Thread 2" [_thread_blocked, id=59395, stack(0x0000000172c04000,0x0000000172e07000)]
  0x000000082aa23000 JavaThread "Unconstrained build operations Thread 3" [_thread_blocked, id=48899, stack(0x0000000172e10000,0x0000000173013000)]
  0x0000000828b33000 JavaThread "Unconstrained build operations Thread 4" [_thread_blocked, id=58371, stack(0x000000017301c000,0x000000017321f000)]
  0x0000000827e34000 JavaThread "Unconstrained build operations Thread 5" [_thread_blocked, id=58115, stack(0x0000000173228000,0x000000017342b000)]
  0x0000000827e35000 JavaThread "Unconstrained build operations Thread 6" [_thread_blocked, id=57603, stack(0x0000000173434000,0x0000000173637000)]
  0x0000000827e36000 JavaThread "Unconstrained build operations Thread 7" [_thread_blocked, id=50691, stack(0x0000000173640000,0x0000000173843000)]
  0x0000000827e37000 JavaThread "Unconstrained build operations Thread 8" [_thread_blocked, id=51459, stack(0x000000017384c000,0x0000000173a4f000)]
  0x000000082aa30000 JavaThread "Unconstrained build operations Thread 9" [_thread_blocked, id=57347, stack(0x0000000173a58000,0x0000000173c5b000)]
  0x0000000827e40000 JavaThread "jar transforms Thread 5" [_thread_blocked, id=56579, stack(0x0000000173c64000,0x0000000173e67000)]
  0x0000000827e42000 JavaThread "jar transforms Thread 6" [_thread_blocked, id=52227, stack(0x0000000173e70000,0x0000000174073000)]
  0x0000000827e43000 JavaThread "jar transforms Thread 7" [_thread_blocked, id=55555, stack(0x000000017407c000,0x000000017427f000)]
  0x000000082aa32000 JavaThread "jar transforms Thread 8" [_thread_blocked, id=55043, stack(0x0000000174288000,0x000000017448b000)]
  0x0000000827e4c000 JavaThread "jar transforms Thread 9" [_thread_blocked, id=54531, stack(0x0000000174494000,0x0000000174697000)]
  0x0000000827e4d000 JavaThread "jar transforms Thread 10" [_thread_blocked, id=54275, stack(0x00000001746a0000,0x00000001748a3000)]
  0x000000082aa71000 JavaThread "Memory manager" [_thread_blocked, id=65539, stack(0x00000001748ac000,0x0000000174aaf000)]
  0x0000000827bf8000 JavaThread "pool-3-thread-1" [_thread_blocked, id=66051, stack(0x0000000174ab8000,0x0000000174cbb000)]
  0x0000000827bfb000 JavaThread "build event listener" [_thread_blocked, id=86787, stack(0x0000000174cc4000,0x0000000174ec7000)]
  0x0000000827bfa000 JavaThread "included builds" [_thread_blocked, id=86275, stack(0x0000000174ed0000,0x00000001750d3000)]
  0x0000000826898000 JavaThread "Execution worker" [_thread_blocked, id=86019, stack(0x00000001750dc000,0x00000001752df000)]
  0x0000000826899000 JavaThread "Execution worker Thread 2" [_thread_blocked, id=67587, stack(0x00000001752e8000,0x00000001754eb000)]
  0x000000082689a000 JavaThread "Execution worker Thread 3" [_thread_blocked, id=67843, stack(0x00000001754f4000,0x00000001756f7000)]
  0x000000082689b000 JavaThread "Execution worker Thread 4" [_thread_blocked, id=84227, stack(0x0000000175700000,0x0000000175903000)]
  0x000000082ab60000 JavaThread "Execution worker Thread 5" [_thread_blocked, id=83715, stack(0x000000017590c000,0x0000000175b0f000)]
  0x000000082ab61000 JavaThread "Execution worker Thread 6" [_thread_blocked, id=68867, stack(0x0000000175b18000,0x0000000175d1b000)]
  0x000000082ab62000 JavaThread "Execution worker Thread 7" [_thread_blocked, id=83459, stack(0x0000000175d24000,0x0000000175f27000)]
  0x000000082ab63000 JavaThread "Execution worker Thread 8" [_thread_blocked, id=82947, stack(0x0000000175f30000,0x0000000176133000)]
  0x00000008268a4000 JavaThread "Execution worker Thread 9" [_thread_blocked, id=82435, stack(0x000000017613c000,0x000000017633f000)]
  0x00000008268a5000 JavaThread "Cache worker for execution history cache (/Users/sav/Documents/GitHub/Sav22999/sav-pdf-viewer-pro/.gradle/8.5/executionHistory)" [_thread_blocked, id=81667, stack(0x0000000176348000,0x000000017654b000)]
  0x00000008268c0000 JavaThread "Unconstrained build operations Thread 10" [_thread_blocked, id=71683, stack(0x0000000176554000,0x0000000176757000)]
  0x00000008268c3000 JavaThread "Unconstrained build operations Thread 11" [_thread_blocked, id=72195, stack(0x0000000176760000,0x0000000176963000)]
  0x00000008268a7000 JavaThread "Unconstrained build operations Thread 12" [_thread_blocked, id=80643, stack(0x000000017696c000,0x0000000176b6f000)]
  0x00000008268dc000 JavaThread "Unconstrained build operations Thread 13" [_thread_blocked, id=72707, stack(0x0000000176b78000,0x0000000176d7b000)]
  0x00000008268dd000 JavaThread "Unconstrained build operations Thread 14" [_thread_blocked, id=79363, stack(0x0000000176d84000,0x0000000176f87000)]
  0x00000008268de000 JavaThread "Unconstrained build operations Thread 15" [_thread_blocked, id=73219, stack(0x0000000176f90000,0x0000000177193000)]
  0x00000008268df000 JavaThread "Unconstrained build operations Thread 16" [_thread_blocked, id=73475, stack(0x000000017719c000,0x000000017739f000)]
  0x000000082ab70000 JavaThread "Unconstrained build operations Thread 17" [_thread_blocked, id=73987, stack(0x00000001773a8000,0x00000001775ab000)]
  0x000000082ab72000 JavaThread "Unconstrained build operations Thread 18" [_thread_blocked, id=77827, stack(0x00000001775b4000,0x00000001777b7000)]
  0x000000082ab85000 JavaThread "Unconstrained build operations Thread 19" [_thread_blocked, id=77315, stack(0x00000001777c0000,0x00000001779c3000)]
  0x000000082aae0000 JavaThread "Unconstrained build operations Thread 20" [_thread_blocked, id=76803, stack(0x00000001779cc000,0x0000000177bcf000)]
  0x0000000826918000 JavaThread "Unconstrained build operations Thread 21" [_thread_blocked, id=76291, stack(0x0000000177bd8000,0x0000000177ddb000)]
  0x0000000826919000 JavaThread "Unconstrained build operations Thread 22" [_thread_blocked, id=75779, stack(0x0000000177de4000,0x0000000177fe7000)]
  0x000000082691a000 JavaThread "Unconstrained build operations Thread 23" [_thread_blocked, id=130819, stack(0x0000000177ff0000,0x00000001781f3000)]
  0x000000082691b000 JavaThread "Unconstrained build operations Thread 24" [_thread_blocked, id=87811, stack(0x00000001781fc000,0x00000001783ff000)]
  0x000000082aba8000 JavaThread "Unconstrained build operations Thread 25" [_thread_blocked, id=88067, stack(0x0000000178408000,0x000000017860b000)]
  0x000000082aba9000 JavaThread "Unconstrained build operations Thread 26" [_thread_blocked, id=88835, stack(0x0000000178614000,0x0000000178817000)]
  0x000000082abaa000 JavaThread "Unconstrained build operations Thread 27" [_thread_blocked, id=89603, stack(0x0000000178820000,0x0000000178a23000)]
  0x0000000826940000 JavaThread "Unconstrained build operations Thread 28" [_thread_blocked, id=129795, stack(0x0000000178a2c000,0x0000000178c2f000)]
  0x0000000826942000 JavaThread "Unconstrained build operations Thread 29" [_thread_blocked, id=90627, stack(0x0000000178c38000,0x0000000178e3b000)]
  0x0000000826943000 JavaThread "Unconstrained build operations Thread 30" [_thread_blocked, id=90883, stack(0x0000000178e44000,0x0000000179047000)]
  0x000000082ab75000 JavaThread "Unconstrained build operations Thread 31" [_thread_blocked, id=128771, stack(0x0000000179050000,0x0000000179253000)]
  0x000000082abbc000 JavaThread "Unconstrained build operations Thread 32" [_thread_blocked, id=128259, stack(0x000000017925c000,0x000000017945f000)]
  0x000000082abbd000 JavaThread "Unconstrained build operations Thread 33" [_thread_blocked, id=91907, stack(0x0000000179468000,0x000000017966b000)]
  0x000000082abbe000 JavaThread "Unconstrained build operations Thread 34" [_thread_blocked, id=126979, stack(0x0000000179674000,0x0000000179877000)]
  0x000000082abbf000 JavaThread "Unconstrained build operations Thread 35" [_thread_blocked, id=126467, stack(0x0000000179880000,0x0000000179a83000)]
  0x000000082abc8000 JavaThread "Unconstrained build operations Thread 36" [_thread_blocked, id=125955, stack(0x0000000179a8c000,0x0000000179c8f000)]
  0x000000082abc9000 JavaThread "Unconstrained build operations Thread 37" [_thread_blocked, id=125699, stack(0x0000000179c98000,0x0000000179e9b000)]
  0x000000082abcb000 JavaThread "Unconstrained build operations Thread 38" [_thread_blocked, id=93699, stack(0x0000000179ea4000,0x000000017a0a7000)]
  0x0000000826941000 JavaThread "Unconstrained build operations Thread 39" [_thread_blocked, id=94211, stack(0x000000017a0b0000,0x000000017a2b3000)]
  0x000000082abf4000 JavaThread "Unconstrained build operations Thread 40" [_thread_blocked, id=94467, stack(0x000000017a2bc000,0x000000017a4bf000)]
  0x000000082abf5000 JavaThread "Unconstrained build operations Thread 41" [_thread_blocked, id=94979, stack(0x000000017a4c8000,0x000000017a6cb000)]
  0x000000082abf6000 JavaThread "Unconstrained build operations Thread 42" [_thread_blocked, id=124163, stack(0x000000017a6d4000,0x000000017a8d7000)]
  0x000000082abf7000 JavaThread "Unconstrained build operations Thread 43" [_thread_blocked, id=123651, stack(0x000000017a8e0000,0x000000017aae3000)]
  0x000000082696c000 JavaThread "Unconstrained build operations Thread 44" [_thread_blocked, id=122883, stack(0x000000017aaec000,0x000000017acef000)]
  0x000000082696d000 JavaThread "Unconstrained build operations Thread 45" [_thread_blocked, id=122371, stack(0x000000017acf8000,0x000000017aefb000)]
  0x0000000826977000 JavaThread "Unconstrained build operations Thread 46" [_thread_blocked, id=121859, stack(0x000000017af04000,0x000000017b107000)]
  0x000000082696e000 JavaThread "Unconstrained build operations Thread 47" [_thread_blocked, id=96515, stack(0x000000017b110000,0x000000017b313000)]
  0x000000082abca000 JavaThread "Unconstrained build operations Thread 48" [_thread_blocked, id=121347, stack(0x000000017b31c000,0x000000017b51f000)]
  0x0000000826984000 JavaThread "Unconstrained build operations Thread 49" [_thread_blocked, id=97283, stack(0x000000017b528000,0x000000017b72b000)]
  0x0000000826985000 JavaThread "Unconstrained build operations Thread 50" [_thread_blocked, id=98051, stack(0x000000017b734000,0x000000017b937000)]
  0x0000000826986000 JavaThread "Unconstrained build operations Thread 51" [_thread_blocked, id=120067, stack(0x000000017b940000,0x000000017bb43000)]
  0x0000000826987000 JavaThread "Unconstrained build operations Thread 52" [_thread_blocked, id=119811, stack(0x000000017bb4c000,0x000000017bd4f000)]
  0x0000000826988000 JavaThread "Unconstrained build operations Thread 53" [_thread_blocked, id=99075, stack(0x000000017bd58000,0x000000017bf5b000)]
  0x0000000826989000 JavaThread "Unconstrained build operations Thread 54" [_thread_blocked, id=99587, stack(0x000000017bf64000,0x000000017c167000)]
  0x000000082698a000 JavaThread "Unconstrained build operations Thread 55" [_thread_blocked, id=119043, stack(0x000000017c170000,0x000000017c373000)]
  0x0000000826020000 JavaThread "Unconstrained build operations Thread 56" [_thread_blocked, id=100867, stack(0x000000017c37c000,0x000000017c57f000)]
  0x0000000826021000 JavaThread "Unconstrained build operations Thread 57" [_thread_blocked, id=118531, stack(0x000000017c588000,0x000000017c78b000)]
  0x0000000826022000 JavaThread "Unconstrained build operations Thread 58" [_thread_blocked, id=101635, stack(0x000000017c794000,0x000000017c997000)]
  0x0000000826023000 JavaThread "Unconstrained build operations Thread 59" [_thread_blocked, id=117763, stack(0x000000017c9a0000,0x000000017cba3000)]
  0x00000008269b0000 JavaThread "Unconstrained build operations Thread 60" [_thread_blocked, id=117251, stack(0x000000017cbac000,0x000000017cdaf000)]
  0x00000008269b1000 JavaThread "Unconstrained build operations Thread 61" [_thread_blocked, id=102403, stack(0x000000017cdb8000,0x000000017cfbb000)]
  0x00000008269b2000 JavaThread "Unconstrained build operations Thread 62" [_thread_blocked, id=116227, stack(0x000000017cfc4000,0x000000017d1c7000)]
  0x00000008269b3000 JavaThread "Unconstrained build operations Thread 63" [_thread_blocked, id=103171, stack(0x000000017d1d0000,0x000000017d3d3000)]
  0x00000008269bc000 JavaThread "Unconstrained build operations Thread 64" [_thread_blocked, id=103939, stack(0x000000017d3dc000,0x000000017d5df000)]
  0x00000008269be000 JavaThread "Unconstrained build operations Thread 65" [_thread_blocked, id=115203, stack(0x000000017d5e8000,0x000000017d7eb000)]
  0x000000082abab000 JavaThread "Unconstrained build operations Thread 66" [_thread_blocked, id=104195, stack(0x000000017d7f4000,0x000000017d9f7000)]
  0x00000008269c4000 JavaThread "Unconstrained build operations Thread 67" [_thread_blocked, id=114179, stack(0x000000017da00000,0x000000017dc03000)]
  0x00000008269c5000 JavaThread "Unconstrained build operations Thread 68" [_thread_blocked, id=113923, stack(0x000000017dc0c000,0x000000017de0f000)]
  0x00000008269c6000 JavaThread "Unconstrained build operations Thread 69" [_thread_blocked, id=113667, stack(0x000000017de18000,0x000000017e01b000)]
  0x00000008269c7000 JavaThread "Unconstrained build operations Thread 70" [_thread_blocked, id=105987, stack(0x000000017e024000,0x000000017e227000)]
  0x000000082603c000 JavaThread "Unconstrained build operations Thread 71" [_thread_blocked, id=106499, stack(0x000000017e230000,0x000000017e433000)]
  0x000000082603d000 JavaThread "Unconstrained build operations Thread 72" [_thread_blocked, id=106755, stack(0x000000017e43c000,0x000000017e63f000)]
  0x000000082603e000 JavaThread "Unconstrained build operations Thread 73" [_thread_blocked, id=112131, stack(0x000000017e648000,0x000000017e84b000)]
  0x0000000826042000 JavaThread "Unconstrained build operations Thread 74" [_thread_blocked, id=111875, stack(0x000000017e854000,0x000000017ea57000)]
  0x0000000826043000 JavaThread "Unconstrained build operations Thread 75" [_thread_blocked, id=111363, stack(0x000000017ea60000,0x000000017ec63000)]
  0x0000000826068000 JavaThread "Unconstrained build operations Thread 76" [_thread_blocked, id=111107, stack(0x000000017ec6c000,0x000000017ee6f000)]
  0x0000000826069000 JavaThread "Unconstrained build operations Thread 77" [_thread_blocked, id=110595, stack(0x000000017ee78000,0x000000017f07b000)]
  0x000000082606a000 JavaThread "Unconstrained build operations Thread 78" [_thread_blocked, id=109827, stack(0x000000017f084000,0x000000017f287000)]
  0x000000082606b000 JavaThread "Unconstrained build operations Thread 79" [_thread_blocked, id=109315, stack(0x000000017f290000,0x000000017f493000)]
  0x00000008269f0000 JavaThread "Unconstrained build operations Thread 80" [_thread_blocked, id=174339, stack(0x000000017f49c000,0x000000017f69f000)]
  0x00000008269f1000 JavaThread "Unconstrained build operations Thread 81" [_thread_blocked, id=173827, stack(0x000000017f6a8000,0x000000017f8ab000)]
  0x00000008269f2000 JavaThread "Unconstrained build operations Thread 82" [_thread_blocked, id=173059, stack(0x000000017f8b4000,0x000000017fab7000)]
  0x00000008269f7000 JavaThread "Unconstrained build operations Thread 83" [_thread_blocked, id=172547, stack(0x000000017fac0000,0x000000017fcc3000)]
  0x00000008269bf000 JavaThread "Unconstrained build operations Thread 84" [_thread_blocked, id=172035, stack(0x000000017fccc000,0x000000017fecf000)]
  0x00000008269f8000 JavaThread "Unconstrained build operations Thread 85" [_thread_blocked, id=171267, stack(0x0000000380804000,0x0000000380a07000)]
  0x00000008269f9000 JavaThread "Unconstrained build operations Thread 86" [_thread_blocked, id=132611, stack(0x0000000380a10000,0x0000000380c13000)]
  0x0000000826a28000 JavaThread "WorkerExecutor Queue" [_thread_in_vm, id=132867, stack(0x0000000380c1c000,0x0000000380e1f000)]
  0x0000000826a2a000 JavaThread "Unconstrained build operations Thread 87" [_thread_blocked, id=170243, stack(0x0000000380e28000,0x000000038102b000)]
  0x00000008260c0000 JavaThread "Unconstrained build operations Thread 88" [_thread_blocked, id=169731, stack(0x0000000381034000,0x0000000381237000)]
  0x00000008260c1000 JavaThread "Unconstrained build operations Thread 89" [_thread_blocked, id=169219, stack(0x0000000381240000,0x0000000381443000)]
  0x00000008260c2000 JavaThread "Unconstrained build operations Thread 90" [_thread_blocked, id=168451, stack(0x000000038144c000,0x000000038164f000)]
  0x00000008260c3000 JavaThread "Unconstrained build operations Thread 91" [_thread_blocked, id=167683, stack(0x0000000381658000,0x000000038185b000)]
  0x0000000826a5c000 JavaThread "Unconstrained build operations Thread 92" [_thread_blocked, id=166915, stack(0x0000000381864000,0x0000000381a67000)]
  0x0000000826a5d000 JavaThread "Unconstrained build operations Thread 93" [_thread_blocked, id=166659, stack(0x0000000381a70000,0x0000000381c73000)]
  0x0000000826a5e000 JavaThread "Unconstrained build operations Thread 94" [_thread_blocked, id=166403, stack(0x0000000381c7c000,0x0000000381e7f000)]
  0x0000000826a5f000 JavaThread "Unconstrained build operations Thread 95" [_thread_blocked, id=165891, stack(0x0000000381e88000,0x000000038208b000)]
  0x0000000827009000 JavaThread "RMI Scheduler(0)" daemon [_thread_blocked, id=165379, stack(0x0000000382094000,0x0000000382297000)]
  0x0000000826a60000 JavaThread "Unconstrained build operations Thread 96" [_thread_blocked, id=165123, stack(0x00000003822a0000,0x00000003824a3000)]
  0x000000082700c000 JavaThread "Unconstrained build operations Thread 97" [_thread_blocked, id=164355, stack(0x00000003826b8000,0x00000003828bb000)]
  0x000000082700d000 JavaThread "Unconstrained build operations Thread 98" [_thread_blocked, id=163843, stack(0x00000003828c4000,0x0000000382ac7000)]
  0x000000082700e000 JavaThread "Unconstrained build operations Thread 99" [_thread_blocked, id=137219, stack(0x0000000382ad0000,0x0000000382cd3000)]
  0x000000082700f000 JavaThread "Unconstrained build operations Thread 100" [_thread_blocked, id=137731, stack(0x0000000382cdc000,0x0000000382edf000)]
  0x00000008260dc000 JavaThread "RMI GC Daemon" daemon [_thread_blocked, id=138499, stack(0x0000000382ee8000,0x00000003830eb000)]
  0x00000008260e3000 JavaThread "RMI TCP Accept-0" daemon [_thread_in_native, id=162819, stack(0x00000003830f4000,0x00000003832f7000)]
  0x00000008260dd000 JavaThread "RMI Reaper" [_thread_blocked, id=162307, stack(0x0000000383300000,0x0000000383503000)]
  0x00000008260e4000 JavaThread "RMI TCP Connection(1)-127.0.0.1" daemon [_thread_in_native, id=139779, stack(0x000000038350c000,0x000000038370f000)]
  0x00000008269fa000 JavaThread "Cache worker for Java compile cache (/Users/sav/.gradle/caches/8.5/javaCompile)" [_thread_blocked, id=136199, stack(0x00000003824ac000,0x00000003826af000)]
  0x00000008260fc000 JavaThread "Build operations" [_thread_blocked, id=161795, stack(0x0000000383718000,0x000000038391b000)]
  0x00000008260fd000 JavaThread "Build operations Thread 2" [_thread_blocked, id=161027, stack(0x0000000383924000,0x0000000383b27000)]
  0x00000008260fe000 JavaThread "Build operations Thread 3" [_thread_blocked, id=160515, stack(0x0000000383b30000,0x0000000383d33000)]
  0x00000008260ff000 JavaThread "Build operations Thread 4" [_thread_blocked, id=141059, stack(0x0000000383d3c000,0x0000000383f3f000)]
  0x0000000826acc000 JavaThread "Build operations Thread 5" [_thread_blocked, id=159747, stack(0x0000000383f48000,0x000000038414b000)]
  0x0000000826acd000 JavaThread "Build operations Thread 6" [_thread_blocked, id=159491, stack(0x0000000384154000,0x0000000384357000)]
  0x0000000826ace000 JavaThread "Build operations Thread 7" [_thread_blocked, id=141827, stack(0x0000000384360000,0x0000000384563000)]
  0x0000000826acf000 JavaThread "Build operations Thread 8" [_thread_blocked, id=158467, stack(0x000000038456c000,0x000000038476f000)]
  0x0000000826ad5000 JavaThread "Build operations Thread 9" [_thread_blocked, id=157699, stack(0x0000000384778000,0x000000038497b000)]
  0x0000000826ad6000 JavaThread "WorkerExecutor Queue Thread 2" [_thread_blocked, id=157187, stack(0x0000000384984000,0x0000000384b87000)]
  0x000000082ab80000 JavaThread "WorkerExecutor Queue Thread 3" [_thread_blocked, id=142851, stack(0x0000000384b90000,0x0000000384d93000)]
  0x0000000826114000 JavaThread "WorkerExecutor Queue Thread 4" [_thread_blocked, id=143363, stack(0x0000000384d9c000,0x0000000384f9f000)]
  0x0000000826115000 JavaThread "WorkerExecutor Queue Thread 5" [_thread_blocked, id=144131, stack(0x0000000384fa8000,0x00000003851ab000)]
  0x0000000826117000 JavaThread "WorkerExecutor Queue Thread 6" [_thread_blocked, id=156419, stack(0x00000003851b4000,0x00000003853b7000)]
=>0x0000000826ad4000 JavaThread "WorkerExecutor Queue Thread 7" [_thread_in_vm, id=155651, stack(0x00000003853c0000,0x00000003855c3000)]
  0x000000082611c000 JavaThread "WorkerExecutor Queue Thread 8" [_thread_in_vm, id=155139, stack(0x00000003855cc000,0x00000003857cf000)]
  0x000000082611d000 JavaThread "WorkerExecutor Queue Thread 9" [_thread_in_vm, id=145155, stack(0x00000003857d8000,0x00000003859db000)]
  0x000000082611e000 JavaThread "WorkerExecutor Queue Thread 10" [_thread_blocked, id=145411, stack(0x00000003859e4000,0x0000000385be7000)]

Other Threads:
  0x000000082b42c000 VMThread "VM Thread" [stack: 0x000000016c8ac000,0x000000016caaf000] [id=16643]
  0x000000082b1a9800 WatcherThread [stack: 0x000000016dc30000,0x000000016de33000] [id=24835]
  0x000000082b088000 GCTaskThread "GC Thread#0" [stack: 0x000000016be70000,0x000000016c073000] [id=12547]
  0x000000082bcd8000 GCTaskThread "GC Thread#1" [stack: 0x000000016de3c000,0x000000016e03f000] [id=25347]
  0x000000082bcd9000 GCTaskThread "GC Thread#2" [stack: 0x000000016e048000,0x000000016e24b000] [id=25603]
  0x000000082bcd9800 GCTaskThread "GC Thread#3" [stack: 0x000000016e254000,0x000000016e457000] [id=30979]
  0x000000082bcda800 GCTaskThread "GC Thread#4" [stack: 0x000000016e460000,0x000000016e663000] [id=26371]
  0x000000082bcdb000 GCTaskThread "GC Thread#5" [stack: 0x000000016e66c000,0x000000016e86f000] [id=26627]
  0x000000082c4b5000 GCTaskThread "GC Thread#6" [stack: 0x000000016fcf0000,0x000000016fef3000] [id=41987]
  0x000000082c4b5800 GCTaskThread "GC Thread#7" [stack: 0x000000016fefc000,0x00000001700ff000] [id=35587]
  0x000000082c4b6800 GCTaskThread "GC Thread#8" [stack: 0x0000000170108000,0x000000017030b000] [id=36099]
  0x000000082b089000 ConcurrentGCThread "G1 Main Marker" [stack: 0x000000016c07c000,0x000000016c27f000] [id=13059]
  0x000000082b089800 ConcurrentGCThread "G1 Conc#0" [stack: 0x000000016c288000,0x000000016c48b000] [id=13827]
  0x000000082c4b7000 ConcurrentGCThread "G1 Conc#1" [stack: 0x0000000170314000,0x0000000170517000] [id=36611]
  0x000000082b08a800 ConcurrentGCThread "G1 Refine#0" [stack: 0x000000016c494000,0x000000016c697000] [id=15619]
  0x000000082b08b000 ConcurrentGCThread "G1 Young RemSet Sampling" [stack: 0x000000016c6a0000,0x000000016c8a3000] [id=14083]

Threads with active compile tasks:
C2 CompilerThread0    10372 13731       4       java.lang.invoke.InvokerBytecodeGenerator::emitPushArgument (120 bytes)

VM state:not at safepoint (normal execution)

VM Mutex/Monitor currently owned by a thread: None

Heap address: 0x0000000300800000, size: 2048 MB, Compressed Oops mode: Zero based, Oop shift amount: 3
Narrow klass base: 0x0000000c00000000, Narrow klass shift: 0
Compressed class space size: 1073741824 Address: 0x0000000c00000000

Heap:
 garbage-first heap   total 315392K, used 226721K [0x0000000300800000, 0x0000000380800000)
  region size 1024K, 127 young (130048K), 18 survivors (18432K)
 Metaspace       used 107346K, capacity 111007K, committed 111280K, reserved 1144832K
  class space    used 14399K, capacity 15947K, committed 16000K, reserved 1048576K
Heap Regions: E=young(eden), S=young(survivor), O=old, HS=humongous(starts), HC=humongous(continues), CS=collection set, F=free, A=archive, TAMS=top-at-mark-start (previous, next)
|   0|0x0000000300800000, 0x0000000300900000, 0x0000000300900000|100%|HS|  |TAMS 0x0000000300900000, 0x0000000300800000| Complete 
|   1|0x0000000300900000, 0x0000000300a00000, 0x0000000300a00000|100%|HC|  |TAMS 0x0000000300a00000, 0x0000000300900000| Complete 
|   2|0x0000000300a00000, 0x0000000300b00000, 0x0000000300b00000|100%|HC|  |TAMS 0x0000000300b00000, 0x0000000300a00000| Complete 
|   3|0x0000000300b00000, 0x0000000300c00000, 0x0000000300c00000|100%|HC|  |TAMS 0x0000000300c00000, 0x0000000300b00000| Complete 
|   4|0x0000000300c00000, 0x0000000300d00000, 0x0000000300d00000|100%| O|  |TAMS 0x0000000300d00000, 0x0000000300c00000| Untracked 
|   5|0x0000000300d00000, 0x0000000300e00000, 0x0000000300e00000|100%| O|  |TAMS 0x0000000300e00000, 0x0000000300d00000| Untracked 
|   6|0x0000000300e00000, 0x0000000300f00000, 0x0000000300f00000|100%| O|  |TAMS 0x0000000300f00000, 0x0000000300e00000| Untracked 
|   7|0x0000000300f00000, 0x0000000301000000, 0x0000000301000000|100%| O|  |TAMS 0x0000000301000000, 0x0000000300f00000| Untracked 
|   8|0x0000000301000000, 0x0000000301100000, 0x0000000301100000|100%| O|  |TAMS 0x0000000301100000, 0x0000000301000000| Untracked 
|   9|0x0000000301100000, 0x0000000301200000, 0x0000000301200000|100%| O|  |TAMS 0x0000000301200000, 0x0000000301100000| Untracked 
|  10|0x0000000301200000, 0x0000000301300000, 0x0000000301300000|100%| O|  |TAMS 0x0000000301300000, 0x0000000301200000| Untracked 
|  11|0x0000000301300000, 0x0000000301400000, 0x0000000301400000|100%| O|  |TAMS 0x0000000301400000, 0x0000000301300000| Untracked 
|  12|0x0000000301400000, 0x0000000301500000, 0x0000000301500000|100%| O|  |TAMS 0x0000000301500000, 0x0000000301400000| Untracked 
|  13|0x0000000301500000, 0x0000000301600000, 0x0000000301600000|100%| O|  |TAMS 0x0000000301600000, 0x0000000301500000| Untracked 
|  14|0x0000000301600000, 0x0000000301700000, 0x0000000301700000|100%| O|  |TAMS 0x0000000301700000, 0x0000000301600000| Untracked 
|  15|0x0000000301700000, 0x0000000301800000, 0x0000000301800000|100%| O|  |TAMS 0x0000000301800000, 0x0000000301700000| Untracked 
|  16|0x0000000301800000, 0x0000000301900000, 0x0000000301900000|100%| O|  |TAMS 0x0000000301900000, 0x0000000301800000| Untracked 
|  17|0x0000000301900000, 0x0000000301a00000, 0x0000000301a00000|100%| O|  |TAMS 0x0000000301a00000, 0x0000000301900000| Untracked 
|  18|0x0000000301a00000, 0x0000000301b00000, 0x0000000301b00000|100%| O|  |TAMS 0x0000000301b00000, 0x0000000301a00000| Untracked 
|  19|0x0000000301b00000, 0x0000000301c00000, 0x0000000301c00000|100%| O|  |TAMS 0x0000000301c00000, 0x0000000301b00000| Untracked 
|  20|0x0000000301c00000, 0x0000000301d00000, 0x0000000301d00000|100%| O|  |TAMS 0x0000000301d00000, 0x0000000301c00000| Untracked 
|  21|0x0000000301d00000, 0x0000000301e00000, 0x0000000301e00000|100%| O|  |TAMS 0x0000000301e00000, 0x0000000301d00000| Untracked 
|  22|0x0000000301e00000, 0x0000000301f00000, 0x0000000301f00000|100%|HS|  |TAMS 0x0000000301f00000, 0x0000000301e00000| Complete 
|  23|0x0000000301f00000, 0x0000000302000000, 0x0000000302000000|100%|HS|  |TAMS 0x0000000302000000, 0x0000000301f00000| Complete 
|  24|0x0000000302000000, 0x0000000302100000, 0x0000000302100000|100%|HC|  |TAMS 0x0000000302100000, 0x0000000302000000| Complete 
|  25|0x0000000302100000, 0x0000000302200000, 0x0000000302200000|100%|HS|  |TAMS 0x0000000302200000, 0x0000000302100000| Complete 
|  26|0x0000000302200000, 0x0000000302300000, 0x0000000302300000|100%|HS|  |TAMS 0x0000000302300000, 0x0000000302200000| Complete 
|  27|0x0000000302300000, 0x0000000302400000, 0x0000000302400000|100%|HC|  |TAMS 0x0000000302400000, 0x0000000302300000| Complete 
|  28|0x0000000302400000, 0x0000000302500000, 0x0000000302500000|100%|HC|  |TAMS 0x0000000302500000, 0x0000000302400000| Complete 
|  29|0x0000000302500000, 0x0000000302600000, 0x0000000302600000|100%|HC|  |TAMS 0x0000000302600000, 0x0000000302500000| Complete 
|  30|0x0000000302600000, 0x0000000302700000, 0x0000000302700000|100%| O|  |TAMS 0x0000000302700000, 0x0000000302600000| Untracked 
|  31|0x0000000302700000, 0x0000000302800000, 0x0000000302800000|100%|HS|  |TAMS 0x0000000302800000, 0x0000000302700000| Complete 
|  32|0x0000000302800000, 0x0000000302900000, 0x0000000302900000|100%|HS|  |TAMS 0x0000000302900000, 0x0000000302800000| Complete 
|  33|0x0000000302900000, 0x0000000302a00000, 0x0000000302a00000|100%|HC|  |TAMS 0x0000000302a00000, 0x0000000302900000| Complete 
|  34|0x0000000302a00000, 0x0000000302b00000, 0x0000000302b00000|100%| O|  |TAMS 0x0000000302b00000, 0x0000000302a00000| Untracked 
|  35|0x0000000302b00000, 0x0000000302c00000, 0x0000000302c00000|100%| O|  |TAMS 0x0000000302c00000, 0x0000000302b00000| Untracked 
|  36|0x0000000302c00000, 0x0000000302d00000, 0x0000000302d00000|100%| O|  |TAMS 0x0000000302d00000, 0x0000000302c00000| Untracked 
|  37|0x0000000302d00000, 0x0000000302e00000, 0x0000000302e00000|100%| O|  |TAMS 0x0000000302e00000, 0x0000000302d00000| Untracked 
|  38|0x0000000302e00000, 0x0000000302f00000, 0x0000000302f00000|100%| O|  |TAMS 0x0000000302f00000, 0x0000000302e00000| Untracked 
|  39|0x0000000302f00000, 0x0000000303000000, 0x0000000303000000|100%| O|  |TAMS 0x0000000303000000, 0x0000000302f00000| Untracked 
|  40|0x0000000303000000, 0x0000000303100000, 0x0000000303100000|100%| O|  |TAMS 0x0000000303100000, 0x0000000303000000| Untracked 
|  41|0x0000000303100000, 0x0000000303200000, 0x0000000303200000|100%|HS|  |TAMS 0x0000000303200000, 0x0000000303100000| Complete 
|  42|0x0000000303200000, 0x0000000303300000, 0x0000000303300000|100%|HC|  |TAMS 0x0000000303300000, 0x0000000303200000| Complete 
|  43|0x0000000303300000, 0x0000000303400000, 0x0000000303400000|100%|HC|  |TAMS 0x0000000303400000, 0x0000000303300000| Complete 
|  44|0x0000000303400000, 0x0000000303500000, 0x0000000303500000|100%|HC|  |TAMS 0x0000000303500000, 0x0000000303400000| Complete 
|  45|0x0000000303500000, 0x0000000303600000, 0x0000000303600000|100%| O|  |TAMS 0x0000000303600000, 0x0000000303500000| Untracked 
|  46|0x0000000303600000, 0x0000000303700000, 0x0000000303700000|100%| O|  |TAMS 0x0000000303700000, 0x0000000303600000| Untracked 
|  47|0x0000000303700000, 0x0000000303800000, 0x0000000303800000|100%| O|  |TAMS 0x0000000303800000, 0x0000000303700000| Untracked 
|  48|0x0000000303800000, 0x0000000303900000, 0x0000000303900000|100%| O|  |TAMS 0x0000000303900000, 0x0000000303800000| Untracked 
|  49|0x0000000303900000, 0x0000000303a00000, 0x0000000303a00000|100%| O|  |TAMS 0x0000000303a00000, 0x0000000303900000| Untracked 
|  50|0x0000000303a00000, 0x0000000303b00000, 0x0000000303b00000|100%| O|  |TAMS 0x0000000303b00000, 0x0000000303a00000| Untracked 
|  51|0x0000000303b00000, 0x0000000303c00000, 0x0000000303c00000|100%| O|  |TAMS 0x0000000303c00000, 0x0000000303b00000| Untracked 
|  52|0x0000000303c00000, 0x0000000303d00000, 0x0000000303d00000|100%| O|  |TAMS 0x0000000303d00000, 0x0000000303c00000| Untracked 
|  53|0x0000000303d00000, 0x0000000303e00000, 0x0000000303e00000|100%| O|  |TAMS 0x0000000303e00000, 0x0000000303d00000| Untracked 
|  54|0x0000000303e00000, 0x0000000303f00000, 0x0000000303f00000|100%| O|  |TAMS 0x0000000303f00000, 0x0000000303e00000| Untracked 
|  55|0x0000000303f00000, 0x0000000304000000, 0x0000000304000000|100%| O|  |TAMS 0x0000000304000000, 0x0000000303f00000| Untracked 
|  56|0x0000000304000000, 0x0000000304100000, 0x0000000304100000|100%| O|  |TAMS 0x0000000304100000, 0x0000000304000000| Untracked 
|  57|0x0000000304100000, 0x0000000304200000, 0x0000000304200000|100%| O|  |TAMS 0x0000000304200000, 0x0000000304100000| Untracked 
|  58|0x0000000304200000, 0x0000000304300000, 0x0000000304300000|100%| O|  |TAMS 0x0000000304300000, 0x0000000304200000| Untracked 
|  59|0x0000000304300000, 0x0000000304400000, 0x0000000304400000|100%| O|  |TAMS 0x0000000304400000, 0x0000000304300000| Untracked 
|  60|0x0000000304400000, 0x0000000304500000, 0x0000000304500000|100%| O|  |TAMS 0x0000000304500000, 0x0000000304400000| Untracked 
|  61|0x0000000304500000, 0x0000000304600000, 0x0000000304600000|100%| O|  |TAMS 0x0000000304600000, 0x0000000304500000| Untracked 
|  62|0x0000000304600000, 0x0000000304700000, 0x0000000304700000|100%| O|  |TAMS 0x0000000304700000, 0x0000000304600000| Untracked 
|  63|0x0000000304700000, 0x0000000304800000, 0x0000000304800000|100%| O|  |TAMS 0x0000000304800000, 0x0000000304700000| Untracked 
|  64|0x0000000304800000, 0x0000000304900000, 0x0000000304900000|100%| O|  |TAMS 0x0000000304900000, 0x0000000304800000| Untracked 
|  65|0x0000000304900000, 0x0000000304a00000, 0x0000000304a00000|100%| O|  |TAMS 0x0000000304a00000, 0x0000000304900000| Untracked 
|  66|0x0000000304a00000, 0x0000000304b00000, 0x0000000304b00000|100%| O|  |TAMS 0x0000000304b00000, 0x0000000304a00000| Untracked 
|  67|0x0000000304b00000, 0x0000000304c00000, 0x0000000304c00000|100%| O|  |TAMS 0x0000000304c00000, 0x0000000304b00000| Untracked 
|  68|0x0000000304c00000, 0x0000000304d00000, 0x0000000304d00000|100%| O|  |TAMS 0x0000000304ced800, 0x0000000304c00000| Untracked 
|  69|0x0000000304d00000, 0x0000000304e00000, 0x0000000304e00000|100%| O|  |TAMS 0x0000000304d00000, 0x0000000304d00000| Untracked 
|  70|0x0000000304e00000, 0x0000000304f00000, 0x0000000304f00000|100%| O|  |TAMS 0x0000000304e00000, 0x0000000304e00000| Untracked 
|  71|0x0000000304f00000, 0x0000000305000000, 0x0000000305000000|100%| O|  |TAMS 0x0000000304f00000, 0x0000000304f00000| Untracked 
|  72|0x0000000305000000, 0x0000000305100000, 0x0000000305100000|100%| O|  |TAMS 0x0000000305000000, 0x0000000305000000| Untracked 
|  73|0x0000000305100000, 0x0000000305200000, 0x0000000305200000|100%| O|  |TAMS 0x0000000305100000, 0x0000000305100000| Untracked 
|  74|0x0000000305200000, 0x0000000305300000, 0x0000000305300000|100%| O|  |TAMS 0x0000000305200000, 0x0000000305200000| Untracked 
|  75|0x0000000305300000, 0x0000000305400000, 0x0000000305400000|100%| O|  |TAMS 0x0000000305300000, 0x0000000305300000| Untracked 
|  76|0x0000000305400000, 0x0000000305500000, 0x0000000305500000|100%| O|  |TAMS 0x0000000305400000, 0x0000000305400000| Untracked 
|  77|0x0000000305500000, 0x0000000305600000, 0x0000000305600000|100%| O|  |TAMS 0x0000000305500000, 0x0000000305500000| Untracked 
|  78|0x0000000305600000, 0x0000000305700000, 0x0000000305700000|100%| O|  |TAMS 0x0000000305600000, 0x0000000305600000| Untracked 
|  79|0x0000000305700000, 0x0000000305800000, 0x0000000305800000|100%| O|  |TAMS 0x0000000305700000, 0x0000000305700000| Untracked 
|  80|0x0000000305800000, 0x0000000305900000, 0x0000000305900000|100%| O|  |TAMS 0x0000000305800000, 0x0000000305800000| Untracked 
|  81|0x0000000305900000, 0x0000000305a00000, 0x0000000305a00000|100%| O|  |TAMS 0x0000000305900000, 0x0000000305900000| Untracked 
|  82|0x0000000305a00000, 0x0000000305b00000, 0x0000000305b00000|100%| O|  |TAMS 0x0000000305a00000, 0x0000000305a00000| Untracked 
|  83|0x0000000305b00000, 0x0000000305c00000, 0x0000000305c00000|100%| O|  |TAMS 0x0000000305b00000, 0x0000000305b00000| Untracked 
|  84|0x0000000305c00000, 0x0000000305d00000, 0x0000000305d00000|100%| O|  |TAMS 0x0000000305c00000, 0x0000000305c00000| Untracked 
|  85|0x0000000305d00000, 0x0000000305e00000, 0x0000000305e00000|100%| O|  |TAMS 0x0000000305d00000, 0x0000000305d00000| Untracked 
|  86|0x0000000305e00000, 0x0000000305f00000, 0x0000000305f00000|100%| O|  |TAMS 0x0000000305e00000, 0x0000000305e00000| Untracked 
|  87|0x0000000305f00000, 0x0000000306000000, 0x0000000306000000|100%| O|  |TAMS 0x0000000305f00000, 0x0000000305f00000| Untracked 
|  88|0x0000000306000000, 0x0000000306100000, 0x0000000306100000|100%| O|  |TAMS 0x0000000306000000, 0x0000000306000000| Untracked 
|  89|0x0000000306100000, 0x0000000306200000, 0x0000000306200000|100%| O|  |TAMS 0x0000000306100000, 0x0000000306100000| Untracked 
|  90|0x0000000306200000, 0x00000003062e6800, 0x0000000306300000| 90%| O|  |TAMS 0x0000000306200000, 0x0000000306200000| Untracked 
|  91|0x0000000306300000, 0x0000000306400000, 0x0000000306400000|100%|HS|  |TAMS 0x0000000306300000, 0x0000000306300000| Complete 
|  92|0x0000000306400000, 0x0000000306500000, 0x0000000306500000|100%|HC|  |TAMS 0x0000000306400000, 0x0000000306400000| Complete 
|  93|0x0000000306500000, 0x0000000306600000, 0x0000000306600000|100%|HS|  |TAMS 0x0000000306500000, 0x0000000306500000| Complete 
|  94|0x0000000306600000, 0x0000000306700000, 0x0000000306700000|100%|HC|  |TAMS 0x0000000306600000, 0x0000000306600000| Complete 
|  95|0x0000000306700000, 0x0000000306800000, 0x0000000306800000|100%|HS|  |TAMS 0x0000000306700000, 0x0000000306700000| Complete 
|  96|0x0000000306800000, 0x0000000306900000, 0x0000000306900000|100%|HC|  |TAMS 0x0000000306800000, 0x0000000306800000| Complete 
|  97|0x0000000306900000, 0x0000000306900000, 0x0000000306a00000|  0%| F|  |TAMS 0x0000000306900000, 0x0000000306900000| Untracked 
|  98|0x0000000306a00000, 0x0000000306a00000, 0x0000000306b00000|  0%| F|  |TAMS 0x0000000306a00000, 0x0000000306a00000| Untracked 
|  99|0x0000000306b00000, 0x0000000306b00000, 0x0000000306c00000|  0%| F|  |TAMS 0x0000000306b00000, 0x0000000306b00000| Untracked 
| 100|0x0000000306c00000, 0x0000000306c00000, 0x0000000306d00000|  0%| F|  |TAMS 0x0000000306c00000, 0x0000000306c00000| Untracked 
| 101|0x0000000306d00000, 0x0000000306d00000, 0x0000000306e00000|  0%| F|  |TAMS 0x0000000306d00000, 0x0000000306d00000| Untracked 
| 102|0x0000000306e00000, 0x0000000306e00000, 0x0000000306f00000|  0%| F|  |TAMS 0x0000000306e00000, 0x0000000306e00000| Untracked 
| 103|0x0000000306f00000, 0x0000000306f00000, 0x0000000307000000|  0%| F|  |TAMS 0x0000000306f00000, 0x0000000306f00000| Untracked 
| 104|0x0000000307000000, 0x0000000307000000, 0x0000000307100000|  0%| F|  |TAMS 0x0000000307000000, 0x0000000307000000| Untracked 
| 105|0x0000000307100000, 0x0000000307100000, 0x0000000307200000|  0%| F|  |TAMS 0x0000000307100000, 0x0000000307100000| Untracked 
| 106|0x0000000307200000, 0x0000000307200000, 0x0000000307300000|  0%| F|  |TAMS 0x0000000307200000, 0x0000000307200000| Untracked 
| 107|0x0000000307300000, 0x0000000307300000, 0x0000000307400000|  0%| F|  |TAMS 0x0000000307300000, 0x0000000307300000| Untracked 
| 108|0x0000000307400000, 0x0000000307400000, 0x0000000307500000|  0%| F|  |TAMS 0x0000000307400000, 0x0000000307400000| Untracked 
| 109|0x0000000307500000, 0x0000000307500000, 0x0000000307600000|  0%| F|  |TAMS 0x0000000307500000, 0x0000000307500000| Untracked 
| 110|0x0000000307600000, 0x0000000307600000, 0x0000000307700000|  0%| F|  |TAMS 0x0000000307600000, 0x0000000307600000| Untracked 
| 111|0x0000000307700000, 0x0000000307700000, 0x0000000307800000|  0%| F|  |TAMS 0x0000000307700000, 0x0000000307700000| Untracked 
| 112|0x0000000307800000, 0x0000000307800000, 0x0000000307900000|  0%| F|  |TAMS 0x0000000307800000, 0x0000000307800000| Untracked 
| 113|0x0000000307900000, 0x0000000307900000, 0x0000000307a00000|  0%| F|  |TAMS 0x0000000307900000, 0x0000000307900000| Untracked 
| 114|0x0000000307a00000, 0x0000000307a00000, 0x0000000307b00000|  0%| F|  |TAMS 0x0000000307a00000, 0x0000000307a00000| Untracked 
| 115|0x0000000307b00000, 0x0000000307b00000, 0x0000000307c00000|  0%| F|  |TAMS 0x0000000307b00000, 0x0000000307b00000| Untracked 
| 116|0x0000000307c00000, 0x0000000307c00000, 0x0000000307d00000|  0%| F|  |TAMS 0x0000000307c00000, 0x0000000307c00000| Untracked 
| 117|0x0000000307d00000, 0x0000000307d00000, 0x0000000307e00000|  0%| F|  |TAMS 0x0000000307d00000, 0x0000000307d00000| Untracked 
| 118|0x0000000307e00000, 0x0000000307e00000, 0x0000000307f00000|  0%| F|  |TAMS 0x0000000307e00000, 0x0000000307e00000| Untracked 
| 119|0x0000000307f00000, 0x0000000307f00000, 0x0000000308000000|  0%| F|  |TAMS 0x0000000307f00000, 0x0000000307f00000| Untracked 
| 120|0x0000000308000000, 0x0000000308000000, 0x0000000308100000|  0%| F|  |TAMS 0x0000000308000000, 0x0000000308000000| Untracked 
| 121|0x0000000308100000, 0x0000000308100000, 0x0000000308200000|  0%| F|  |TAMS 0x0000000308100000, 0x0000000308100000| Untracked 
| 122|0x0000000308200000, 0x0000000308200000, 0x0000000308300000|  0%| F|  |TAMS 0x0000000308200000, 0x0000000308200000| Untracked 
| 123|0x0000000308300000, 0x0000000308300000, 0x0000000308400000|  0%| F|  |TAMS 0x0000000308300000, 0x0000000308300000| Untracked 
| 124|0x0000000308400000, 0x0000000308400000, 0x0000000308500000|  0%| F|  |TAMS 0x0000000308400000, 0x0000000308400000| Untracked 
| 125|0x0000000308500000, 0x0000000308500000, 0x0000000308600000|  0%| F|  |TAMS 0x0000000308500000, 0x0000000308500000| Untracked 
| 126|0x0000000308600000, 0x0000000308600000, 0x0000000308700000|  0%| F|  |TAMS 0x0000000308600000, 0x0000000308600000| Untracked 
| 127|0x0000000308700000, 0x0000000308700000, 0x0000000308800000|  0%| F|  |TAMS 0x0000000308700000, 0x0000000308700000| Untracked 
| 128|0x0000000308800000, 0x0000000308800000, 0x0000000308900000|  0%| F|  |TAMS 0x0000000308800000, 0x0000000308800000| Untracked 
| 129|0x0000000308900000, 0x0000000308900000, 0x0000000308a00000|  0%| F|  |TAMS 0x0000000308900000, 0x0000000308900000| Untracked 
| 130|0x0000000308a00000, 0x0000000308a00000, 0x0000000308b00000|  0%| F|  |TAMS 0x0000000308a00000, 0x0000000308a00000| Untracked 
| 131|0x0000000308b00000, 0x0000000308b00000, 0x0000000308c00000|  0%| F|  |TAMS 0x0000000308b00000, 0x0000000308b00000| Untracked 
| 132|0x0000000308c00000, 0x0000000308c00000, 0x0000000308d00000|  0%| F|  |TAMS 0x0000000308c00000, 0x0000000308c00000| Untracked 
| 133|0x0000000308d00000, 0x0000000308d00000, 0x0000000308e00000|  0%| F|  |TAMS 0x0000000308d00000, 0x0000000308d00000| Untracked 
| 134|0x0000000308e00000, 0x0000000308e00000, 0x0000000308f00000|  0%| F|  |TAMS 0x0000000308e00000, 0x0000000308e00000| Untracked 
| 135|0x0000000308f00000, 0x0000000308f00000, 0x0000000309000000|  0%| F|  |TAMS 0x0000000308f00000, 0x0000000308f00000| Untracked 
| 136|0x0000000309000000, 0x0000000309000000, 0x0000000309100000|  0%| F|  |TAMS 0x0000000309000000, 0x0000000309000000| Untracked 
| 137|0x0000000309100000, 0x0000000309100000, 0x0000000309200000|  0%| F|  |TAMS 0x0000000309100000, 0x0000000309100000| Untracked 
| 138|0x0000000309200000, 0x0000000309200000, 0x0000000309300000|  0%| F|  |TAMS 0x0000000309200000, 0x0000000309200000| Untracked 
| 139|0x0000000309300000, 0x0000000309300000, 0x0000000309400000|  0%| F|  |TAMS 0x0000000309300000, 0x0000000309300000| Untracked 
| 140|0x0000000309400000, 0x0000000309400000, 0x0000000309500000|  0%| F|  |TAMS 0x0000000309400000, 0x0000000309400000| Untracked 
| 141|0x0000000309500000, 0x0000000309581ff0, 0x0000000309600000| 50%| S|CS|TAMS 0x0000000309500000, 0x0000000309500000| Complete 
| 142|0x0000000309600000, 0x0000000309700000, 0x0000000309700000|100%| S|CS|TAMS 0x0000000309600000, 0x0000000309600000| Complete 
| 143|0x0000000309700000, 0x0000000309800000, 0x0000000309800000|100%| S|CS|TAMS 0x0000000309700000, 0x0000000309700000| Complete 
| 144|0x0000000309800000, 0x0000000309900000, 0x0000000309900000|100%| S|CS|TAMS 0x0000000309800000, 0x0000000309800000| Complete 
| 145|0x0000000309900000, 0x0000000309a00000, 0x0000000309a00000|100%| S|CS|TAMS 0x0000000309900000, 0x0000000309900000| Complete 
| 146|0x0000000309a00000, 0x0000000309b00000, 0x0000000309b00000|100%| S|CS|TAMS 0x0000000309a00000, 0x0000000309a00000| Complete 
| 147|0x0000000309b00000, 0x0000000309c00000, 0x0000000309c00000|100%| S|CS|TAMS 0x0000000309b00000, 0x0000000309b00000| Complete 
| 148|0x0000000309c00000, 0x0000000309d00000, 0x0000000309d00000|100%| S|CS|TAMS 0x0000000309c00000, 0x0000000309c00000| Complete 
| 149|0x0000000309d00000, 0x0000000309e00000, 0x0000000309e00000|100%| S|CS|TAMS 0x0000000309d00000, 0x0000000309d00000| Complete 
| 150|0x0000000309e00000, 0x0000000309f00000, 0x0000000309f00000|100%| S|CS|TAMS 0x0000000309e00000, 0x0000000309e00000| Complete 
| 151|0x0000000309f00000, 0x0000000309f00000, 0x000000030a000000|  0%| F|  |TAMS 0x0000000309f00000, 0x0000000309f00000| Untracked 
| 152|0x000000030a000000, 0x000000030a000000, 0x000000030a100000|  0%| F|  |TAMS 0x000000030a000000, 0x000000030a000000| Untracked 
| 153|0x000000030a100000, 0x000000030a100000, 0x000000030a200000|  0%| F|  |TAMS 0x000000030a100000, 0x000000030a100000| Untracked 
| 154|0x000000030a200000, 0x000000030a200000, 0x000000030a300000|  0%| F|  |TAMS 0x000000030a200000, 0x000000030a200000| Untracked 
| 155|0x000000030a300000, 0x000000030a300000, 0x000000030a400000|  0%| F|  |TAMS 0x000000030a300000, 0x000000030a300000| Untracked 
| 156|0x000000030a400000, 0x000000030a400000, 0x000000030a500000|  0%| F|  |TAMS 0x000000030a400000, 0x000000030a400000| Untracked 
| 157|0x000000030a500000, 0x000000030a600000, 0x000000030a600000|100%| S|CS|TAMS 0x000000030a500000, 0x000000030a500000| Complete 
| 158|0x000000030a600000, 0x000000030a700000, 0x000000030a700000|100%| S|CS|TAMS 0x000000030a600000, 0x000000030a600000| Complete 
| 159|0x000000030a700000, 0x000000030a800000, 0x000000030a800000|100%| S|CS|TAMS 0x000000030a700000, 0x000000030a700000| Complete 
| 160|0x000000030a800000, 0x000000030a900000, 0x000000030a900000|100%| S|CS|TAMS 0x000000030a800000, 0x000000030a800000| Complete 
| 161|0x000000030a900000, 0x000000030aa00000, 0x000000030aa00000|100%| S|CS|TAMS 0x000000030a900000, 0x000000030a900000| Complete 
| 162|0x000000030aa00000, 0x000000030ab00000, 0x000000030ab00000|100%| S|CS|TAMS 0x000000030aa00000, 0x000000030aa00000| Complete 
| 163|0x000000030ab00000, 0x000000030ac00000, 0x000000030ac00000|100%| S|CS|TAMS 0x000000030ab00000, 0x000000030ab00000| Complete 
| 164|0x000000030ac00000, 0x000000030ad00000, 0x000000030ad00000|100%| S|CS|TAMS 0x000000030ac00000, 0x000000030ac00000| Complete 
| 165|0x000000030ad00000, 0x000000030ad00000, 0x000000030ae00000|  0%| F|  |TAMS 0x000000030ad00000, 0x000000030ad00000| Untracked 
| 166|0x000000030ae00000, 0x000000030ae00000, 0x000000030af00000|  0%| F|  |TAMS 0x000000030ae00000, 0x000000030ae00000| Untracked 
| 167|0x000000030af00000, 0x000000030af00000, 0x000000030b000000|  0%| F|  |TAMS 0x000000030af00000, 0x000000030af00000| Untracked 
| 168|0x000000030b000000, 0x000000030b000000, 0x000000030b100000|  0%| F|  |TAMS 0x000000030b000000, 0x000000030b000000| Untracked 
| 169|0x000000030b100000, 0x000000030b100000, 0x000000030b200000|  0%| F|  |TAMS 0x000000030b100000, 0x000000030b100000| Untracked 
| 170|0x000000030b200000, 0x000000030b200000, 0x000000030b300000|  0%| F|  |TAMS 0x000000030b200000, 0x000000030b200000| Untracked 
| 171|0x000000030b300000, 0x000000030b300000, 0x000000030b400000|  0%| F|  |TAMS 0x000000030b300000, 0x000000030b300000| Untracked 
| 172|0x000000030b400000, 0x000000030b400000, 0x000000030b500000|  0%| F|  |TAMS 0x000000030b400000, 0x000000030b400000| Untracked 
| 173|0x000000030b500000, 0x000000030b500000, 0x000000030b600000|  0%| F|  |TAMS 0x000000030b500000, 0x000000030b500000| Untracked 
| 174|0x000000030b600000, 0x000000030b600000, 0x000000030b700000|  0%| F|  |TAMS 0x000000030b600000, 0x000000030b600000| Untracked 
| 175|0x000000030b700000, 0x000000030b700000, 0x000000030b800000|  0%| F|  |TAMS 0x000000030b700000, 0x000000030b700000| Untracked 
| 176|0x000000030b800000, 0x000000030b800000, 0x000000030b900000|  0%| F|  |TAMS 0x000000030b800000, 0x000000030b800000| Untracked 
| 177|0x000000030b900000, 0x000000030b900000, 0x000000030ba00000|  0%| F|  |TAMS 0x000000030b900000, 0x000000030b900000| Untracked 
| 178|0x000000030ba00000, 0x000000030ba00000, 0x000000030bb00000|  0%| F|  |TAMS 0x000000030ba00000, 0x000000030ba00000| Untracked 
| 179|0x000000030bb00000, 0x000000030bb00000, 0x000000030bc00000|  0%| F|  |TAMS 0x000000030bb00000, 0x000000030bb00000| Untracked 
| 180|0x000000030bc00000, 0x000000030bc00000, 0x000000030bd00000|  0%| F|  |TAMS 0x000000030bc00000, 0x000000030bc00000| Untracked 
| 181|0x000000030bd00000, 0x000000030bd00000, 0x000000030be00000|  0%| F|  |TAMS 0x000000030bd00000, 0x000000030bd00000| Untracked 
| 182|0x000000030be00000, 0x000000030be00000, 0x000000030bf00000|  0%| F|  |TAMS 0x000000030be00000, 0x000000030be00000| Untracked 
| 183|0x000000030bf00000, 0x000000030bf00000, 0x000000030c000000|  0%| F|  |TAMS 0x000000030bf00000, 0x000000030bf00000| Untracked 
| 184|0x000000030c000000, 0x000000030c000000, 0x000000030c100000|  0%| F|  |TAMS 0x000000030c000000, 0x000000030c000000| Untracked 
| 185|0x000000030c100000, 0x000000030c100000, 0x000000030c200000|  0%| F|  |TAMS 0x000000030c100000, 0x000000030c100000| Untracked 
| 186|0x000000030c200000, 0x000000030c200000, 0x000000030c300000|  0%| F|  |TAMS 0x000000030c200000, 0x000000030c200000| Untracked 
| 187|0x000000030c300000, 0x000000030c300000, 0x000000030c400000|  0%| F|  |TAMS 0x000000030c300000, 0x000000030c300000| Untracked 
| 188|0x000000030c400000, 0x000000030c400000, 0x000000030c500000|  0%| F|  |TAMS 0x000000030c400000, 0x000000030c400000| Untracked 
| 189|0x000000030c500000, 0x000000030c500000, 0x000000030c600000|  0%| F|  |TAMS 0x000000030c500000, 0x000000030c500000| Untracked 
| 190|0x000000030c600000, 0x000000030c600000, 0x000000030c700000|  0%| F|  |TAMS 0x000000030c600000, 0x000000030c600000| Untracked 
| 191|0x000000030c700000, 0x000000030c700000, 0x000000030c800000|  0%| F|  |TAMS 0x000000030c700000, 0x000000030c700000| Untracked 
| 192|0x000000030c800000, 0x000000030c800000, 0x000000030c900000|  0%| F|  |TAMS 0x000000030c800000, 0x000000030c800000| Untracked 
| 193|0x000000030c900000, 0x000000030c900000, 0x000000030ca00000|  0%| F|  |TAMS 0x000000030c900000, 0x000000030c900000| Untracked 
| 194|0x000000030ca00000, 0x000000030ca00000, 0x000000030cb00000|  0%| F|  |TAMS 0x000000030ca00000, 0x000000030ca00000| Untracked 
| 195|0x000000030cb00000, 0x000000030cb00000, 0x000000030cc00000|  0%| F|  |TAMS 0x000000030cb00000, 0x000000030cb00000| Untracked 
| 196|0x000000030cc00000, 0x000000030cc00000, 0x000000030cd00000|  0%| F|  |TAMS 0x000000030cc00000, 0x000000030cc00000| Untracked 
| 197|0x000000030cd00000, 0x000000030cd00000, 0x000000030ce00000|  0%| F|  |TAMS 0x000000030cd00000, 0x000000030cd00000| Untracked 
| 198|0x000000030ce00000, 0x000000030ce00000, 0x000000030cf00000|  0%| F|  |TAMS 0x000000030ce00000, 0x000000030ce00000| Untracked 
| 199|0x000000030cf00000, 0x000000030cf445d0, 0x000000030d000000| 26%| E|  |TAMS 0x000000030cf00000, 0x000000030cf00000| Complete 
| 200|0x000000030d000000, 0x000000030d100000, 0x000000030d100000|100%| E|CS|TAMS 0x000000030d000000, 0x000000030d000000| Complete 
| 201|0x000000030d100000, 0x000000030d200000, 0x000000030d200000|100%| E|CS|TAMS 0x000000030d100000, 0x000000030d100000| Complete 
| 202|0x000000030d200000, 0x000000030d300000, 0x000000030d300000|100%| E|CS|TAMS 0x000000030d200000, 0x000000030d200000| Complete 
| 203|0x000000030d300000, 0x000000030d400000, 0x000000030d400000|100%| E|CS|TAMS 0x000000030d300000, 0x000000030d300000| Complete 
| 204|0x000000030d400000, 0x000000030d500000, 0x000000030d500000|100%| E|CS|TAMS 0x000000030d400000, 0x000000030d400000| Complete 
| 205|0x000000030d500000, 0x000000030d600000, 0x000000030d600000|100%| E|CS|TAMS 0x000000030d500000, 0x000000030d500000| Complete 
| 206|0x000000030d600000, 0x000000030d700000, 0x000000030d700000|100%| E|CS|TAMS 0x000000030d600000, 0x000000030d600000| Complete 
| 207|0x000000030d700000, 0x000000030d800000, 0x000000030d800000|100%| E|CS|TAMS 0x000000030d700000, 0x000000030d700000| Complete 
| 208|0x000000030d800000, 0x000000030d900000, 0x000000030d900000|100%| E|CS|TAMS 0x000000030d800000, 0x000000030d800000| Complete 
| 209|0x000000030d900000, 0x000000030da00000, 0x000000030da00000|100%| E|  |TAMS 0x000000030d900000, 0x000000030d900000| Complete 
| 210|0x000000030da00000, 0x000000030db00000, 0x000000030db00000|100%| E|CS|TAMS 0x000000030da00000, 0x000000030da00000| Complete 
| 211|0x000000030db00000, 0x000000030dc00000, 0x000000030dc00000|100%| E|CS|TAMS 0x000000030db00000, 0x000000030db00000| Complete 
| 212|0x000000030dc00000, 0x000000030dd00000, 0x000000030dd00000|100%| E|CS|TAMS 0x000000030dc00000, 0x000000030dc00000| Complete 
| 213|0x000000030dd00000, 0x000000030de00000, 0x000000030de00000|100%| E|CS|TAMS 0x000000030dd00000, 0x000000030dd00000| Complete 
| 214|0x000000030de00000, 0x000000030df00000, 0x000000030df00000|100%| E|CS|TAMS 0x000000030de00000, 0x000000030de00000| Complete 
| 215|0x000000030df00000, 0x000000030e000000, 0x000000030e000000|100%| E|CS|TAMS 0x000000030df00000, 0x000000030df00000| Complete 
| 216|0x000000030e000000, 0x000000030e100000, 0x000000030e100000|100%| E|CS|TAMS 0x000000030e000000, 0x000000030e000000| Complete 
| 217|0x000000030e100000, 0x000000030e200000, 0x000000030e200000|100%| E|CS|TAMS 0x000000030e100000, 0x000000030e100000| Complete 
| 218|0x000000030e200000, 0x000000030e300000, 0x000000030e300000|100%| E|CS|TAMS 0x000000030e200000, 0x000000030e200000| Complete 
| 219|0x000000030e300000, 0x000000030e400000, 0x000000030e400000|100%| E|CS|TAMS 0x000000030e300000, 0x000000030e300000| Complete 
| 220|0x000000030e400000, 0x000000030e500000, 0x000000030e500000|100%| E|CS|TAMS 0x000000030e400000, 0x000000030e400000| Complete 
| 221|0x000000030e500000, 0x000000030e600000, 0x000000030e600000|100%| E|CS|TAMS 0x000000030e500000, 0x000000030e500000| Complete 
| 222|0x000000030e600000, 0x000000030e700000, 0x000000030e700000|100%| E|CS|TAMS 0x000000030e600000, 0x000000030e600000| Complete 
| 223|0x000000030e700000, 0x000000030e800000, 0x000000030e800000|100%| E|CS|TAMS 0x000000030e700000, 0x000000030e700000| Complete 
| 224|0x000000030e800000, 0x000000030e900000, 0x000000030e900000|100%| E|CS|TAMS 0x000000030e800000, 0x000000030e800000| Complete 
| 225|0x000000030e900000, 0x000000030ea00000, 0x000000030ea00000|100%| E|CS|TAMS 0x000000030e900000, 0x000000030e900000| Complete 
| 226|0x000000030ea00000, 0x000000030eb00000, 0x000000030eb00000|100%| E|CS|TAMS 0x000000030ea00000, 0x000000030ea00000| Complete 
| 227|0x000000030eb00000, 0x000000030ec00000, 0x000000030ec00000|100%| E|CS|TAMS 0x000000030eb00000, 0x000000030eb00000| Complete 
| 228|0x000000030ec00000, 0x000000030ed00000, 0x000000030ed00000|100%| E|CS|TAMS 0x000000030ec00000, 0x000000030ec00000| Complete 
| 229|0x000000030ed00000, 0x000000030ee00000, 0x000000030ee00000|100%| E|CS|TAMS 0x000000030ed00000, 0x000000030ed00000| Complete 
| 230|0x000000030ee00000, 0x000000030ef00000, 0x000000030ef00000|100%| E|CS|TAMS 0x000000030ee00000, 0x000000030ee00000| Complete 
| 231|0x000000030ef00000, 0x000000030f000000, 0x000000030f000000|100%| E|CS|TAMS 0x000000030ef00000, 0x000000030ef00000| Complete 
| 232|0x000000030f000000, 0x000000030f100000, 0x000000030f100000|100%| E|CS|TAMS 0x000000030f000000, 0x000000030f000000| Complete 
| 233|0x000000030f100000, 0x000000030f200000, 0x000000030f200000|100%| E|CS|TAMS 0x000000030f100000, 0x000000030f100000| Complete 
| 234|0x000000030f200000, 0x000000030f300000, 0x000000030f300000|100%| E|CS|TAMS 0x000000030f200000, 0x000000030f200000| Complete 
| 235|0x000000030f300000, 0x000000030f400000, 0x000000030f400000|100%| E|CS|TAMS 0x000000030f300000, 0x000000030f300000| Complete 
| 236|0x000000030f400000, 0x000000030f500000, 0x000000030f500000|100%| E|CS|TAMS 0x000000030f400000, 0x000000030f400000| Complete 
| 237|0x000000030f500000, 0x000000030f600000, 0x000000030f600000|100%| E|CS|TAMS 0x000000030f500000, 0x000000030f500000| Complete 
| 238|0x000000030f600000, 0x000000030f700000, 0x000000030f700000|100%| E|CS|TAMS 0x000000030f600000, 0x000000030f600000| Complete 
| 239|0x000000030f700000, 0x000000030f800000, 0x000000030f800000|100%| E|CS|TAMS 0x000000030f700000, 0x000000030f700000| Complete 
| 240|0x000000030f800000, 0x000000030f900000, 0x000000030f900000|100%| E|CS|TAMS 0x000000030f800000, 0x000000030f800000| Complete 
| 241|0x000000030f900000, 0x000000030fa00000, 0x000000030fa00000|100%| E|CS|TAMS 0x000000030f900000, 0x000000030f900000| Complete 
| 242|0x000000030fa00000, 0x000000030fb00000, 0x000000030fb00000|100%| E|CS|TAMS 0x000000030fa00000, 0x000000030fa00000| Complete 
| 243|0x000000030fb00000, 0x000000030fc00000, 0x000000030fc00000|100%| E|CS|TAMS 0x000000030fb00000, 0x000000030fb00000| Complete 
| 244|0x000000030fc00000, 0x000000030fd00000, 0x000000030fd00000|100%| E|CS|TAMS 0x000000030fc00000, 0x000000030fc00000| Complete 
| 245|0x000000030fd00000, 0x000000030fe00000, 0x000000030fe00000|100%| E|CS|TAMS 0x000000030fd00000, 0x000000030fd00000| Complete 
| 246|0x000000030fe00000, 0x000000030ff00000, 0x000000030ff00000|100%| E|CS|TAMS 0x000000030fe00000, 0x000000030fe00000| Complete 
| 247|0x000000030ff00000, 0x0000000310000000, 0x0000000310000000|100%| E|CS|TAMS 0x000000030ff00000, 0x000000030ff00000| Complete 
| 248|0x0000000310000000, 0x0000000310100000, 0x0000000310100000|100%| E|CS|TAMS 0x0000000310000000, 0x0000000310000000| Complete 
| 249|0x0000000310100000, 0x0000000310200000, 0x0000000310200000|100%| E|CS|TAMS 0x0000000310100000, 0x0000000310100000| Complete 
| 250|0x0000000310200000, 0x0000000310300000, 0x0000000310300000|100%| E|CS|TAMS 0x0000000310200000, 0x0000000310200000| Complete 
| 251|0x0000000310300000, 0x0000000310400000, 0x0000000310400000|100%| E|CS|TAMS 0x0000000310300000, 0x0000000310300000| Complete 
| 252|0x0000000310400000, 0x0000000310500000, 0x0000000310500000|100%| E|CS|TAMS 0x0000000310400000, 0x0000000310400000| Complete 
| 253|0x0000000310500000, 0x0000000310600000, 0x0000000310600000|100%| E|CS|TAMS 0x0000000310500000, 0x0000000310500000| Complete 
| 254|0x0000000310600000, 0x0000000310700000, 0x0000000310700000|100%| E|CS|TAMS 0x0000000310600000, 0x0000000310600000| Complete 
| 255|0x0000000310700000, 0x0000000310800000, 0x0000000310800000|100%| E|CS|TAMS 0x0000000310700000, 0x0000000310700000| Complete 
| 256|0x0000000310800000, 0x0000000310900000, 0x0000000310900000|100%| E|CS|TAMS 0x0000000310800000, 0x0000000310800000| Complete 
| 257|0x0000000310900000, 0x0000000310a00000, 0x0000000310a00000|100%| E|CS|TAMS 0x0000000310900000, 0x0000000310900000| Complete 
| 258|0x0000000310a00000, 0x0000000310b00000, 0x0000000310b00000|100%| E|CS|TAMS 0x0000000310a00000, 0x0000000310a00000| Complete 
| 259|0x0000000310b00000, 0x0000000310c00000, 0x0000000310c00000|100%| E|CS|TAMS 0x0000000310b00000, 0x0000000310b00000| Complete 
| 260|0x0000000310c00000, 0x0000000310d00000, 0x0000000310d00000|100%| E|CS|TAMS 0x0000000310c00000, 0x0000000310c00000| Complete 
| 261|0x0000000310d00000, 0x0000000310e00000, 0x0000000310e00000|100%| E|CS|TAMS 0x0000000310d00000, 0x0000000310d00000| Complete 
| 262|0x0000000310e00000, 0x0000000310f00000, 0x0000000310f00000|100%| E|CS|TAMS 0x0000000310e00000, 0x0000000310e00000| Complete 
| 263|0x0000000310f00000, 0x0000000311000000, 0x0000000311000000|100%| E|CS|TAMS 0x0000000310f00000, 0x0000000310f00000| Complete 
| 264|0x0000000311000000, 0x0000000311100000, 0x0000000311100000|100%| E|CS|TAMS 0x0000000311000000, 0x0000000311000000| Complete 
| 265|0x0000000311100000, 0x0000000311200000, 0x0000000311200000|100%| E|CS|TAMS 0x0000000311100000, 0x0000000311100000| Complete 
| 266|0x0000000311200000, 0x0000000311300000, 0x0000000311300000|100%| E|CS|TAMS 0x0000000311200000, 0x0000000311200000| Complete 
| 267|0x0000000311300000, 0x0000000311400000, 0x0000000311400000|100%| E|CS|TAMS 0x0000000311300000, 0x0000000311300000| Complete 
| 268|0x0000000311400000, 0x0000000311500000, 0x0000000311500000|100%| E|CS|TAMS 0x0000000311400000, 0x0000000311400000| Complete 
| 269|0x0000000311500000, 0x0000000311600000, 0x0000000311600000|100%| E|CS|TAMS 0x0000000311500000, 0x0000000311500000| Complete 
| 270|0x0000000311600000, 0x0000000311700000, 0x0000000311700000|100%| E|CS|TAMS 0x0000000311600000, 0x0000000311600000| Complete 
| 271|0x0000000311700000, 0x0000000311800000, 0x0000000311800000|100%| E|CS|TAMS 0x0000000311700000, 0x0000000311700000| Complete 
| 272|0x0000000311800000, 0x0000000311900000, 0x0000000311900000|100%| E|CS|TAMS 0x0000000311800000, 0x0000000311800000| Complete 
| 273|0x0000000311900000, 0x0000000311a00000, 0x0000000311a00000|100%| E|CS|TAMS 0x0000000311900000, 0x0000000311900000| Complete 
| 274|0x0000000311a00000, 0x0000000311b00000, 0x0000000311b00000|100%| E|CS|TAMS 0x0000000311a00000, 0x0000000311a00000| Complete 
| 275|0x0000000311b00000, 0x0000000311c00000, 0x0000000311c00000|100%| E|CS|TAMS 0x0000000311b00000, 0x0000000311b00000| Complete 
| 276|0x0000000311c00000, 0x0000000311d00000, 0x0000000311d00000|100%| E|CS|TAMS 0x0000000311c00000, 0x0000000311c00000| Complete 
| 277|0x0000000311d00000, 0x0000000311e00000, 0x0000000311e00000|100%| E|CS|TAMS 0x0000000311d00000, 0x0000000311d00000| Complete 
| 278|0x0000000311e00000, 0x0000000311f00000, 0x0000000311f00000|100%| E|CS|TAMS 0x0000000311e00000, 0x0000000311e00000| Complete 
| 279|0x0000000311f00000, 0x0000000312000000, 0x0000000312000000|100%| E|CS|TAMS 0x0000000311f00000, 0x0000000311f00000| Complete 
| 280|0x0000000312000000, 0x0000000312100000, 0x0000000312100000|100%| E|CS|TAMS 0x0000000312000000, 0x0000000312000000| Complete 
| 281|0x0000000312100000, 0x0000000312200000, 0x0000000312200000|100%| E|CS|TAMS 0x0000000312100000, 0x0000000312100000| Complete 
| 282|0x0000000312200000, 0x0000000312300000, 0x0000000312300000|100%| E|CS|TAMS 0x0000000312200000, 0x0000000312200000| Complete 
| 283|0x0000000312300000, 0x0000000312400000, 0x0000000312400000|100%| E|CS|TAMS 0x0000000312300000, 0x0000000312300000| Complete 
| 284|0x0000000312400000, 0x0000000312500000, 0x0000000312500000|100%| E|CS|TAMS 0x0000000312400000, 0x0000000312400000| Complete 
| 285|0x0000000312500000, 0x0000000312600000, 0x0000000312600000|100%| E|CS|TAMS 0x0000000312500000, 0x0000000312500000| Complete 
| 286|0x0000000312600000, 0x0000000312700000, 0x0000000312700000|100%| E|CS|TAMS 0x0000000312600000, 0x0000000312600000| Complete 
| 287|0x0000000312700000, 0x0000000312800000, 0x0000000312800000|100%| E|CS|TAMS 0x0000000312700000, 0x0000000312700000| Complete 
| 288|0x0000000312800000, 0x0000000312900000, 0x0000000312900000|100%| E|CS|TAMS 0x0000000312800000, 0x0000000312800000| Complete 
| 289|0x0000000312900000, 0x0000000312a00000, 0x0000000312a00000|100%| E|CS|TAMS 0x0000000312900000, 0x0000000312900000| Complete 
| 290|0x0000000312a00000, 0x0000000312b00000, 0x0000000312b00000|100%| E|CS|TAMS 0x0000000312a00000, 0x0000000312a00000| Complete 
| 291|0x0000000312b00000, 0x0000000312c00000, 0x0000000312c00000|100%| E|CS|TAMS 0x0000000312b00000, 0x0000000312b00000| Complete 
| 292|0x0000000312c00000, 0x0000000312d00000, 0x0000000312d00000|100%| E|CS|TAMS 0x0000000312c00000, 0x0000000312c00000| Complete 
| 293|0x0000000312d00000, 0x0000000312e00000, 0x0000000312e00000|100%| E|CS|TAMS 0x0000000312d00000, 0x0000000312d00000| Complete 
| 294|0x0000000312e00000, 0x0000000312f00000, 0x0000000312f00000|100%| E|CS|TAMS 0x0000000312e00000, 0x0000000312e00000| Complete 
| 295|0x0000000312f00000, 0x0000000313000000, 0x0000000313000000|100%| E|CS|TAMS 0x0000000312f00000, 0x0000000312f00000| Complete 
| 296|0x0000000313000000, 0x0000000313100000, 0x0000000313100000|100%| E|CS|TAMS 0x0000000313000000, 0x0000000313000000| Complete 
| 297|0x0000000313100000, 0x0000000313200000, 0x0000000313200000|100%| E|CS|TAMS 0x0000000313100000, 0x0000000313100000| Complete 
| 298|0x0000000313200000, 0x0000000313300000, 0x0000000313300000|100%| E|CS|TAMS 0x0000000313200000, 0x0000000313200000| Complete 
| 299|0x0000000313300000, 0x0000000313400000, 0x0000000313400000|100%| E|CS|TAMS 0x0000000313300000, 0x0000000313300000| Complete 
| 300|0x0000000313400000, 0x0000000313500000, 0x0000000313500000|100%| E|CS|TAMS 0x0000000313400000, 0x0000000313400000| Complete 
| 301|0x0000000313500000, 0x0000000313600000, 0x0000000313600000|100%| E|CS|TAMS 0x0000000313500000, 0x0000000313500000| Complete 
| 302|0x0000000313600000, 0x0000000313700000, 0x0000000313700000|100%| E|CS|TAMS 0x0000000313600000, 0x0000000313600000| Complete 
| 303|0x0000000313700000, 0x0000000313800000, 0x0000000313800000|100%| E|CS|TAMS 0x0000000313700000, 0x0000000313700000| Complete 
| 304|0x0000000313800000, 0x0000000313900000, 0x0000000313900000|100%| E|CS|TAMS 0x0000000313800000, 0x0000000313800000| Complete 
| 305|0x0000000313900000, 0x0000000313a00000, 0x0000000313a00000|100%| E|CS|TAMS 0x0000000313900000, 0x0000000313900000| Complete 
| 306|0x0000000313a00000, 0x0000000313b00000, 0x0000000313b00000|100%| E|CS|TAMS 0x0000000313a00000, 0x0000000313a00000| Complete 
| 307|0x0000000313b00000, 0x0000000313c00000, 0x0000000313c00000|100%| E|CS|TAMS 0x0000000313b00000, 0x0000000313b00000| Complete 

Card table byte_map: [0x00000001092b4000,0x00000001096b4000] _byte_map_base: 0x0000000107ab0000

Marking Bits (Prev, Next): (CMBitMap*) 0x00000001048c3190, (CMBitMap*) 0x00000001048c3158
 Prev Bits: [0x000000012402c000, 0x000000012602c000)
 Next Bits: [0x000000012202c000, 0x000000012402c000)

Polling page: 0x0000000104250000

Metaspace:

Usage:
  Non-class:     92.83 MB capacity,    90.77 MB ( 98%) used,     1.62 MB (  2%) free+waste,   452.00 KB ( <1%) overhead. 
      Class:     15.57 MB capacity,    14.06 MB ( 90%) used,     1.30 MB (  8%) free+waste,   214.69 KB (  1%) overhead. 
       Both:    108.41 MB capacity,   104.83 MB ( 97%) used,     2.92 MB (  3%) free+waste,   666.69 KB ( <1%) overhead. 

Virtual space:
  Non-class space:       94.00 MB reserved,      93.05 MB ( 99%) committed 
      Class space:        1.00 GB reserved,      15.62 MB (  2%) committed 
             Both:        1.09 GB reserved,     108.67 MB ( 10%) committed 

Chunk freelists:
   Non-Class:  28.00 KB
       Class:  21.00 KB
        Both:  49.00 KB

MaxMetaspaceSize: unlimited
CompressedClassSpaceSize: 1.00 GB
Initial GC threshold: 20.80 MB
Current GC threshold: 146.75 MB
CDS: off

CodeHeap 'non-profiled nmethods': size=120032Kb used=6038Kb max_used=6038Kb free=113993Kb
 bounds [0x000000011a6f4000, 0x000000011ace4000, 0x0000000121c2c000]
CodeHeap 'profiled nmethods': size=120016Kb used=28949Kb max_used=28949Kb free=91066Kb
 bounds [0x00000001131c0000, 0x0000000114e10000, 0x000000011a6f4000]
CodeHeap 'non-nmethods': size=5712Kb used=1584Kb max_used=1707Kb free=4127Kb
 bounds [0x0000000112c2c000, 0x0000000112e9c000, 0x00000001131c0000]
 total_blobs=13805 nmethods=12962 adapters=759
 compilation: enabled
              stopped_count=0, restarted_count=0
 full_count=0

Compilation events (20 events):
Event: 10.333 Thread 0x000000082adda000 13738   !   3       java.util.zip.ZipFile::getEntry (73 bytes)
Event: 10.334 Thread 0x000000082adda000 nmethod 13738 0x0000000114e01790 code [0x0000000114e019c0, 0x0000000114e02180]
Event: 10.334 Thread 0x000000082adda000 13734       3       jdk.internal.org.objectweb.asm.Type::getDescriptor (18 bytes)
Event: 10.334 Thread 0x000000082adda000 nmethod 13734 0x0000000114e02510 code [0x0000000114e02780, 0x0000000114e02e90]
Event: 10.337 Thread 0x000000082add9000 nmethod 13701 0x000000011acd4190 code [0x000000011acd46c0, 0x000000011acd6f80]
Event: 10.337 Thread 0x000000082add9000 13711       4       sun.invoke.util.VerifyAccess::isTypeVisible (118 bytes)
Event: 10.338 Thread 0x000000082adda000 13739       3       jdk.internal.org.objectweb.asm.Type::getType (107 bytes)
Event: 10.338 Thread 0x000000082adda000 nmethod 13739 0x0000000114e03110 code [0x0000000114e03440, 0x0000000114e040b0]
Event: 10.338 Thread 0x000000082adda000 13740       3       java.lang.invoke.TypeConvertingMethodAdapter::boxIfTypePrimitive (19 bytes)
Event: 10.339 Thread 0x000000082adda000 nmethod 13740 0x0000000114e04490 code [0x0000000114e04740, 0x0000000114e04f70]
Event: 10.341 Thread 0x000000082add9000 nmethod 13711 0x000000011acd8390 code [0x000000011acd8600, 0x000000011acd8af0]
Event: 10.341 Thread 0x000000082add9000 13713       4       jdk.internal.org.objectweb.asm.ByteVector::putByteArray (49 bytes)
Event: 10.342 Thread 0x000000082add9000 nmethod 13713 0x000000011acd8f90 code [0x000000011acd9140, 0x000000011acd92f0]
Event: 10.342 Thread 0x000000082add9000 13704       4       java.lang.invoke.MemberName::initResolved (53 bytes)
Event: 10.342 Thread 0x000000082add9000 nmethod 13704 0x000000011acd9410 code [0x000000011acd95c0, 0x000000011acd9720]
Event: 10.342 Thread 0x000000082add9000 13702       4       jdk.internal.org.objectweb.asm.MethodVisitor::<init> (35 bytes)
Event: 10.343 Thread 0x000000082add9000 nmethod 13702 0x000000011acd9790 code [0x000000011acd9940, 0x000000011acd9af0]
Event: 10.343 Thread 0x000000082add9000 13731       4       java.lang.invoke.InvokerBytecodeGenerator::emitPushArgument (120 bytes)
Event: 10.344 Thread 0x000000082adda000 13742       3       com.android.tools.r8.internal.Ab::g (26 bytes)
Event: 10.344 Thread 0x000000082adda000 nmethod 13742 0x0000000114e05290 code [0x0000000114e05440, 0x0000000114e05650]

GC Heap History (20 events):
Event: 1.688 GC heap before
{Heap before GC invocations=5 (full 0):
 garbage-first heap   total 262144K, used 64085K [0x0000000300800000, 0x0000000380800000)
  region size 1024K, 46 young (47104K), 4 survivors (4096K)
 Metaspace       used 35014K, capacity 35847K, committed 35888K, reserved 1081344K
  class space    used 4650K, capacity 4982K, committed 4992K, reserved 1048576K
}
Event: 1.693 GC heap after
{Heap after GC invocations=6 (full 0):
 garbage-first heap   total 262144K, used 24204K [0x0000000300800000, 0x0000000380800000)
  region size 1024K, 6 young (6144K), 6 survivors (6144K)
 Metaspace       used 35014K, capacity 35847K, committed 35888K, reserved 1081344K
  class space    used 4650K, capacity 4982K, committed 4992K, reserved 1048576K
}
Event: 2.236 GC heap before
{Heap before GC invocations=7 (full 0):
 garbage-first heap   total 262144K, used 137868K [0x0000000300800000, 0x0000000380800000)
  region size 1024K, 116 young (118784K), 6 survivors (6144K)
 Metaspace       used 45491K, capacity 46696K, committed 46992K, reserved 1089536K
  class space    used 6053K, capacity 6545K, committed 6656K, reserved 1048576K
}
Event: 2.244 GC heap after
{Heap after GC invocations=8 (full 0):
 garbage-first heap   total 262144K, used 30402K [0x0000000300800000, 0x0000000380800000)
  region size 1024K, 12 young (12288K), 12 survivors (12288K)
 Metaspace       used 45491K, capacity 46696K, committed 46992K, reserved 1089536K
  class space    used 6053K, capacity 6545K, committed 6656K, reserved 1048576K
}
Event: 2.807 GC heap before
{Heap before GC invocations=9 (full 0):
 garbage-first heap   total 262144K, used 152258K [0x0000000300800000, 0x0000000380800000)
  region size 1024K, 131 young (134144K), 12 survivors (12288K)
 Metaspace       used 52623K, capacity 54071K, committed 54160K, reserved 1095680K
  class space    used 7017K, capacity 7651K, committed 7680K, reserved 1048576K
}
Event: 2.814 GC heap after
{Heap after GC invocations=10 (full 0):
 garbage-first heap   total 262144K, used 36155K [0x0000000300800000, 0x0000000380800000)
  region size 1024K, 14 young (14336K), 14 survivors (14336K)
 Metaspace       used 52623K, capacity 54071K, committed 54160K, reserved 1095680K
  class space    used 7017K, capacity 7651K, committed 7680K, reserved 1048576K
}
Event: 3.535 GC heap before
{Heap before GC invocations=10 (full 0):
 garbage-first heap   total 262144K, used 189755K [0x0000000300800000, 0x0000000380800000)
  region size 1024K, 153 young (156672K), 14 survivors (14336K)
 Metaspace       used 63210K, capacity 65071K, committed 65168K, reserved 1105920K
  class space    used 8362K, capacity 9140K, committed 9216K, reserved 1048576K
}
Event: 3.546 GC heap after
{Heap after GC invocations=11 (full 0):
 garbage-first heap   total 262144K, used 59600K [0x0000000300800000, 0x0000000380800000)
  region size 1024K, 19 young (19456K), 19 survivors (19456K)
 Metaspace       used 63210K, capacity 65071K, committed 65168K, reserved 1105920K
  class space    used 8362K, capacity 9140K, committed 9216K, reserved 1048576K
}
Event: 4.228 GC heap before
{Heap before GC invocations=11 (full 0):
 garbage-first heap   total 262144K, used 192720K [0x0000000300800000, 0x0000000380800000)
  region size 1024K, 142 young (145408K), 19 survivors (19456K)
 Metaspace       used 72774K, capacity 74735K, committed 74896K, reserved 1114112K
  class space    used 9579K, capacity 10401K, committed 10496K, reserved 1048576K
}
Event: 4.235 GC heap after
{Heap after GC invocations=12 (full 0):
 garbage-first heap   total 315392K, used 67425K [0x0000000300800000, 0x0000000380800000)
  region size 1024K, 10 young (10240K), 10 survivors (10240K)
 Metaspace       used 72774K, capacity 74735K, committed 74896K, reserved 1114112K
  class space    used 9579K, capacity 10401K, committed 10496K, reserved 1048576K
}
Event: 4.649 GC heap before
{Heap before GC invocations=12 (full 0):
 garbage-first heap   total 315392K, used 137057K [0x0000000300800000, 0x0000000380800000)
  region size 1024K, 75 young (76800K), 10 survivors (10240K)
 Metaspace       used 76104K, capacity 78240K, committed 78320K, reserved 1116160K
  class space    used 9976K, capacity 10855K, committed 10880K, reserved 1048576K
}
Event: 4.657 GC heap after
{Heap after GC invocations=13 (full 0):
 garbage-first heap   total 315392K, used 74337K [0x0000000300800000, 0x0000000380800000)
  region size 1024K, 12 young (12288K), 12 survivors (12288K)
 Metaspace       used 76104K, capacity 78240K, committed 78320K, reserved 1116160K
  class space    used 9976K, capacity 10855K, committed 10880K, reserved 1048576K
}
Event: 5.555 GC heap before
{Heap before GC invocations=14 (full 0):
 garbage-first heap   total 315392K, used 234081K [0x0000000300800000, 0x0000000380800000)
  region size 1024K, 168 young (172032K), 12 survivors (12288K)
 Metaspace       used 87320K, capacity 89709K, committed 89904K, reserved 1126400K
  class space    used 11775K, capacity 12747K, committed 12800K, reserved 1048576K
}
Event: 5.569 GC heap after
{Heap after GC invocations=15 (full 0):
 garbage-first heap   total 315392K, used 81736K [0x0000000300800000, 0x0000000380800000)
  region size 1024K, 11 young (11264K), 11 survivors (11264K)
 Metaspace       used 87320K, capacity 89709K, committed 89904K, reserved 1126400K
  class space    used 11775K, capacity 12747K, committed 12800K, reserved 1048576K
}
Event: 6.488 GC heap before
{Heap before GC invocations=16 (full 0):
 garbage-first heap   total 315392K, used 241480K [0x0000000300800000, 0x0000000380800000)
  region size 1024K, 168 young (172032K), 11 survivors (11264K)
 Metaspace       used 96034K, capacity 98835K, committed 99120K, reserved 1134592K
  class space    used 12879K, capacity 14044K, committed 14080K, reserved 1048576K
}
Event: 6.496 GC heap after
{Heap after GC invocations=17 (full 0):
 garbage-first heap   total 315392K, used 93322K [0x0000000300800000, 0x0000000380800000)
  region size 1024K, 21 young (21504K), 21 survivors (21504K)
 Metaspace       used 96034K, capacity 98835K, committed 99120K, reserved 1134592K
  class space    used 12879K, capacity 14044K, committed 14080K, reserved 1048576K
}
Event: 7.220 GC heap before
{Heap before GC invocations=17 (full 0):
 garbage-first heap   total 315392K, used 246922K [0x0000000300800000, 0x0000000380800000)
  region size 1024K, 172 young (176128K), 21 survivors (21504K)
 Metaspace       used 98851K, capacity 101860K, committed 102064K, reserved 1136640K
  class space    used 13187K, capacity 14404K, committed 14464K, reserved 1048576K
}
Event: 7.232 GC heap after
{Heap after GC invocations=18 (full 0):
 garbage-first heap   total 315392K, used 104346K [0x0000000300800000, 0x0000000380800000)
  region size 1024K, 11 young (11264K), 11 survivors (11264K)
 Metaspace       used 98851K, capacity 101860K, committed 102064K, reserved 1136640K
  class space    used 13187K, capacity 14404K, committed 14464K, reserved 1048576K
}
Event: 9.768 GC heap before
{Heap before GC invocations=18 (full 0):
 garbage-first heap   total 315392K, used 249754K [0x0000000300800000, 0x0000000380800000)
  region size 1024K, 154 young (157696K), 11 survivors (11264K)
 Metaspace       used 102438K, capacity 105706K, committed 106032K, reserved 1140736K
  class space    used 13666K, capacity 14998K, committed 15104K, reserved 1048576K
}
Event: 9.824 GC heap after
{Heap after GC invocations=19 (full 0):
 garbage-first heap   total 315392K, used 111009K [0x0000000300800000, 0x0000000380800000)
  region size 1024K, 18 young (18432K), 18 survivors (18432K)
 Metaspace       used 102438K, capacity 105706K, committed 106032K, reserved 1140736K
  class space    used 13666K, capacity 14998K, committed 15104K, reserved 1048576K
}

Deoptimization events (20 events):
Event: 10.260 Thread 0x0000000826a28000 Uncommon trap: trap_request=0xffffffc6 fr.pc=0x000000011ab3f120 relative=0x00000000000000a0
Event: 10.260 Thread 0x0000000826a28000 Uncommon trap: reason=bimorphic_or_optimized_type_check action=maybe_recompile pc=0x000000011ab3f120 method=java.util.stream.StreamOpFlag.fromCharacteristics(Ljava/util/Spliterator;)I @ 14 c2
Event: 10.260 Thread 0x0000000826114000 DEOPT PACKING pc=0x000000011ab3f120 sp=0x0000000384f9c6c0
Event: 10.260 Thread 0x0000000826114000 DEOPT UNPACKING pc=0x0000000112c60d9c sp=0x0000000384f9c650 mode 2
Event: 10.260 Thread 0x0000000826a28000 DEOPT PACKING pc=0x000000011ab3f120 sp=0x0000000380e1c6c0
Event: 10.260 Thread 0x0000000826a28000 DEOPT UNPACKING pc=0x0000000112c60d9c sp=0x0000000380e1c650 mode 2
Event: 10.260 Thread 0x000000082ab80000 DEOPT PACKING pc=0x000000011ab3f120 sp=0x0000000384d906c0
Event: 10.260 Thread 0x000000082611e000 Uncommon trap: trap_request=0xffffffc6 fr.pc=0x000000011ab3f120 relative=0x00000000000000a0
Event: 10.260 Thread 0x000000082ab80000 DEOPT UNPACKING pc=0x0000000112c60d9c sp=0x0000000384d90650 mode 2
Event: 10.260 Thread 0x000000082611e000 Uncommon trap: reason=bimorphic_or_optimized_type_check action=maybe_recompile pc=0x000000011ab3f120 method=java.util.stream.StreamOpFlag.fromCharacteristics(Ljava/util/Spliterator;)I @ 14 c2
Event: 10.260 Thread 0x0000000826115000 Uncommon trap: trap_request=0xffffffc6 fr.pc=0x000000011ab3f120 relative=0x00000000000000a0
Event: 10.260 Thread 0x0000000826115000 Uncommon trap: reason=bimorphic_or_optimized_type_check action=maybe_recompile pc=0x000000011ab3f120 method=java.util.stream.StreamOpFlag.fromCharacteristics(Ljava/util/Spliterator;)I @ 14 c2
Event: 10.260 Thread 0x0000000826115000 DEOPT PACKING pc=0x000000011ab3f120 sp=0x00000003851a86c0
Event: 10.260 Thread 0x000000082611e000 DEOPT PACKING pc=0x000000011ab3f120 sp=0x0000000385be46c0
Event: 10.260 Thread 0x0000000826115000 DEOPT UNPACKING pc=0x0000000112c60d9c sp=0x00000003851a8650 mode 2
Event: 10.260 Thread 0x000000082611e000 DEOPT UNPACKING pc=0x0000000112c60d9c sp=0x0000000385be4650 mode 2
Event: 10.325 Thread 0x0000000826ad6000 Uncommon trap: trap_request=0xffffff4d fr.pc=0x000000011ab95ae8 relative=0x00000000000000a8
Event: 10.325 Thread 0x0000000826ad6000 Uncommon trap: reason=unstable_if action=reinterpret pc=0x000000011ab95ae8 method=jdk.internal.misc.Unsafe.convEndian(ZI)I @ 4 c2
Event: 10.325 Thread 0x0000000826ad6000 DEOPT PACKING pc=0x000000011ab95ae8 sp=0x0000000384b84550
Event: 10.325 Thread 0x0000000826ad6000 DEOPT UNPACKING pc=0x0000000112c60d9c sp=0x0000000384b843f0 mode 2

Classes redefined (0 events):
No events

Internal exceptions (20 events):
Event: 10.212 Thread 0x000000082611e000 Exception <a 'java/lang/NoSuchMethodError'{0x000000030e0f9a80}: 'java.lang.Object java.lang.invoke.DirectMethodHandle$Holder.newInvokeSpecial(java.lang.Object, int)'> (0x000000030e0f9a80) thrown at [src/hotspot/share/interpreter/linkResolver.cpp, line 773]
Event: 10.212 Thread 0x000000082611d000 Exception <a 'java/lang/NoSuchMethodError'{0x000000030e507f20}: 'java.lang.Object java.lang.invoke.DirectMethodHandle$Holder.newInvokeSpecial(java.lang.Object, int)'> (0x000000030e507f20) thrown at [src/hotspot/share/interpreter/linkResolver.cpp, line 773]
Event: 10.212 Thread 0x0000000826ad6000 Exception <a 'java/lang/NoSuchMethodError'{0x000000030df33788}: 'java.lang.Object java.lang.invoke.DirectMethodHandle$Holder.newInvokeSpecial(java.lang.Object, int)'> (0x000000030df33788) thrown at [src/hotspot/share/interpreter/linkResolver.cpp, line 773]
Event: 10.212 Thread 0x0000000826a28000 Exception <a 'java/lang/NoSuchMethodError'{0x000000030eb8c3c8}: 'java.lang.Object java.lang.invoke.DirectMethodHandle$Holder.newInvokeSpecial(java.lang.Object, int)'> (0x000000030eb8c3c8) thrown at [src/hotspot/share/interpreter/linkResolver.cpp, line 773]
Event: 10.212 Thread 0x000000082611c000 Exception <a 'java/lang/NoSuchMethodError'{0x000000030df22cf8}: 'java.lang.Object java.lang.invoke.DirectMethodHandle$Holder.newInvokeSpecial(java.lang.Object, int)'> (0x000000030df22cf8) thrown at [src/hotspot/share/interpreter/linkResolver.cpp, line 773]
Event: 10.212 Thread 0x0000000826117000 Exception <a 'java/lang/NoSuchMethodError'{0x000000030e38b6e8}: 'java.lang.Object java.lang.invoke.DirectMethodHandle$Holder.newInvokeSpecial(java.lang.Object, int)'> (0x000000030e38b6e8) thrown at [src/hotspot/share/interpreter/linkResolver.cpp, line 773]
Event: 10.212 Thread 0x0000000826ad4000 Exception <a 'java/lang/NoSuchMethodError'{0x000000030e369388}: 'java.lang.Object java.lang.invoke.DirectMethodHandle$Holder.newInvokeSpecial(java.lang.Object, int)'> (0x000000030e369388) thrown at [src/hotspot/share/interpreter/linkResolver.cpp, line 773]
Event: 10.212 Thread 0x000000082ab80000 Exception <a 'java/lang/NoSuchMethodError'{0x000000030df15a98}: 'java.lang.Object java.lang.invoke.DirectMethodHandle$Holder.newInvokeSpecial(java.lang.Object, int)'> (0x000000030df15a98) thrown at [src/hotspot/share/interpreter/linkResolver.cpp, line 773]
Event: 10.212 Thread 0x0000000826115000 Exception <a 'java/lang/NoSuchMethodError'{0x000000030e51b588}: 'java.lang.Object java.lang.invoke.DirectMethodHandle$Holder.newInvokeSpecial(java.lang.Object, int)'> (0x000000030e51b588) thrown at [src/hotspot/share/interpreter/linkResolver.cpp, line 773]
Event: 10.213 Thread 0x0000000826114000 Exception <a 'java/lang/NoSuchMethodError'{0x000000030e552748}: 'java.lang.Object java.lang.invoke.DirectMethodHandle$Holder.newInvokeSpecial(java.lang.Object, int)'> (0x000000030e552748) thrown at [src/hotspot/share/interpreter/linkResolver.cpp, line 773]
Event: 10.328 Thread 0x0000000826117000 Exception <a 'java/lang/NoSuchMethodError'{0x000000030d2cae50}: 'java.lang.Object java.lang.invoke.DirectMethodHandle$Holder.invokeStaticInit(java.lang.Object, java.lang.Object, java.lang.Object, java.lang.Object, java.lang.Object, java.lang.Object, java.lang.Object, java.lang.Object, java.lang.Object, java.lang.Object, java.lang.Object, java.lang.Object, java.lang.Object, java.lang.Object, java.lang.Object, java.lang.Object, java.lang.Object, java.lang.Object, java.lang.Object, int, java.lang.Object, java
Event: 10.349 Thread 0x000000082611e000 Exception <a 'java/lang/IncompatibleClassChangeError'{0x000000030d1e1fa0}: Found class java.lang.Object, but interface was expected> (0x000000030d1e1fa0) thrown at [src/hotspot/share/interpreter/linkResolver.cpp, line 839]
Event: 10.349 Thread 0x000000082611d000 Exception <a 'java/lang/IncompatibleClassChangeError'{0x000000030d008050}: Found class java.lang.Object, but interface was expected> (0x000000030d008050) thrown at [src/hotspot/share/interpreter/linkResolver.cpp, line 839]
Event: 10.349 Thread 0x0000000826ad6000 Exception <a 'java/lang/IncompatibleClassChangeError'{0x000000030cf228b0}: Found class java.lang.Object, but interface was expected> (0x000000030cf228b0) thrown at [src/hotspot/share/interpreter/linkResolver.cpp, line 839]
Event: 10.349 Thread 0x0000000826a28000 Exception <a 'java/lang/IncompatibleClassChangeError'{0x000000030d0c7528}: Found class java.lang.Object, but interface was expected> (0x000000030d0c7528) thrown at [src/hotspot/share/interpreter/linkResolver.cpp, line 839]
Event: 10.349 Thread 0x0000000826114000 Exception <a 'java/lang/IncompatibleClassChangeError'{0x000000030d263b00}: Found class java.lang.Object, but interface was expected> (0x000000030d263b00) thrown at [src/hotspot/share/interpreter/linkResolver.cpp, line 839]
Event: 10.349 Thread 0x000000082ab80000 Exception <a 'java/lang/IncompatibleClassChangeError'{0x000000030d00e2e0}: Found class java.lang.Object, but interface was expected> (0x000000030d00e2e0) thrown at [src/hotspot/share/interpreter/linkResolver.cpp, line 839]
Event: 10.349 Thread 0x0000000826115000 Exception <a 'java/lang/IncompatibleClassChangeError'{0x000000030d1d33f8}: Found class java.lang.Object, but interface was expected> (0x000000030d1d33f8) thrown at [src/hotspot/share/interpreter/linkResolver.cpp, line 839]
Event: 10.349 Thread 0x0000000826117000 Exception <a 'java/lang/IncompatibleClassChangeError'{0x000000030d1c98b0}: Found class java.lang.Object, but interface was expected> (0x000000030d1c98b0) thrown at [src/hotspot/share/interpreter/linkResolver.cpp, line 839]
Event: 10.349 Thread 0x0000000826ad4000 Exception <a 'java/lang/IncompatibleClassChangeError'{0x000000030d1eb880}: Found class java.lang.Object, but interface was expected> (0x000000030d1eb880) thrown at [src/hotspot/share/interpreter/linkResolver.cpp, line 839]

Events (20 events):
Event: 10.349 loading class com/android/tools/r8/internal/cd
Event: 10.349 loading class com/android/tools/r8/internal/cd done
Event: 10.349 loading class com/android/tools/r8/internal/s10
Event: 10.349 loading class com/android/tools/r8/internal/s10 done
Event: 10.349 loading class com/android/tools/r8/internal/s10
Event: 10.349 loading class com/android/tools/r8/internal/s10 done
Event: 10.349 loading class com/android/tools/r8/internal/s10
Event: 10.349 loading class com/android/tools/r8/internal/s10 done
Event: 10.349 loading class com/android/tools/r8/internal/s10
Event: 10.349 loading class com/android/tools/r8/internal/s10 done
Event: 10.349 loading class com/android/tools/r8/internal/s10
Event: 10.349 loading class com/android/tools/r8/internal/s10 done
Event: 10.349 loading class com/android/tools/r8/internal/s10
Event: 10.349 loading class com/android/tools/r8/internal/s10 done
Event: 10.349 loading class com/android/tools/r8/internal/s10
Event: 10.349 loading class com/android/tools/r8/internal/s10 done
Event: 10.349 loading class com/android/tools/r8/internal/s10
Event: 10.349 loading class com/android/tools/r8/internal/s10 done
Event: 10.349 loading class com/android/tools/r8/internal/s10
Event: 10.349 loading class com/android/tools/r8/internal/s10 done


Dynamic libraries:
0x0000000104264000 	/opt/homebrew/Cellar/openjdk@11/11.0.24/libexec/openjdk.jdk/Contents/Home/lib/jli/libjli.dylib
0x00000001a430b000 	/System/Library/Frameworks/Cocoa.framework/Versions/A/Cocoa
0x0000000189698000 	/System/Library/Frameworks/AppKit.framework/Versions/C/AppKit
0x000000018cd0c000 	/System/Library/Frameworks/CoreData.framework/Versions/A/CoreData
0x0000000186a92000 	/System/Library/Frameworks/Foundation.framework/Versions/C/Foundation
0x0000000194ccf000 	/usr/lib/libSystem.B.dylib
0x000000018adc5000 	/System/Library/PrivateFrameworks/UIFoundation.framework/Versions/A/UIFoundation
0x000000023eadd000 	/System/Library/PrivateFrameworks/CollectionViewCore.framework/Versions/A/CollectionViewCore
0x0000000192060000 	/System/Library/PrivateFrameworks/XCTTargetBootstrap.framework/Versions/A/XCTTargetBootstrap
0x0000000197738000 	/System/Library/PrivateFrameworks/InternationalSupport.framework/Versions/A/InternationalSupport
0x0000000197a92000 	/System/Library/PrivateFrameworks/UserActivity.framework/Versions/A/UserActivity
0x000000018d39c000 	/System/Library/PrivateFrameworks/BaseBoard.framework/Versions/A/BaseBoard
0x00000002472aa000 	/System/Library/PrivateFrameworks/FrontBoard.framework/Versions/A/FrontBoard
0x000000019f14b000 	/System/Library/PrivateFrameworks/FrontBoardServices.framework/Versions/A/FrontBoardServices
0x0000000283249000 	/usr/lib/libRosetta.dylib
0x0000000276afe000 	/System/Library/PrivateFrameworks/UIIntelligenceSupport.framework/Versions/A/UIIntelligenceSupport
0x00000002339e6000 	/System/Library/Frameworks/SwiftUICore.framework/Versions/A/SwiftUICore
0x000000027d0b2000 	/System/Library/PrivateFrameworks/WritingTools.framework/Versions/A/WritingTools
0x000000027bf03000 	/System/Library/PrivateFrameworks/WindowManagement.framework/Versions/A/WindowManagement
0x00000001866f1000 	/System/Library/Frameworks/SystemConfiguration.framework/Versions/A/SystemConfiguration
0x000000019696a000 	/usr/lib/libspindump.dylib
0x000000018af80000 	/System/Library/Frameworks/UniformTypeIdentifiers.framework/Versions/A/UniformTypeIdentifiers
0x0000000193f66000 	/usr/lib/libbsm.0.dylib
0x000000018f76a000 	/usr/lib/libapp_launch_measurement.dylib
0x000000018ea5f000 	/System/Library/PrivateFrameworks/CoreAnalytics.framework/Versions/A/CoreAnalytics
0x000000018f76e000 	/System/Library/PrivateFrameworks/CoreAutoLayout.framework/Versions/A/CoreAutoLayout
0x00000001915ab000 	/System/Library/Frameworks/Metal.framework/Versions/A/Metal
0x00000001929b3000 	/usr/lib/liblangid.dylib
0x0000000192066000 	/System/Library/PrivateFrameworks/CoreSVG.framework/Versions/A/CoreSVG
0x000000018b9e1000 	/System/Library/PrivateFrameworks/SkyLight.framework/Versions/A/SkyLight
0x0000000246fe3000 	/System/Library/PrivateFrameworks/FocusEngine.framework/Versions/A/FocusEngine
0x000000018bfa8000 	/System/Library/Frameworks/CoreGraphics.framework/Versions/A/CoreGraphics
0x0000000244bde000 	/System/Library/PrivateFrameworks/DesignLibrary.framework/Versions/A/DesignLibrary
0x000000019d413000 	/System/Library/Frameworks/Accelerate.framework/Versions/A/Accelerate
0x000000019675f000 	/System/Library/PrivateFrameworks/IconServices.framework/Versions/A/IconServices
0x0000000191583000 	/System/Library/Frameworks/IOSurface.framework/Versions/A/IOSurface
0x000000018ea8f000 	/usr/lib/libDiagnosticMessagesClient.dylib
0x0000000194c18000 	/usr/lib/libz.1.dylib
0x00000001a173b000 	/System/Library/Frameworks/ApplicationServices.framework/Versions/A/ApplicationServices
0x000000019204b000 	/System/Library/PrivateFrameworks/DFRFoundation.framework/Versions/A/DFRFoundation
0x0000000188ee7000 	/usr/lib/libicucore.A.dylib
0x0000000198ccf000 	/System/Library/Frameworks/AudioToolbox.framework/Versions/A/AudioToolbox
0x0000000197a40000 	/System/Library/PrivateFrameworks/DataDetectorsCore.framework/Versions/A/DataDetectorsCore
0x0000000277711000 	/System/Library/PrivateFrameworks/UpdateCycle.framework/Versions/A/UpdateCycle
0x00000001b5936000 	/System/Library/PrivateFrameworks/TextInput.framework/Versions/A/TextInput
0x000000018b923000 	/usr/lib/libMobileGestalt.dylib
0x0000000191d47000 	/System/Library/Frameworks/Carbon.framework/Versions/A/Frameworks/HIToolbox.framework/Versions/A/HIToolbox
0x000000018efc4000 	/System/Library/Frameworks/QuartzCore.framework/Versions/A/QuartzCore
0x0000000188ac2000 	/System/Library/Frameworks/Security.framework/Versions/A/Security
0x000000019cd92000 	/System/Library/Frameworks/Carbon.framework/Versions/A/Frameworks/SpeechRecognition.framework/Versions/A/SpeechRecognition
0x000000018f439000 	/System/Library/PrivateFrameworks/CoreUI.framework/Versions/A/CoreUI
0x0000000188310000 	/System/Library/Frameworks/CoreAudio.framework/Versions/A/CoreAudio
0x000000018eb83000 	/System/Library/Frameworks/DiskArbitration.framework/Versions/A/DiskArbitration
0x0000000196f12000 	/System/Library/PrivateFrameworks/MultitouchSupport.framework/Versions/A/MultitouchSupport
0x000000018b921000 	/usr/lib/libenergytrace.dylib
0x00000001a8e1a000 	/System/Library/PrivateFrameworks/RenderBox.framework/Versions/A/RenderBox
0x000000018953f000 	/System/Library/Frameworks/IOKit.framework/Versions/A/IOKit
0x000000019d19c000 	/System/Library/Frameworks/CoreServices.framework/Versions/A/CoreServices
0x000000018f6fb000 	/System/Library/PrivateFrameworks/PerformanceAnalysis.framework/Versions/A/PerformanceAnalysis
0x00000002293d0000 	/System/Library/Frameworks/OpenGL.framework/Versions/A/OpenGL
0x000000018f7b8000 	/usr/lib/libxml2.2.dylib
0x0000000193e47000 	/System/Library/PrivateFrameworks/MobileKeyBag.framework/Versions/A/MobileKeyBag
0x0000000184da8000 	/usr/lib/libobjc.A.dylib
0x000000018510e000 	/usr/lib/libc++.1.dylib
0x000000019d119000 	/System/Library/Frameworks/Accessibility.framework/Versions/A/Accessibility
0x000000018c702000 	/System/Library/Frameworks/ColorSync.framework/Versions/A/ColorSync
0x000000018523f000 	/System/Library/Frameworks/CoreFoundation.framework/Versions/A/CoreFoundation
0x00000001923f3000 	/System/Library/Frameworks/CoreImage.framework/Versions/A/CoreImage
0x00000001880e3000 	/System/Library/Frameworks/CoreText.framework/Versions/A/CoreText
0x000000022acda000 	/System/Library/Frameworks/CoreTransferable.framework/Versions/A/CoreTransferable
0x000000022b216000 	/System/Library/Frameworks/DataDetection.framework/Versions/A/DataDetection
0x000000022b22b000 	/System/Library/Frameworks/DeveloperToolsSupport.framework/Versions/A/DeveloperToolsSupport
0x00000001920a4000 	/System/Library/Frameworks/ImageIO.framework/Versions/A/ImageIO
0x000000023495b000 	/System/Library/Frameworks/Symbols.framework/Versions/A/Symbols
0x00000001bab5b000 	/System/Library/PrivateFrameworks/AttributeGraph.framework/Versions/A/AttributeGraph
0x000000019f22a000 	/System/Library/PrivateFrameworks/BoardServices.framework/Versions/A/BoardServices
0x00000001df31a000 	/System/Library/PrivateFrameworks/FeatureFlags.framework/Versions/A/FeatureFlags
0x0000000250223000 	/System/Library/PrivateFrameworks/Gestures.framework/Versions/A/Gestures
0x0000000194cd4000 	/System/Library/PrivateFrameworks/SoftLinking.framework/Versions/A/SoftLinking
0x00000001c93ff000 	/usr/lib/swift/libswiftAccelerate.dylib
0x00000001bf876000 	/usr/lib/swift/libswiftCompression.dylib
0x0000000198637000 	/usr/lib/swift/libswiftCore.dylib
0x00000001b1c07000 	/usr/lib/swift/libswiftCoreFoundation.dylib
0x00000001b1c60000 	/usr/lib/swift/libswiftCoreImage.dylib
0x000000019eec6000 	/usr/lib/swift/libswiftDispatch.dylib
0x00000001b1c61000 	/usr/lib/swift/libswiftIOKit.dylib
0x00000001bf869000 	/usr/lib/swift/libswiftMetal.dylib
0x00000001cebee000 	/usr/lib/swift/libswiftOSLog.dylib
0x00000001a1d8c000 	/usr/lib/swift/libswiftObjectiveC.dylib
0x000000028448a000 	/usr/lib/swift/libswiftObservation.dylib
0x00000001c4b82000 	/usr/lib/swift/libswiftQuartzCore.dylib
0x00000002845c9000 	/usr/lib/swift/libswiftSynchronization.dylib
0x00000001c93f0000 	/usr/lib/swift/libswiftUniformTypeIdentifiers.dylib
0x00000001b1c19000 	/usr/lib/swift/libswiftXPC.dylib
0x0000000284603000 	/usr/lib/swift/libswift_Builtin_float.dylib
0x0000000284606000 	/usr/lib/swift/libswift_Concurrency.dylib
0x00000001a1d90000 	/usr/lib/swift/libswiftos.dylib
0x00000001b56c6000 	/usr/lib/swift/libswiftsimd.dylib
0x0000000194efb000 	/usr/lib/libcompression.dylib
0x0000000197698000 	/System/Library/PrivateFrameworks/TextureIO.framework/Versions/A/TextureIO
0x000000018c8ae000 	/System/Library/Frameworks/ApplicationServices.framework/Versions/A/Frameworks/HIServices.framework/Versions/A/HIServices
0x00000001963e8000 	/usr/lib/libate.dylib
0x0000000194cc9000 	/usr/lib/system/libcache.dylib
0x0000000194c84000 	/usr/lib/system/libcommonCrypto.dylib
0x0000000194caf000 	/usr/lib/system/libcompiler_rt.dylib
0x0000000194ca4000 	/usr/lib/system/libcopyfile.dylib
0x0000000184f48000 	/usr/lib/system/libcorecrypto.dylib
0x0000000185041000 	/usr/lib/system/libdispatch.dylib
0x0000000184dfc000 	/usr/lib/system/libdyld.dylib
0x0000000194cbf000 	/usr/lib/system/libkeymgr.dylib
0x0000000194c67000 	/usr/lib/system/libmacho.dylib
0x0000000193f3e000 	/usr/lib/system/libquarantine.dylib
0x0000000194cbc000 	/usr/lib/system/libremovefile.dylib
0x000000018b9a4000 	/usr/lib/system/libsystem_asl.dylib
0x0000000184ecd000 	/usr/lib/system/libsystem_blocks.dylib
0x000000018508b000 	/usr/lib/system/libsystem_c.dylib
0x0000000194cb3000 	/usr/lib/system/libsystem_collections.dylib
0x00000001929a0000 	/usr/lib/system/libsystem_configuration.dylib
0x000000019154a000 	/usr/lib/system/libsystem_containermanager.dylib
0x00000001946ce000 	/usr/lib/system/libsystem_coreservices.dylib
0x00000001891b9000 	/usr/lib/system/libsystem_darwin.dylib
0x0000000284959000 	/usr/lib/system/libsystem_darwindirectory.dylib
0x0000000194cc0000 	/usr/lib/system/libsystem_dnssd.dylib
0x000000028495d000 	/usr/lib/system/libsystem_eligibility.dylib
0x0000000185088000 	/usr/lib/system/libsystem_featureflags.dylib
0x000000018520f000 	/usr/lib/system/libsystem_info.dylib
0x0000000194c28000 	/usr/lib/system/libsystem_m.dylib
0x0000000184ff5000 	/usr/lib/system/libsystem_malloc.dylib
0x000000018b906000 	/usr/lib/system/libsystem_networkextension.dylib
0x000000018962a000 	/usr/lib/system/libsystem_notify.dylib
0x00000001929a5000 	/usr/lib/system/libsystem_sandbox.dylib
0x0000000284967000 	/usr/lib/system/libsystem_sanitizers.dylib
0x0000000194cb8000 	/usr/lib/system/libsystem_secinit.dylib
0x00000001851bc000 	/usr/lib/system/libsystem_kernel.dylib
0x0000000185206000 	/usr/lib/system/libsystem_platform.dylib
0x00000001851f9000 	/usr/lib/system/libsystem_pthread.dylib
0x000000018d580000 	/usr/lib/system/libsystem_symptoms.dylib
0x0000000184f27000 	/usr/lib/system/libsystem_trace.dylib
0x000000028496f000 	/usr/lib/system/libsystem_trial.dylib
0x0000000194c92000 	/usr/lib/system/libunwind.dylib
0x0000000184ed1000 	/usr/lib/system/libxpc.dylib
0x00000001851a1000 	/usr/lib/libc++abi.dylib
0x000000028419a000 	/usr/lib/libswiftPrespecialized.dylib
0x0000000194cd1000 	/usr/lib/libfakelink.dylib
0x000000018b54a000 	/System/Library/Frameworks/CFNetwork.framework/Versions/A/CFNetwork
0x0000000194d25000 	/usr/lib/libarchive.2.dylib
0x000000019aea7000 	/System/Library/Frameworks/Combine.framework/Versions/A/Combine
0x000000023eb02000 	/System/Library/PrivateFrameworks/CollectionsInternal.framework/Versions/A/CollectionsInternal
0x0000000265c81000 	/System/Library/PrivateFrameworks/ReflectionInternal.framework/Versions/A/ReflectionInternal
0x0000000266b0d000 	/System/Library/PrivateFrameworks/RuntimeInternal.framework/Versions/A/RuntimeInternal
0x00000001aeaae000 	/usr/lib/swift/libswiftDarwin.dylib
0x00000002845d1000 	/usr/lib/swift/libswiftSystem.dylib
0x0000000284690000 	/usr/lib/swift/libswift_DarwinFoundation1.dylib
0x0000000284771000 	/usr/lib/swift/libswift_StringProcessing.dylib
0x00000001894be000 	/System/Library/PrivateFrameworks/CoreServicesInternal.framework/Versions/A/CoreServicesInternal
0x0000000194c9c000 	/usr/lib/liboah.dylib
0x00000001a11d9000 	/System/Library/PrivateFrameworks/DiskImages.framework/Versions/A/DiskImages
0x00000001ae570000 	/System/Library/Frameworks/NetFS.framework/Versions/A/NetFS
0x000000018f732000 	/System/Library/Frameworks/CoreServices.framework/Versions/A/Frameworks/FSEvents.framework/Versions/A/FSEvents
0x00000001891c4000 	/System/Library/Frameworks/CoreServices.framework/Versions/A/Frameworks/CarbonCore.framework/Versions/A/CarbonCore
0x000000018eaf7000 	/System/Library/Frameworks/CoreServices.framework/Versions/A/Frameworks/Metadata.framework/Versions/A/Metadata
0x00000001946d6000 	/System/Library/Frameworks/CoreServices.framework/Versions/A/Frameworks/OSServices.framework/Versions/A/OSServices
0x0000000194e1d000 	/System/Library/Frameworks/CoreServices.framework/Versions/A/Frameworks/SearchKit.framework/Versions/A/SearchKit
0x000000018d4f9000 	/System/Library/Frameworks/CoreServices.framework/Versions/A/Frameworks/AE.framework/Versions/A/AE
0x0000000185789000 	/System/Library/Frameworks/CoreServices.framework/Versions/A/Frameworks/LaunchServices.framework/Versions/A/LaunchServices
0x000000019623e000 	/System/Library/Frameworks/CoreServices.framework/Versions/A/Frameworks/DictionaryServices.framework/Versions/A/DictionaryServices
0x000000018f740000 	/System/Library/Frameworks/CoreServices.framework/Versions/A/Frameworks/SharedFileList.framework/Versions/A/SharedFileList
0x0000000194eb2000 	/usr/lib/libapple_nghttp2.dylib
0x000000018d113000 	/usr/lib/libsqlite3.dylib
0x00000001a1421000 	/System/Library/PrivateFrameworks/AppSupport.framework/Versions/A/AppSupport
0x0000000199369000 	/System/Library/Frameworks/GSS.framework/Versions/A/GSS
0x000000018d48d000 	/System/Library/PrivateFrameworks/RunningBoardServices.framework/Versions/A/RunningBoardServices
0x00000001a1d1a000 	/System/Library/PrivateFrameworks/StreamingZip.framework/Versions/A/StreamingZip
0x000000018d589000 	/System/Library/Frameworks/Network.framework/Versions/A/Network
0x0000000194c6b000 	/usr/lib/system/libkxld.dylib
0x000000023a363000 	/System/Library/PrivateFrameworks/AppleKeyStore.framework/Versions/A/AppleKeyStore
0x0000000282f2c000 	/usr/lib/libCoreEntitlements.dylib
0x000000025bb53000 	/System/Library/PrivateFrameworks/MessageSecurity.framework/Versions/A/MessageSecurity
0x000000018d0f7000 	/System/Library/PrivateFrameworks/ProtocolBuffer.framework/Versions/A/ProtocolBuffer
0x000000019e2c7000 	/System/Library/PrivateFrameworks/SymptomDiagnosticReporter.framework/Versions/A/SymptomDiagnosticReporter
0x0000000196482000 	/System/Library/PrivateFrameworks/CrashReporterSupport.framework/Versions/A/CrashReporterSupport
0x00000001946b5000 	/System/Library/PrivateFrameworks/AppleFSCompression.framework/Versions/A/AppleFSCompression
0x0000000193f4e000 	/usr/lib/libcoretls.dylib
0x00000001962b5000 	/usr/lib/libcoretls_cfhelpers.dylib
0x0000000194ef4000 	/usr/lib/libpam.2.dylib
0x0000000196327000 	/usr/lib/libxar.1.dylib
0x00000001962b7000 	/System/Library/PrivateFrameworks/APFS.framework/Versions/A/APFS
0x00000002715b9000 	/System/Library/PrivateFrameworks/SwiftASN1Internal.framework/Versions/A/SwiftASN1Internal
0x0000000196336000 	/usr/lib/libutil.dylib
0x00000001929ae000 	/System/Library/PrivateFrameworks/AppleSystemInfo.framework/Versions/A/AppleSystemInfo
0x0000000193c36000 	/System/Library/PrivateFrameworks/IOMobileFramebuffer.framework/Versions/A/IOMobileFramebuffer
0x00000001b1acd000 	/System/Library/PrivateFrameworks/LoggingSupport.framework/Versions/A/LoggingSupport
0x00000001993cc000 	/System/Library/PrivateFrameworks/MobileAsset.framework/Versions/A/MobileAsset
0x000000019e2d7000 	/System/Library/PrivateFrameworks/PowerLog.framework/Versions/A/PowerLog
0x0000000233878000 	/System/Library/Frameworks/SwiftData.framework/Versions/A/SwiftData
0x000000018f965000 	/System/Library/PrivateFrameworks/UserManagement.framework/Versions/A/UserManagement
0x000000018b475000 	/usr/lib/libboringssl.dylib
0x000000018d56e000 	/usr/lib/libdns_services.dylib
0x00000001b0b04000 	/usr/lib/libquic.dylib
0x00000001985c7000 	/usr/lib/libusrtcp.dylib
0x000000023b155000 	/System/Library/PrivateFrameworks/AtomicsInternal.framework/Versions/A/AtomicsInternal
0x00000001d747a000 	/System/Library/PrivateFrameworks/InternalSwiftProtobuf.framework/Versions/A/InternalSwiftProtobuf
0x0000000284461000 	/usr/lib/swift/libswiftDistributed.dylib
0x00000001929ac000 	/System/Library/PrivateFrameworks/AggregateDictionary.framework/Versions/A/AggregateDictionary
0x000000023b8e8000 	/System/Library/PrivateFrameworks/BiomeLibrary.framework/Versions/A/BiomeLibrary
0x00000001c0889000 	/System/Library/PrivateFrameworks/BiomeStreams.framework/Versions/A/BiomeStreams
0x00000001bca54000 	/System/Library/PrivateFrameworks/BiomeFoundation.framework/Versions/A/BiomeFoundation
0x00000001c694a000 	/System/Library/PrivateFrameworks/BiomePubSub.framework/Versions/A/BiomePubSub
0x00000001a2d46000 	/System/Library/PrivateFrameworks/ProactiveSupport.framework/Versions/A/ProactiveSupport
0x0000000196296000 	/usr/lib/liblzma.5.dylib
0x00000001a173c000 	/System/Library/PrivateFrameworks/InternationalTextSearch.framework/Versions/A/InternationalTextSearch
0x00000001b8f58000 	/System/Library/PrivateFrameworks/SoftwareUpdateCoreSupport.framework/Versions/A/SoftwareUpdateCoreSupport
0x00000001c130d000 	/System/Library/PrivateFrameworks/SoftwareUpdateCoreConnect.framework/Versions/A/SoftwareUpdateCoreConnect
0x00000001a12d7000 	/System/Library/PrivateFrameworks/RemoteServiceDiscovery.framework/Versions/A/RemoteServiceDiscovery
0x00000001b8b4f000 	/System/Library/PrivateFrameworks/MSUDataAccessor.framework/Versions/A/MSUDataAccessor
0x00000001b3c29000 	/usr/lib/libbootpolicy.dylib
0x00000001a12ee000 	/System/Library/PrivateFrameworks/RemoteXPC.framework/Versions/A/RemoteXPC
0x00000001c0755000 	/usr/lib/libFDR.dylib
0x00000001c656b000 	/usr/lib/libamsupport.dylib
0x0000000283241000 	/usr/lib/libReverseProxyDevice.dylib
0x0000000239c8c000 	/System/Library/PrivateFrameworks/AppleDeviceQuerySupport.framework/Versions/A/AppleDeviceQuerySupport
0x00000001c95ff000 	/usr/lib/libpartition2_dynamic.dylib
0x0000000194e8e000 	/System/Library/PrivateFrameworks/AppleSauce.framework/Versions/A/AppleSauce
0x0000000282dcd000 	/usr/lib/libAppleArchive.dylib
0x00000001946c1000 	/usr/lib/libbz2.1.0.dylib
0x000000018eb8d000 	/System/Library/Frameworks/Accelerate.framework/Versions/A/Frameworks/vImage.framework/Versions/A/vImage
0x000000019d176000 	/System/Library/Frameworks/Accelerate.framework/Versions/A/Frameworks/vecLib.framework/Versions/A/vecLib
0x000000019636d000 	/System/Library/Frameworks/Accelerate.framework/Versions/A/Frameworks/vecLib.framework/Versions/A/libvMisc.dylib
0x0000000185c89000 	/System/Library/Frameworks/Accelerate.framework/Versions/A/Frameworks/vecLib.framework/Versions/A/libBLAS.dylib
0x000000018f89f000 	/System/Library/Frameworks/CoreVideo.framework/Versions/A/CoreVideo
0x0000000198f70000 	/System/Library/Frameworks/ApplicationServices.framework/Versions/A/Frameworks/ATS.framework/Versions/A/ATS
0x0000000197621000 	/System/Library/Frameworks/ApplicationServices.framework/Versions/A/Frameworks/PrintCore.framework/Versions/A/PrintCore
0x0000000199332000 	/System/Library/Frameworks/ApplicationServices.framework/Versions/A/Frameworks/QD.framework/Versions/A/QD
0x000000019932d000 	/System/Library/Frameworks/ApplicationServices.framework/Versions/A/Frameworks/ColorSyncLegacy.framework/Versions/A/ColorSyncLegacy
0x0000000198f42000 	/System/Library/Frameworks/ApplicationServices.framework/Versions/A/Frameworks/SpeechSynthesis.framework/Versions/A/SpeechSynthesis
0x0000000191a75000 	/System/Library/PrivateFrameworks/FontServices.framework/libFontParser.dylib
0x00000001a0ffd000 	/System/Library/PrivateFrameworks/BackBoardServices.framework/Versions/A/BackBoardServices
0x000000023b801000 	/System/Library/PrivateFrameworks/BackBoardHIDEventFoundation.framework/Versions/A/BackBoardHIDEventFoundation
0x0000000187bf4000 	/System/Library/Frameworks/CoreDisplay.framework/Versions/A/CoreDisplay
0x0000000196f58000 	/System/Library/Frameworks/VideoToolbox.framework/Versions/A/VideoToolbox
0x0000000194ef2000 	/System/Library/Frameworks/MetalPerformanceShaders.framework/Versions/A/MetalPerformanceShaders
0x0000000264ced000 	/System/Library/PrivateFrameworks/ProDisplayLibrary.framework/Versions/A/ProDisplayLibrary
0x00000001a4ddd000 	/System/Library/PrivateFrameworks/IOSurfaceAccelerator.framework/Versions/A/IOSurfaceAccelerator
0x00000001915a0000 	/System/Library/PrivateFrameworks/IOAccelerator.framework/Versions/A/IOAccelerator
0x00000001918b8000 	/System/Library/Frameworks/CoreMedia.framework/Versions/A/CoreMedia
0x000000018b9bc000 	/System/Library/PrivateFrameworks/TCC.framework/Versions/A/TCC
0x0000000196f10000 	/System/Library/PrivateFrameworks/WatchdogClient.framework/Versions/A/WatchdogClient
0x00000001b1be7000 	/usr/lib/swift/libswiftCoreAudio.dylib
0x00000001cd447000 	/usr/lib/swift/libswiftCoreMedia.dylib
0x00000002845eb000 	/usr/lib/swift/libswiftVideoToolbox.dylib
0x00000001c69a8000 	/System/Library/PrivateFrameworks/BiomeStorage.framework/Versions/A/BiomeStorage
0x00000002561b3000 	/System/Library/PrivateFrameworks/IntelligencePlatformLibrary.framework/Versions/A/IntelligencePlatformLibrary
0x0000000263fec000 	/System/Library/PrivateFrameworks/PoirotSchematizer.framework/Versions/A/PoirotSchematizer
0x000000023c130000 	/System/Library/PrivateFrameworks/BiomeSync.framework/Versions/A/BiomeSync
0x000000023b8ce000 	/System/Library/PrivateFrameworks/BiomeDSL.framework/Versions/A/BiomeDSL
0x0000000264056000 	/System/Library/PrivateFrameworks/PoirotUDFs.framework/Versions/A/PoirotUDFs
0x0000000263fbb000 	/System/Library/PrivateFrameworks/PoirotSQLite.framework/Versions/A/PoirotSQLite
0x000000019f747000 	/System/Library/PrivateFrameworks/CoreTime.framework/Versions/A/CoreTime
0x0000000194d0a000 	/usr/lib/libiconv.2.dylib
0x0000000194c66000 	/usr/lib/libcharset.1.dylib
0x00000002846d1000 	/usr/lib/swift/libswift_RegexParser.dylib
0x000000023d741000 	/System/Library/PrivateFrameworks/CascadeSets.framework/Versions/A/CascadeSets
0x000000019953c000 	/System/Library/PrivateFrameworks/CorePhoneNumbers.framework/Versions/A/CorePhoneNumbers
0x0000000196cf8000 	/System/Library/PrivateFrameworks/AppleJPEG.framework/Versions/A/AppleJPEG
0x00000001966da000 	/usr/lib/libexpat.1.dylib
0x00000001974f4000 	/System/Library/Frameworks/ImageIO.framework/Versions/A/Resources/libPng.dylib
0x0000000197520000 	/System/Library/Frameworks/ImageIO.framework/Versions/A/Resources/libTIFF.dylib
0x000000019760a000 	/System/Library/Frameworks/ImageIO.framework/Versions/A/Resources/libGIF.dylib
0x0000000196d3d000 	/System/Library/Frameworks/ImageIO.framework/Versions/A/Resources/libJP2.dylib
0x00000001975b0000 	/System/Library/Frameworks/ImageIO.framework/Versions/A/Resources/libJPEG.dylib
0x00000001975a7000 	/System/Library/Frameworks/ImageIO.framework/Versions/A/Resources/libRadiance.dylib
0x000000024c991000 	/System/Library/PrivateFrameworks/GPUCompiler.framework/Versions/32023/Libraries/libllvm-flatbuffers.dylib
0x000000024729d000 	/System/Library/PrivateFrameworks/FramePacing.framework/Versions/A/FramePacing
0x00000002293c2000 	/System/Library/Frameworks/OpenGL.framework/Versions/A/Libraries/libCoreFSCache.dylib
0x00000002483de000 	/System/Library/PrivateFrameworks/GPUCompiler.framework/Versions/32023/Libraries/libGPUCompilerUtils.dylib
0x000000019f2f7000 	/System/Library/PrivateFrameworks/GraphicsServices.framework/Versions/A/GraphicsServices
0x00000001a2ed2000 	/System/Library/PrivateFrameworks/ASEProcessing.framework/Versions/A/ASEProcessing
0x00000001d2c49000 	/System/Library/PrivateFrameworks/Symbolication.framework/Versions/A/Symbolication
0x0000000263bd8000 	/System/Library/PrivateFrameworks/PhotosensitivityProcessing.framework/Versions/A/PhotosensitivityProcessing
0x0000000266d46000 	/System/Library/PrivateFrameworks/SILManager.framework/Versions/A/SILManager
0x000000019690c000 	/System/Library/PrivateFrameworks/GraphVisualizer.framework/Versions/A/GraphVisualizer
0x0000000229421000 	/System/Library/Frameworks/OpenGL.framework/Versions/A/Libraries/libGLU.dylib
0x00000002293e4000 	/System/Library/Frameworks/OpenGL.framework/Versions/A/Libraries/libGFXShared.dylib
0x00000002295b0000 	/System/Library/Frameworks/OpenGL.framework/Versions/A/Libraries/libGL.dylib
0x00000002293ed000 	/System/Library/Frameworks/OpenGL.framework/Versions/A/Libraries/libGLImage.dylib
0x00000002293e1000 	/System/Library/Frameworks/OpenGL.framework/Versions/A/Libraries/libCVMSPluginSupport.dylib
0x00000002293ca000 	/System/Library/Frameworks/OpenGL.framework/Versions/A/Libraries/libCoreVMClient.dylib
0x00000002471a8000 	/System/Library/PrivateFrameworks/FontServices.framework/Versions/A/FontServices
0x000000019691c000 	/System/Library/PrivateFrameworks/OTSVG.framework/Versions/A/OTSVG
0x000000018f3e6000 	/System/Library/Frameworks/ApplicationServices.framework/Versions/A/Frameworks/ATS.framework/Versions/A/Resources/libFontRegistry.dylib
0x0000000283751000 	/usr/lib/libhvf.dylib
0x0000000260a10000 	/System/Library/PrivateFrameworks/ParsingInternal.framework/Versions/A/ParsingInternal
0x00000002471ac000 	/System/Library/PrivateFrameworks/FontServices.framework/libXTFontStaticRegistryData.dylib
0x00000001928eb000 	/System/Library/Frameworks/MetalPerformanceShaders.framework/Versions/A/Frameworks/MPSCore.framework/Versions/A/MPSCore
0x0000000194620000 	/System/Library/Frameworks/MetalPerformanceShaders.framework/Versions/A/Frameworks/MPSImage.framework/Versions/A/MPSImage
0x0000000193ff1000 	/System/Library/Frameworks/MetalPerformanceShaders.framework/Versions/A/Frameworks/MPSNeuralNetwork.framework/Versions/A/MPSNeuralNetwork
0x0000000194429000 	/System/Library/Frameworks/MetalPerformanceShaders.framework/Versions/A/Frameworks/MPSMatrix.framework/Versions/A/MPSMatrix
0x000000019423e000 	/System/Library/Frameworks/MetalPerformanceShaders.framework/Versions/A/Frameworks/MPSRayIntersector.framework/Versions/A/MPSRayIntersector
0x000000019445b000 	/System/Library/Frameworks/MetalPerformanceShaders.framework/Versions/A/Frameworks/MPSNDArray.framework/Versions/A/MPSNDArray
0x000000022d559000 	/System/Library/Frameworks/MetalPerformanceShaders.framework/Versions/A/Frameworks/MPSFunctions.framework/Versions/A/MPSFunctions
0x000000022d53a000 	/System/Library/Frameworks/MetalPerformanceShaders.framework/Versions/A/Frameworks/MPSBenchmarkLoop.framework/Versions/A/MPSBenchmarkLoop
0x000000022d56e000 	/System/Library/Frameworks/MetalPerformanceShaders.framework/Versions/A/Frameworks/MPSHost.framework/Versions/A/MPSHost
0x0000000185aa5000 	/System/Library/PrivateFrameworks/MetalTools.framework/Versions/A/MetalTools
0x00000001b6d72000 	/System/Library/PrivateFrameworks/IOAccelMemoryInfo.framework/Versions/A/IOAccelMemoryInfo
0x00000001c4f78000 	/System/Library/PrivateFrameworks/kperf.framework/Versions/A/kperf
0x00000001b1be3000 	/System/Library/PrivateFrameworks/GPURawCounter.framework/Versions/A/GPURawCounter
0x000000019f630000 	/System/Library/PrivateFrameworks/CoreSymbolication.framework/Versions/A/CoreSymbolication
0x00000001b1b5a000 	/System/Library/PrivateFrameworks/MallocStackLogging.framework/Versions/A/MallocStackLogging
0x000000019f60d000 	/System/Library/PrivateFrameworks/DebugSymbols.framework/Versions/A/DebugSymbols
0x00000001c37de000 	/System/Library/PrivateFrameworks/OSAnalytics.framework/Versions/A/OSAnalytics
0x0000000245095000 	/System/Library/PrivateFrameworks/DeviceRecovery.framework/Versions/A/DeviceRecovery
0x000000022b370000 	/System/Library/Frameworks/ExtensionFoundation.framework/Versions/A/ExtensionFoundation
0x000000019695d000 	/System/Library/PrivateFrameworks/AppServerSupport.framework/Versions/A/AppServerSupport
0x000000022c6d8000 	/System/Library/Frameworks/LightweightCodeRequirements.framework/Versions/A/LightweightCodeRequirements
0x00000001965d9000 	/System/Library/PrivateFrameworks/PlugInKit.framework/Versions/A/PlugInKit
0x0000000193e5f000 	/System/Library/PrivateFrameworks/AssertionServices.framework/Versions/A/AssertionServices
0x00000001966ff000 	/System/Library/PrivateFrameworks/IconFoundation.framework/Versions/A/IconFoundation
0x00000002530b5000 	/System/Library/PrivateFrameworks/IconRendering.framework/Versions/A/IconRendering
0x0000000266cbe000 	/System/Library/PrivateFrameworks/SFSymbols.framework/Versions/A/SFSymbols
0x0000000187d18000 	/System/Library/PrivateFrameworks/AudioToolboxCore.framework/Versions/A/AudioToolboxCore
0x0000000198eaa000 	/System/Library/PrivateFrameworks/AudioSession.framework/Versions/A/AudioSession
0x00000001a411e000 	/System/Library/Frameworks/CoreMIDI.framework/Versions/A/CoreMIDI
0x0000000198f29000 	/usr/lib/libAudioStatistics.dylib
0x000000019188f000 	/System/Library/PrivateFrameworks/caulk.framework/Versions/A/caulk
0x00000001974ce000 	/usr/lib/libAudioToolboxUtility.dylib
0x00000001b8398000 	/usr/lib/swift/libswiftCoreMIDI.dylib
0x000000019933b000 	/System/Library/PrivateFrameworks/perfdata.framework/Versions/A/perfdata
0x00000001b0c01000 	/System/Library/PrivateFrameworks/SystemPolicy.framework/Versions/A/SystemPolicy
0x00000001991e0000 	/usr/lib/libSMC.dylib
0x0000000199349000 	/usr/lib/libperfcheck.dylib
0x000000023b215000 	/System/Library/PrivateFrameworks/AudioAnalytics.framework/Versions/A/AudioAnalytics
0x0000000284694000 	/usr/lib/swift/libswift_DarwinFoundation2.dylib
0x0000000284695000 	/usr/lib/swift/libswift_DarwinFoundation3.dylib
0x00000001d7177000 	/System/Library/Frameworks/OSLog.framework/Versions/A/OSLog
0x00000001b1b8c000 	/usr/lib/libmis.dylib
0x000000019681d000 	/System/Library/PrivateFrameworks/MediaExperience.framework/Versions/A/MediaExperience
0x0000000198c78000 	/System/Library/PrivateFrameworks/AudioSession.framework/libSessionUtility.dylib
0x0000000197610000 	/System/Library/PrivateFrameworks/CMCaptureCore.framework/Versions/A/CMCaptureCore
0x000000019e1c1000 	/System/Library/Frameworks/CoreBluetooth.framework/Versions/A/CoreBluetooth
0x0000000193ccb000 	/System/Library/PrivateFrameworks/CoreUtils.framework/Versions/A/CoreUtils
0x00000001a9b41000 	/System/Library/PrivateFrameworks/HID.framework/Versions/A/HID
0x0000000244492000 	/System/Library/PrivateFrameworks/CoreUtilsExtras.framework/Versions/A/CoreUtilsExtras
0x000000025300a000 	/System/Library/PrivateFrameworks/IO80211.framework/Versions/A/IO80211
0x000000019abfa000 	/System/Library/Frameworks/IOBluetooth.framework/Versions/A/IOBluetooth
0x000000023ae03000 	/System/Library/PrivateFrameworks/ArgumentParserInternal.framework/Versions/A/ArgumentParserInternal
0x0000000196479000 	/usr/lib/libIOReport.dylib
0x0000000193e6e000 	/System/Library/Frameworks/SecurityFoundation.framework/Versions/A/SecurityFoundation
0x0000000186469000 	/System/Library/PrivateFrameworks/Lexicon.framework/Versions/A/Lexicon
0x0000000193fd9000 	/usr/lib/libgermantok.dylib
0x0000000192ad7000 	/System/Library/PrivateFrameworks/LinguisticData.framework/Versions/A/LinguisticData
0x000000019e3c9000 	/System/Library/PrivateFrameworks/MediaKit.framework/Versions/A/MediaKit
0x000000019e314000 	/System/Library/Frameworks/DiscRecording.framework/Versions/A/DiscRecording
0x00000001966f5000 	/usr/lib/libheimdal-asn1.dylib
0x00000001a1cf0000 	/System/Library/Frameworks/AudioUnit.framework/Versions/A/AudioUnit
0x000000018f705000 	/System/Library/Frameworks/OpenDirectory.framework/Versions/A/OpenDirectory
0x000000018f713000 	/System/Library/Frameworks/OpenDirectory.framework/Versions/A/Frameworks/CFOpenDirectory.framework/Versions/A/CFOpenDirectory
0x0000000229934000 	/System/Library/Frameworks/AVFAudio.framework/Versions/A/AVFAudio
0x00000001aab12000 	/usr/lib/libAccessibility.dylib
0x0000000256d5a000 	/System/Library/PrivateFrameworks/IsolatedCoreAudioClient.framework/Versions/A/IsolatedCoreAudioClient
0x0000000274b94000 	/System/Library/PrivateFrameworks/Tightbeam.framework/Versions/A/Tightbeam
0x0000000240390000 	/System/Library/PrivateFrameworks/CoreAudioOrchestration.framework/Versions/A/CoreAudioOrchestration
0x00000001c9b52000 	/System/Library/PrivateFrameworks/AFKUser.framework/Versions/A/AFKUser
0x000000019d463000 	/System/Library/Frameworks/MediaAccessibility.framework/Versions/A/MediaAccessibility
0x0000000278db3000 	/System/Library/PrivateFrameworks/VideoToolboxParavirtualizationSupport.framework/Versions/A/VideoToolboxParavirtualizationSupport
0x0000000196691000 	/System/Library/PrivateFrameworks/AppleVA.framework/Versions/A/AppleVA
0x00000001975a2000 	/System/Library/PrivateFrameworks/GPUWrangler.framework/Versions/A/GPUWrangler
0x0000000197582000 	/System/Library/PrivateFrameworks/IOPresentment.framework/Versions/A/IOPresentment
0x00000001975aa000 	/System/Library/PrivateFrameworks/DSExternalDisplay.framework/Versions/A/DSExternalDisplay
0x000000023ac5a000 	/System/Library/PrivateFrameworks/AppleMobileFileIntegrity.framework/Versions/A/AppleMobileFileIntegrity
0x00000002832ce000 	/usr/lib/libTLE.dylib
0x00000001e847d000 	/System/Library/PrivateFrameworks/ConfigProfileHelper.framework/Versions/A/ConfigProfileHelper
0x00000001dd28a000 	/usr/lib/libedit.3.dylib
0x00000002582da000 	/System/Library/PrivateFrameworks/MIL.framework/Versions/A/MIL
0x00000001b6d35000 	/usr/lib/libncurses.5.4.dylib
0x0000000193c00000 	/System/Library/PrivateFrameworks/CoreEmoji.framework/Versions/A/CoreEmoji
0x0000000186785000 	/usr/lib/libCRFSuite.dylib
0x00000001929b5000 	/System/Library/PrivateFrameworks/CoreNLP.framework/Versions/A/CoreNLP
0x0000000193f78000 	/usr/lib/libmecab.dylib
0x0000000194e85000 	/usr/lib/libThaiTokenizer.dylib
0x00000001d7642000 	/System/Library/PrivateFrameworks/HIDDisplay.framework/Versions/A/HIDDisplay
0x00000001975dc000 	/System/Library/Frameworks/ApplicationServices.framework/Versions/A/Frameworks/ATSUI.framework/Versions/A/ATSUI
0x00000001992c1000 	/usr/lib/libcups.2.dylib
0x0000000199357000 	/System/Library/Frameworks/Kerberos.framework/Versions/A/Kerberos
0x0000000198fb8000 	/usr/lib/libresolv.9.dylib
0x0000000196971000 	/System/Library/PrivateFrameworks/Heimdal.framework/Versions/A/Heimdal
0x00000001a1cef000 	/System/Library/Frameworks/Kerberos.framework/Versions/A/Libraries/libHeimdalProxy.dylib
0x00000001993bb000 	/System/Library/PrivateFrameworks/CommonAuth.framework/Versions/A/CommonAuth
0x00000001aaa0d000 	/System/Library/PrivateFrameworks/AXCoreUtilities.framework/Versions/A/AXCoreUtilities
0x0000000282ce7000 	/usr/lib/libAXSafeCategoryBundle.dylib
0x0000000193ac6000 	/System/Library/Frameworks/Accelerate.framework/Versions/A/Frameworks/vecLib.framework/Versions/A/libvDSP.dylib
0x0000000194fd2000 	/System/Library/Frameworks/Accelerate.framework/Versions/A/Frameworks/vecLib.framework/Versions/A/libLAPACK.dylib
0x0000000193fdc000 	/System/Library/Frameworks/Accelerate.framework/Versions/A/Frameworks/vecLib.framework/Versions/A/libLinearAlgebra.dylib
0x0000000194ecb000 	/System/Library/Frameworks/Accelerate.framework/Versions/A/Frameworks/vecLib.framework/Versions/A/libSparseBLAS.dylib
0x0000000194fcd000 	/System/Library/Frameworks/Accelerate.framework/Versions/A/Frameworks/vecLib.framework/Versions/A/libQuadrature.dylib
0x0000000192ade000 	/System/Library/Frameworks/Accelerate.framework/Versions/A/Frameworks/vecLib.framework/Versions/A/libBNNS.dylib
0x000000018657e000 	/System/Library/Frameworks/Accelerate.framework/Versions/A/Frameworks/vecLib.framework/Versions/A/libSparse.dylib
0x0000000199320000 	/System/Library/PrivateFrameworks/NetAuth.framework/Versions/A/NetAuth
0x000000018f924000 	/System/Library/PrivateFrameworks/login.framework/Versions/A/Frameworks/loginsupport.framework/Versions/A/loginsupport
0x0000000193f42000 	/usr/lib/libCheckFix.dylib
0x000000018ea91000 	/System/Library/PrivateFrameworks/MetadataUtilities.framework/Versions/A/MetadataUtilities
0x0000000253ad2000 	/System/Library/PrivateFrameworks/InstalledContentLibrary.framework/Versions/A/InstalledContentLibrary
0x00000001894ff000 	/System/Library/PrivateFrameworks/CoreServicesStore.framework/Versions/A/CoreServicesStore
0x00000001c507f000 	/System/Library/PrivateFrameworks/MobileSystemServices.framework/Versions/A/MobileSystemServices
0x000000019633a000 	/usr/lib/libxslt.1.dylib
0x0000000193f01000 	/System/Library/PrivateFrameworks/BackgroundTaskManagement.framework/Versions/A/BackgroundTaskManagement
0x00000001a1399000 	/usr/lib/libcurl.4.dylib
0x0000000283507000 	/usr/lib/libcrypto.46.dylib
0x0000000284127000 	/usr/lib/libssl.48.dylib
0x00000001a106f000 	/System/Library/Frameworks/LDAP.framework/Versions/A/LDAP
0x00000001a10ab000 	/System/Library/PrivateFrameworks/TrustEvaluationAgent.framework/Versions/A/TrustEvaluationAgent
0x0000000198fd5000 	/usr/lib/libsasl2.2.dylib
0x00000001aeaad000 	/usr/lib/swift/libswiftCoreGraphics.dylib
0x000000019db5f000 	/usr/lib/swift/libswiftFoundation.dylib
0x00000001e7e39000 	/usr/lib/swift/libswiftSwiftOnoneSupport.dylib
0x0000000284806000 	/usr/lib/swift/libswiftsys_time.dylib
0x00000001d3406000 	/System/Library/PrivateFrameworks/CoreMaterial.framework/Versions/A/CoreMaterial
0x000000028454c000 	/usr/lib/swift/libswiftSpatial.dylib
0x00000002832cb000 	/usr/lib/libSpatial.dylib
0x0000000282c05000 	/System/Library/SubFrameworks/UIUtilities.framework/Versions/A/UIUtilities
0x00000001098ac000 	/opt/homebrew/Cellar/openjdk@11/11.0.24/libexec/openjdk.jdk/Contents/Home/lib/server/libjvm.dylib
0x0000000104288000 	/opt/homebrew/Cellar/openjdk@11/11.0.24/libexec/openjdk.jdk/Contents/Home/lib/libverify.dylib
0x00000001042d8000 	/opt/homebrew/Cellar/openjdk@11/11.0.24/libexec/openjdk.jdk/Contents/Home/lib/libjava.dylib
0x00000001042a0000 	/opt/homebrew/Cellar/openjdk@11/11.0.24/libexec/openjdk.jdk/Contents/Home/lib/libjimage.dylib
0x0000000104310000 	/opt/homebrew/Cellar/openjdk@11/11.0.24/libexec/openjdk.jdk/Contents/Home/lib/libinstrument.dylib
0x000000010432c000 	/opt/homebrew/Cellar/openjdk@11/11.0.24/libexec/openjdk.jdk/Contents/Home/lib/libzip.dylib
0x000000010973c000 	/opt/homebrew/Cellar/openjdk@11/11.0.24/libexec/openjdk.jdk/Contents/Home/lib/libnio.dylib
0x000000010975c000 	/opt/homebrew/Cellar/openjdk@11/11.0.24/libexec/openjdk.jdk/Contents/Home/lib/libnet.dylib
0x0000000104508000 	/Users/sav/.gradle/native/c067742578af261105cb4f569cf0c3c89f3d7b1fecec35dd04571415982c5e48/osx-aarch64/libnative-platform.dylib
0x00000001097f0000 	/Users/sav/.gradle/native/38dada09dfb8b06ba9b0570ebf7e218e3eb74d4ef43ca46872605cf95ebc2f47/osx-aarch64/libnative-platform-file-events.dylib
0x0000000109794000 	/opt/homebrew/Cellar/openjdk@11/11.0.24/libexec/openjdk.jdk/Contents/Home/lib/libmanagement.dylib
0x00000001097a8000 	/opt/homebrew/Cellar/openjdk@11/11.0.24/libexec/openjdk.jdk/Contents/Home/lib/libmanagement_ext.dylib
0x00000001097bc000 	/opt/homebrew/Cellar/openjdk@11/11.0.24/libexec/openjdk.jdk/Contents/Home/lib/libextnet.dylib
0x0000000109874000 	/opt/homebrew/Cellar/openjdk@11/11.0.24/libexec/openjdk.jdk/Contents/Home/lib/librmi.dylib


VM Arguments:
jvm_args: --add-opens=java.base/java.util=ALL-UNNAMED --add-opens=java.base/java.lang=ALL-UNNAMED --add-opens=java.base/java.lang.invoke=ALL-UNNAMED --add-opens=java.prefs/java.util.prefs=ALL-UNNAMED --add-opens=java.base/java.nio.charset=ALL-UNNAMED --add-opens=java.base/java.net=ALL-UNNAMED --add-opens=java.base/java.util.concurrent.atomic=ALL-UNNAMED -Xmx2048m -Dfile.encoding=UTF-8 -Duser.country=GB -Duser.language=en -Duser.variant -javaagent:/Users/sav/.gradle/wrapper/dists/gradle-8.5-bin/5t9huq95ubn472n8rpzujfbqh/gradle-8.5/lib/agents/gradle-instrumentation-agent-8.5.jar 
java_command: org.gradle.launcher.daemon.bootstrap.GradleDaemon 8.5
java_class_path (initial): /Users/sav/.gradle/wrapper/dists/gradle-8.5-bin/5t9huq95ubn472n8rpzujfbqh/gradle-8.5/lib/gradle-launcher-8.5.jar
Launcher Type: SUN_STANDARD

[Global flags]
     intx CICompilerCount                          = 4                                         {product} {ergonomic}
     uint ConcGCThreads                            = 2                                         {product} {ergonomic}
     uint G1ConcRefinementThreads                  = 9                                         {product} {ergonomic}
   size_t G1HeapRegionSize                         = 1048576                                   {product} {ergonomic}
    uintx GCDrainStackTargetSize                   = 64                                        {product} {ergonomic}
   size_t InitialHeapSize                          = 268435456                                 {product} {ergonomic}
   size_t MarkStackSize                            = 4194304                                   {product} {ergonomic}
   size_t MaxHeapSize                              = 2147483648                                {product} {command line}
   size_t MaxNewSize                               = 1287651328                                {product} {ergonomic}
   size_t MinHeapDeltaBytes                        = 1048576                                   {product} {ergonomic}
    uintx NonNMethodCodeHeapSize                   = 5836492                                {pd product} {ergonomic}
    uintx NonProfiledCodeHeapSize                  = 122910874                              {pd product} {ergonomic}
    uintx ProfiledCodeHeapSize                     = 122910874                              {pd product} {ergonomic}
    uintx ReservedCodeCacheSize                    = 251658240                              {pd product} {ergonomic}
     bool SegmentedCodeCache                       = true                                      {product} {ergonomic}
     bool UseCompressedClassPointers               = true                                 {lp64_product} {ergonomic}
     bool UseCompressedOops                        = true                                 {lp64_product} {ergonomic}
     bool UseG1GC                                  = true                                      {product} {ergonomic}

Logging:
Log output configuration:
 #0: stdout all=warning uptime,level,tags
 #1: stderr all=off uptime,level,tags

Environment Variables:
JAVA_HOME=/opt/homebrew/Cellar/openjdk@11/11.0.24/libexec/openjdk.jdk/Contents/Home
PATH=/Users/sav/development/flutter/bin:/opt/homebrew/Cellar/openjdk@11/11.0.24/libexec/openjdk.jdk/Contents/Home/bin:/Library/Frameworks/Python.framework/Versions/3.13/bin:/opt/homebrew/bin:/opt/homebrew/sbin:/Library/Frameworks/Python.framework/Versions/3.12/bin:/usr/local/bin:/System/Cryptexes/App/usr/bin:/usr/bin:/bin:/usr/sbin:/sbin:/var/run/com.apple.security.cryptexd/codex.system/bootstrap/usr/local/bin:/var/run/com.apple.security.cryptexd/codex.system/bootstrap/usr/bin:/var/run/com.apple.security.cryptexd/codex.system/bootstrap/usr/appleinternal/bin:/opt/pmk/env/global/bin:/opt/X11/bin:/Library/Apple/usr/bin:/Library/TeX/texbin:/Users/sav/Library/Application Support/JetBrains/Toolbox/scripts
SHELL=/bin/zsh
DISPLAY=/private/tmp/com.apple.launchd.3NoL7moIoK/org.xquartz:0
LANG=C.UTF-8
LC_CTYPE=UTF-8
TERM=xterm-256color
TMPDIR=/var/folders/c6/h6kx5ng130x_z9dx25q0rny40000gn/T/

Signal Handlers:
SIGSEGV: [libjvm.dylib+0x701eb0], sa_mask[0]=11111111011111110111111111111111, sa_flags=SA_ONSTACK|SA_RESTART|SA_SIGINFO
SIGBUS: [libjvm.dylib+0x701eb0], sa_mask[0]=11111111011111110111111111111111, sa_flags=SA_RESTART|SA_SIGINFO
SIGFPE: [libjvm.dylib+0x701eb0], sa_mask[0]=11111111011111110111111111111111, sa_flags=SA_RESTART|SA_SIGINFO
SIGPIPE: [libjvm.dylib+0x56a5bc], sa_mask[0]=11111111011111110111111111111111, sa_flags=SA_RESTART|SA_SIGINFO
SIGXFSZ: [libjvm.dylib+0x56a5bc], sa_mask[0]=11111111011111110111111111111111, sa_flags=SA_RESTART|SA_SIGINFO
SIGILL: [libjvm.dylib+0x701eb0], sa_mask[0]=11111111011111110111111111111111, sa_flags=SA_RESTART|SA_SIGINFO
SIGUSR2: [libjvm.dylib+0x56abb8], sa_mask[0]=00100000000000000000000000000000, sa_flags=SA_RESTART|SA_SIGINFO
SIGHUP: [libjvm.dylib+0x569350], sa_mask[0]=11111111011111110111111111111111, sa_flags=SA_RESTART|SA_SIGINFO
SIGINT: [libjvm.dylib+0x569350], sa_mask[0]=11111111011111110111111111111111, sa_flags=SA_RESTART|SA_SIGINFO
SIGTERM: [libjvm.dylib+0x569350], sa_mask[0]=11111111011111110111111111111111, sa_flags=SA_RESTART|SA_SIGINFO
SIGQUIT: [libjvm.dylib+0x569350], sa_mask[0]=11111111011111110111111111111111, sa_flags=SA_RESTART|SA_SIGINFO


---------------  S Y S T E M  ---------------

OS:uname:Darwin 25.3.0 Darwin Kernel Version 25.3.0: Wed Jan 28 20:54:46 PST 2026; root:xnu-12377.91.3~2/RELEASE_ARM64_T6000 arm64
OS uptime: 4 days 6:33 hours
rlimit (soft/hard): STACK 8176k/65520k , CORE 0k/infinity , NPROC 2666/4000 , NOFILE 12544/infinity , AS infinity/infinity , CPU infinity/infinity , DATA infinity/infinity , FSIZE infinity/infinity , MEMLOCK infinity/infinity , RSS infinity/infinity
load average:9.61 9.48 9.45

CPU:total 10 (initial active 10) 0x61:0x0:0x1b588bb3:0, simd, crc, lse

Memory: 16k page, physical 16777216k(125280k free), swap 6291456k(1110464k free)

vm_info: OpenJDK 64-Bit Server VM (11.0.24+0) for bsd-aarch64 JRE (11.0.24+0), built on Sep 30 2024 13:36:56 by "brew" with clang Homebrew Clang 19.1.0

END.
