#
# A fatal error has been detected by the Java Runtime Environment:
#
#  SIGSEGV (0xb) at pc=0x00000001067311b8, pid=26843, tid=115459
#
# JRE version: OpenJDK Runtime Environment Homebrew (11.0.24) (build 11.0.24+0)
# Java VM: OpenJDK 64-Bit Server VM Homebrew (11.0.24+0, mixed mode, tiered, compressed oops, g1 gc, bsd-aarch64)
# Problematic frame:
# V  [libjvm.dylib+0x6951b8]  ObjectSynchronizer::inflate(Thread*, oopDesc*, ObjectSynchronizer::InflateCause)+0x18c
#
# No core dump will be written. Core dumps have been disabled. To enable core dumping, try "ulimit -c unlimited" before starting Java again
#
# If you would like to submit a bug report, please visit:
#   https://github.com/Homebrew/homebrew-core/issues
#

---------------  S U M M A R Y ------------

Command Line: --add-opens=java.base/java.util=ALL-UNNAMED --add-opens=java.base/java.lang=ALL-UNNAMED --add-opens=java.base/java.lang.invoke=ALL-UNNAMED --add-opens=java.prefs/java.util.prefs=ALL-UNNAMED --add-opens=java.base/java.nio.charset=ALL-UNNAMED --add-opens=java.base/java.net=ALL-UNNAMED --add-opens=java.base/java.util.concurrent.atomic=ALL-UNNAMED -Xmx2048m -Dfile.encoding=UTF-8 -Duser.country=GB -Duser.language=en -Duser.variant -javaagent:/Users/sav/.gradle/wrapper/dists/gradle-8.5-bin/5t9huq95ubn472n8rpzujfbqh/gradle-8.5/lib/agents/gradle-instrumentation-agent-8.5.jar org.gradle.launcher.daemon.bootstrap.GradleDaemon 8.5

Host: MacBookPro18,3 arm64 1 MHz, 10 cores, 16G, Darwin 25.3.0
Time: Wed Mar 11 21:13:29 2026 CET elapsed time: 15.560600 seconds (0d 0h 0m 15s)

---------------  T H R E A D  ---------------

Current thread (0x0000000bf6c3a000):  JavaThread "WorkerExecutor Queue" [_thread_in_Java, id=115459, stack(0x000000030147c000,0x000000030167f000)]

Stack: [0x000000030147c000,0x000000030167f000],  sp=0x000000030167b0a0,  free space=2044k
Native frames: (J=compiled Java code, A=aot compiled Java code, j=interpreted, Vv=VM code, C=native code)
V  [libjvm.dylib+0x6951b8]  ObjectSynchronizer::inflate(Thread*, oopDesc*, ObjectSynchronizer::InflateCause)+0x18c
V  [libjvm.dylib+0x69500c]  ObjectSynchronizer::fast_exit(oopDesc*, BasicLock*, Thread*)+0x54
V  [libjvm.dylib+0x5e9630]  SharedRuntime::monitor_exit_helper(oopDesc*, BasicLock*, JavaThread*, bool)+0x44
V  [libjvm.dylib+0x5e96a8]  SharedRuntime::complete_monitor_unlocking_C(oopDesc*, BasicLock*, JavaThread*)+0x54


siginfo: si_signo: 11 (SIGSEGV), si_code: 2 (SEGV_ACCERR), si_addr: 0x0000000000000000

Register to memory mapping:

 x0=0x0 is NULL
 x1=0x00000007456766d8 is an oop: java.util.concurrent.ConcurrentHashMap$Node 
{0x00000007456766d8} - klass: 'java/util/concurrent/ConcurrentHashMap$Node'
 - ---- fields (total size 4 words):
 - final 'hash' 'I' @12  1582018589 (5e4bb01d)
 - final strict 'key' 'Ljava/lang/Object;' @16  "com.android.build.gradle.internal.tasks.DexArchiveBuilderTask$CreationAction$handleProvider$7"{0x00000007450daf10} (e8a1b5e2)
 - volatile strict 'val' 'Ljava/lang/Object;' @20  a 'java/lang/Object'{0x00000007456766f8} (e8acecdf)
 - volatile strict 'next' 'Ljava/util/concurrent/ConcurrentHashMap$Node;' @24  a 'java/util/concurrent/ConcurrentHashMap$Node'{0x000000074ebec1b8} (e9d7d837)
 x2=0x0 is NULL
 x3=0x0000000000000001 is an unknown value
 x4=0x0 is NULL
 x5=0x000000030167b5f0 is pointing into the stack for thread: 0x0000000bf6c3a000
 x6=0x0 is NULL
 x7=0x0000000bf6c3a000 is a thread
 x8=0x0 is NULL
 x9=0x0000000000001889 is an unknown value
x10=0x0 is NULL
x11=0x0 is NULL
x12=0x00000000710bb01d is an unknown value
x13=0x000000030167b260 is pointing into the stack for thread: 0x0000000bf6c3a000
x14=0x000000030167b260 is pointing into the stack for thread: 0x0000000bf6c3a000
x15=0x0000000100948000 points into unknown readable memory: 0x0000000000000000 | 00 00 00 00 00 00 00 00
x16=0x0000000000000020 is an unknown value
x17=0x0000000bfec76130 points into unknown readable memory: 0x0000000000000000 | 00 00 00 00 00 00 00 00
x18=0x0 is NULL
x19=0x0 is NULL
x20=0x00000007456766d8 is an oop: java.util.concurrent.ConcurrentHashMap$Node 
{0x00000007456766d8} - klass: 'java/util/concurrent/ConcurrentHashMap$Node'
 - ---- fields (total size 4 words):
 - final 'hash' 'I' @12  1582018589 (5e4bb01d)
 - final strict 'key' 'Ljava/lang/Object;' @16  "com.android.build.gradle.internal.tasks.DexArchiveBuilderTask$CreationAction$handleProvider$7"{0x00000007450daf10} (e8a1b5e2)
 - volatile strict 'val' 'Ljava/lang/Object;' @20  a 'java/lang/Object'{0x00000007456766f8} (e8acecdf)
 - volatile strict 'next' 'Ljava/util/concurrent/ConcurrentHashMap$Node;' @24  a 'java/util/concurrent/ConcurrentHashMap$Node'{0x000000074ebec1b8} (e9d7d837)
x21=0x0000000bf724c280 points into unknown readable memory: 0x0000000000000000 | 00 00 00 00 00 00 00 00
x22=0x0000000bf6c3a000 is a thread
x23=0x0 is NULL
x24=0x0000000106927a84: _ZN13ObjectMonitor14Knob_SpinLimitE+0 in /opt/homebrew/Cellar/openjdk@11/11.0.24/libexec/openjdk.jdk/Contents/Home/lib/server/libjvm.dylib at 0x000000010609c000
x25=0x0 is NULL
x26=0x0000000746f73e00 is an oop: [Ljava.util.concurrent.ConcurrentHashMap$Node; 
{0x0000000746f73e00} - klass: 'java/util/concurrent/ConcurrentHashMap$Node'[]
 - length: 16384
x27=0x0 is NULL
x28=0x0000000bf6c3a000 is a thread


Registers:
 x0=0x0000000000000000  x1=0x00000007456766d8  x2=0x0000000000000000  x3=0x0000000000000001
 x4=0x0000000000000000  x5=0x000000030167b5f0  x6=0x0000000000000000  x7=0x0000000bf6c3a000
 x8=0x0000000000000000  x9=0x0000000000001889 x10=0x0000000000000000 x11=0x0000000000000000
x12=0x00000000710bb01d x13=0x000000030167b260 x14=0x000000030167b260 x15=0x0000000100948000
x16=0x0000000000000020 x17=0x0000000bfec76130 x18=0x0000000000000000 x19=0x0000000000000000
x20=0x00000007456766d8 x21=0x0000000bf724c280 x22=0x0000000bf6c3a000 x23=0x0000000000000000
x24=0x0000000106927a84 x25=0x0000000000000000 x26=0x0000000746f73e00 x27=0x0000000000000000
x28=0x0000000bf6c3a000  fp=0x000000030167b150  lr=0x00000001067311b4  sp=0x000000030167b0a0
pc=0x00000001067311b8 cpsr=0x0000000060001000
Top of Stack: (sp=0x000000030167b0a0)
0x000000030167b0a0:   0000000765a93790 000000010644d17c
0x000000030167b0b0:   0000000bf810f090 000000030167b1b0
0x000000030167b0c0:   0000000765a94010 0000000bf810f090
0x000000030167b0d0:   0000000c00870400 0000000c00870410
0x000000030167b0e0:   0000000000000000 0000000000000000
0x000000030167b0f0:   0000000000000000 000000030167b170
0x000000030167b100:   000000030167b160 000000010659c938
0x000000030167b110:   0000000746f73e00 000000074ebec1b8
0x000000030167b120:   0000000000000000 00000000710bb01d
0x000000030167b130:   0000000bf6c3a000 0000000000000001
0x000000030167b140:   00000007456766d8 0000000bf6c3a000
0x000000030167b150:   000000030167b170 000000010673100c
0x000000030167b160:   00000007456766d8 000000030167b260
0x000000030167b170:   000000030167b1b0 0000000106685630
0x000000030167b180:   0000000bf6c3a000 0000000bf6c3a000
0x000000030167b190:   0000000bf6c3a000 0000000000000001
0x000000030167b1a0:   00000007456766d8 000000030167b260
0x000000030167b1b0:   000000030167b1e0 00000001066856a8
0x000000030167b1c0:   0000000000000001 0000000000000001
0x000000030167b1d0:   000000000000301d 0000000000000002
0x000000030167b1e0:   00000000710bb01d 00000001177aea94
0x000000030167b1f0:   0000000000000000 00000001177aea94
0x000000030167b200:   ec935bdc0167b508 0000000743521128
0x000000030167b210:   00000007649adf28 ec935be5ec935bdc
0x000000030167b220:   0000301d00000001 0000000746f73e00
0x000000030167b230:   00000007456766d8 0000000200000001
0x000000030167b240:   00000007649adee0 000000074ebec1b8
0x000000030167b250:   0000000bf6c3a000 000000010000000e
0x000000030167b260:   0000000000000011 0000000bf9bbbe00
0x000000030167b270:   000000030167b400 00000001171ab5ec
0x000000030167b280:   00000007649adee0 000000000672f9b4
0x000000030167b290:   0000000743000000 0000000743521128 

Instructions: (pc=0x00000001067311b8)
0x00000001067310b8:   1f 30 00 f9 1f 44 00 f9 1f 28 00 f9 79 03 00 b4
0x00000001067310c8:   b7 02 00 f9 bf 22 00 f9 bf 2a 00 f9 b4 06 00 f9
0x00000001067310d8:   bf 2a 00 f9 bf 3a 00 f9 08 03 40 b9 a8 7e 00 b9
0x00000001067310e8:   a9 02 7f b2 bf 3b 03 d5 e8 03 17 aa 89 7e a8 c8
0x00000001067310f8:   bf 3b 03 d5 1f 01 17 eb 60 08 00 54 ff 02 08 eb
0x0000000106731108:   20 08 00 54 bf 06 00 f9 bf 22 00 f9 bf 2a 00 f9
0x0000000106731118:   bf 36 00 f9 bf 2e 00 f9 bf 32 00 f9 bf 46 00 f9
0x0000000106731128:   bf 2a 00 f9 0d 00 00 14 bf 3a 00 f9 bf 2a 00 f9
0x0000000106731138:   08 03 40 b9 a8 7e 00 b9 bf 3b 03 d5 e8 03 17 aa
0x0000000106731148:   9f 7e a8 c8 bf 3b 03 d5 1f 01 17 eb c0 02 00 54
0x0000000106731158:   ff 02 08 eb 80 02 00 54 e0 03 16 aa e1 03 15 aa
0x0000000106731168:   22 00 80 52 9c 05 00 94 97 02 40 f9 e0 03 17 aa
0x0000000106731178:   52 ba ed 97 e0 f8 0f 36 e0 03 17 aa 4f ba ed 97
0x0000000106731188:   15 00 7f d2 e0 03 15 aa fd 7b 4b a9 f4 4f 4a a9
0x0000000106731198:   f6 57 49 a9 f8 5f 48 a9 fa 67 47 a9 ff 03 03 91
0x00000001067311a8:   c0 03 5f d6 e0 03 17 aa 44 ba ed 97 08 f8 7e 92
0x00000001067311b8:   08 01 40 f9 a8 02 00 f9 e0 03 17 aa 3f ba ed 97
0x00000001067311c8:   a0 22 00 f9 bf 2a 00 f9 b4 06 00 f9 88 02 40 f9
0x00000001067311d8:   48 01 00 b4 e0 07 00 90 00 d0 3b 91 e2 07 00 b0
0x00000001067311e8:   42 64 01 91 03 05 00 90 63 60 0c 91 01 bd 80 52
0x00000001067311f8:   a0 9e ed 97 49 4a fb 97 a8 02 7f b2 bf 3b 03 d5
0x0000000106731208:   88 02 00 f9 08 11 00 d0 08 61 0b 91 08 01 40 f9
0x0000000106731218:   48 01 00 b4 09 11 00 d0 29 01 2c 91 29 01 40 39
0x0000000106731228:   3f 05 00 71 a1 00 00 54 08 15 40 f9 09 01 40 f9
0x0000000106731238:   29 05 00 91 09 01 00 f9 c8 0f 00 f0 08 e5 43 f9
0x0000000106731248:   28 06 00 b4 c8 10 00 d0 08 e5 37 91 08 01 40 39
0x0000000106731258:   1f 05 00 71 21 01 00 54 89 0a 40 b9 ca 0f 00 f0
0x0000000106731268:   4a 61 2b 91 4b 09 40 b9 4a 01 40 f9 2b 21 cb 9a
0x0000000106731278:   6a 01 0a 8b 03 00 00 14 8a 06 40 f9 e9 03 0a aa
0x0000000106731288:   4a 09 40 b9 5f 05 00 71 eb 03 00 54 80 10 00 d0
0x0000000106731298:   00 80 27 91 0a 00 40 f9 40 01 3f d6 0a 00 40 f9
0x00000001067312a8:   4a 3d 41 f9 ea 0f 00 f9 40 05 c0 3d e0 03 82 3c 


Stack slot to memory mapping:
stack at sp + 0 slots: 0x0000000765a93790 is an oop: java.lang.ClassNotFoundException 
{0x0000000765a93790} - klass: 'java/lang/ClassNotFoundException'
 - ---- fields (total size 5 words):
 - private transient 'backtrace' 'Ljava/lang/Object;' @12  a 'java/lang/Object'[5] {0x0000000765a937b8} (ecb526f7)
 - private 'detailMessage' 'Ljava/lang/String;' @16  "com.android.tools.r8.internal.iu"{0x0000000765a92438} (ecb52487)
 - private 'cause' 'Ljava/lang/Throwable;' @20  
[error occurred during error reporting (inspecting top of stack), id 0xb, SIGSEGV (0xb) at pc=0x00000001065f5e38]


---------------  P R O C E S S  ---------------

Threads class SMR info:
_java_thread_list=0x0000000bf692ec60, length=213, elements={
0x00000001010aa800, 0x0000000bfecb8000, 0x0000000bfecb9000, 0x0000000bfecba000,
0x0000000bfecbb000, 0x0000000bfe8bc000, 0x0000000bfe8bd000, 0x0000000bfe8be000,
0x0000000bfe8bf000, 0x0000000bfc159000, 0x0000000bfc158000, 0x0000000bfc15b000,
0x0000000bfea0e000, 0x0000000bfc39c000, 0x0000000bfc39e000, 0x0000000bfc39f000,
0x0000000bfc3b0000, 0x0000000bfc3b1000, 0x0000000bfc3b2000, 0x0000000bfba30000,
0x0000000bfba32000, 0x0000000bfba31000, 0x0000000bfba33000, 0x0000000bfb3e5000,
0x0000000bfb3e6000, 0x0000000bfb3e7000, 0x0000000bfc3b3000, 0x0000000bfaeb8000,
0x0000000bfaeba000, 0x0000000bfaeb9000, 0x0000000bf9eca000, 0x0000000bf9f60000,
0x0000000bf9f63000, 0x0000000bfaebb000, 0x0000000bf9958000, 0x0000000bf9959000,
0x0000000bf995b000, 0x0000000bf9a1a000, 0x0000000bf9f62000, 0x0000000bf9fec000,
0x0000000bf9fed000, 0x0000000bf9fee000, 0x0000000bf9fef000, 0x0000000bf9ac4000,
0x0000000bf9ac5000, 0x0000000bf9ac6000, 0x0000000bf9ff1000, 0x0000000bf9ac7000,
0x0000000bf9ae4000, 0x0000000bf9ae5000, 0x0000000bf9ae6000, 0x0000000bf9ae7000,
0x0000000bf8d81000, 0x0000000bf8a56000, 0x0000000bf8a57000, 0x0000000bf926c000,
0x0000000bf80ec000, 0x0000000bf80ed000, 0x0000000bf80ee000, 0x0000000bf80f4000,
0x0000000bf80f5000, 0x0000000bf80f6000, 0x0000000bf80f7000, 0x0000000bf8a98000,
0x0000000bf8a99000, 0x0000000bf8a9b000, 0x0000000bf811b000, 0x0000000bf8bfc000,
0x0000000bf8bfd000, 0x0000000bf8bfe000, 0x0000000bf8bff000, 0x0000000bf77c0000,
0x0000000bf77c1000, 0x0000000bf77c2000, 0x0000000bf77c3000, 0x0000000bf8100000,
0x0000000bf7bb7000, 0x0000000bf7bb6000, 0x0000000bf7bc6000, 0x0000000bf6c00000,
0x0000000bf6c01000, 0x0000000bf6c02000, 0x0000000bf6c03000, 0x0000000bf6c08000,
0x0000000bf8118000, 0x0000000bf7028000, 0x0000000bf702a000, 0x0000000bf702b000,
0x0000000bf702c000, 0x0000000bf702d000, 0x0000000bf702e000, 0x0000000bf702f000,
0x0000000bf7030000, 0x0000000bf7031000, 0x0000000bf7032000, 0x0000000bf7033000,
0x0000000bf703c000, 0x0000000bf703d000, 0x0000000bf703e000, 0x0000000bf703f000,
0x0000000bf7040000, 0x0000000bf7041000, 0x0000000bf704b000, 0x0000000bf7005000,
0x0000000bf7060000, 0x0000000bf7061000, 0x0000000bf7062000, 0x0000000bf7063000,
0x0000000bf7068000, 0x0000000bf7069000, 0x0000000bf706a000, 0x0000000bf706b000,
0x0000000bf7071000, 0x0000000bf7072000, 0x0000000bf7073000, 0x0000000bf6c34000,
0x0000000bf6c35000, 0x0000000bf6c36000, 0x0000000bf6c37000, 0x0000000bf6c39000,
0x0000000bf6c3b000, 0x0000000bf6c3a000, 0x0000000bf70a8000, 0x0000000bf70aa000,
0x0000000bf70ab000, 0x0000000bf70bc000, 0x0000000bf70bd000, 0x0000000bf70be000,
0x0000000bf70bf000, 0x0000000bf6c54000, 0x0000000bf6c55000, 0x0000000bf70a9000,
0x0000000bf70c8000, 0x0000000bf70c9000, 0x0000000bf70ca000, 0x0000000bf70cb000,
0x0000000bf70d0000, 0x0000000bf70d1000, 0x0000000bf70d2000, 0x0000000bf70d3000,
0x0000000bf7125000, 0x0000000bf7126000, 0x0000000bf7127000, 0x0000000bf6c0b000,
0x0000000bf714c000, 0x0000000bf714d000, 0x0000000bf714e000, 0x0000000bf714f000,
0x0000000bf7158000, 0x0000000bf7159000, 0x0000000bf715a000, 0x0000000bf715b000,
0x0000000bf7160000, 0x0000000bf7162000, 0x0000000bf7163000, 0x0000000bf6c57000,
0x0000000bf7170000, 0x0000000bf7172000, 0x0000000bf7173000, 0x0000000bf7124000,
0x0000000bf7174000, 0x0000000bf7175000, 0x0000000bf6cf1000, 0x0000000bf7181000,
0x0000000bf7182000, 0x0000000bf6d0c000, 0x0000000bf6d0e000, 0x0000000bf6d0f000,
0x0000000bf71a8000, 0x0000000bf71a9000, 0x0000000bf71aa000, 0x0000000bf71ab000,
0x0000000bf71dc000, 0x0000000bf71dd000, 0x0000000bf71de000, 0x0000000bf71df000,
0x0000000bfcd68000, 0x0000000bfcd69000, 0x0000000bfcd6a000, 0x0000000bfcd6b000,
0x0000000bfcd8c000, 0x0000000bfcd8d000, 0x0000000bfcd8e000, 0x0000000bfcd8f000,
0x0000000bfcd90000, 0x0000000bfcd91000, 0x0000000bfcd92000, 0x0000000bf6d1d000,
0x0000000bf7214000, 0x0000000bf7215000, 0x0000000bf7216000, 0x0000000bf7217000,
0x0000000bf7238000, 0x0000000bf723a000, 0x0000000bf723b000, 0x0000000bf725c000,
0x0000000bfcd9d000, 0x0000000bf734f000, 0x0000000bf6c38000, 0x0000000bf6dc5000,
0x0000000bf6820000, 0x0000000bf6822000, 0x0000000bf725d000, 0x0000000bfea0d000,
0x0000000bf6dc4000, 0x0000000bf6dc7000, 0x0000000bfcd93000, 0x0000000bf7368000,
0x0000000bf72f2000, 0x0000000bf72f3000, 0x0000000bf72f0000, 0x0000000bfcd9c000,
0x0000000bf6823000
}

Java Threads: ( => current thread )
  0x00000001010aa800 JavaThread "main" [_thread_blocked, id=4867, stack(0x000000016f570000,0x000000016f773000)]
  0x0000000bfecb8000 JavaThread "Reference Handler" daemon [_thread_blocked, id=17155, stack(0x00000001703c4000,0x00000001705c7000)]
  0x0000000bfecb9000 JavaThread "Finalizer" daemon [_thread_blocked, id=21251, stack(0x00000001705d0000,0x00000001707d3000)]
  0x0000000bfecba000 JavaThread "Signal Dispatcher" daemon [_thread_blocked, id=21763, stack(0x00000001708f4000,0x0000000170af7000)]
  0x0000000bfecbb000 JavaThread "Service Thread" daemon [_thread_blocked, id=22019, stack(0x0000000170b00000,0x0000000170d03000)]
  0x0000000bfe8bc000 JavaThread "C2 CompilerThread0" daemon [_thread_in_vm, id=22531, stack(0x0000000170d0c000,0x0000000170f0f000)]
  0x0000000bfe8bd000 JavaThread "C1 CompilerThread0" daemon [_thread_in_native, id=31235, stack(0x0000000170f18000,0x000000017111b000)]
  0x0000000bfe8be000 JavaThread "Sweeper thread" daemon [_thread_blocked, id=30723, stack(0x0000000171124000,0x0000000171327000)]
  0x0000000bfe8bf000 JavaThread "Common-Cleaner" daemon [_thread_blocked, id=30211, stack(0x0000000171330000,0x0000000171533000)]
  0x0000000bfc159000 JavaThread "Daemon health stats" [_thread_blocked, id=26627, stack(0x000000017259c000,0x000000017279f000)]
  0x0000000bfc158000 JavaThread "Incoming local TCP Connector on port 57629" [_thread_in_native, id=26115, stack(0x00000001727a8000,0x00000001729ab000)]
  0x0000000bfc15b000 JavaThread "Daemon periodic checks" [_thread_blocked, id=25603, stack(0x00000001729b4000,0x0000000172bb7000)]
  0x0000000bfea0e000 JavaThread "Daemon" [_thread_blocked, id=43011, stack(0x0000000172bc0000,0x0000000172dc3000)]
  0x0000000bfc39c000 JavaThread "Handler for socket connection from /127.0.0.1:57629 to /127.0.0.1:57630" [_thread_in_native, id=42499, stack(0x0000000172dcc000,0x0000000172fcf000)]
  0x0000000bfc39e000 JavaThread "Cancel handler" [_thread_blocked, id=33795, stack(0x0000000172fd8000,0x00000001731db000)]
  0x0000000bfc39f000 JavaThread "Daemon worker" [_thread_blocked, id=34051, stack(0x00000001731e4000,0x00000001733e7000)]
  0x0000000bfc3b0000 JavaThread "Asynchronous log dispatcher for DefaultDaemonConnection: socket connection from /127.0.0.1:57629 to /127.0.0.1:57630" [_thread_blocked, id=41731, stack(0x00000001733f0000,0x00000001735f3000)]
  0x0000000bfc3b1000 JavaThread "Stdin handler" [_thread_blocked, id=34819, stack(0x00000001735fc000,0x00000001737ff000)]
  0x0000000bfc3b2000 JavaThread "Daemon client event forwarder" [_thread_blocked, id=35075, stack(0x0000000173808000,0x0000000173a0b000)]
  0x0000000bfba30000 JavaThread "Cache worker for journal cache (/Users/sav/.gradle/caches/journal-1)" [_thread_blocked, id=36099, stack(0x0000000174244000,0x0000000174447000)]
  0x0000000bfba32000 JavaThread "File lock request listener" [_thread_in_native, id=36867, stack(0x0000000174450000,0x0000000174653000)]
  0x0000000bfba31000 JavaThread "Cache worker for file hash cache (/Users/sav/.gradle/caches/8.5/fileHashes)" [_thread_blocked, id=38403, stack(0x000000017465c000,0x000000017485f000)]
  0x0000000bfba33000 JavaThread "File watcher server" daemon [_thread_in_native, id=37635, stack(0x0000000174868000,0x0000000174a6b000)]
  0x0000000bfb3e5000 JavaThread "File watcher consumer" daemon [_thread_blocked, id=44291, stack(0x0000000174a74000,0x0000000174c77000)]
  0x0000000bfb3e6000 JavaThread "Cache worker for checksums cache (/Users/sav/Documents/GitHub/Sav22999/sav-pdf-viewer-pro/.gradle/8.5/checksums)" [_thread_blocked, id=64259, stack(0x0000000174c80000,0x0000000174e83000)]
  0x0000000bfb3e7000 JavaThread "Cache worker for file hash cache (/Users/sav/Documents/GitHub/Sav22999/sav-pdf-viewer-pro/.gradle/8.5/fileHashes)" [_thread_blocked, id=63491, stack(0x0000000174e8c000,0x000000017508f000)]
  0x0000000bfc3b3000 JavaThread "Cache worker for cache directory md-supplier (/Users/sav/.gradle/caches/8.5/md-supplier)" [_thread_blocked, id=44547, stack(0x0000000175098000,0x000000017529b000)]
  0x0000000bfaeb8000 JavaThread "Cache worker for cache directory md-rule (/Users/sav/.gradle/caches/8.5/md-rule)" [_thread_blocked, id=45315, stack(0x00000001752a4000,0x00000001754a7000)]
  0x0000000bfaeba000 JavaThread "Cache worker for file content cache (/Users/sav/.gradle/caches/8.5/fileContent)" [_thread_blocked, id=62467, stack(0x00000001754b0000,0x00000001756b3000)]
  0x0000000bfaeb9000 JavaThread "Cache worker for execution history cache (/Users/sav/.gradle/caches/8.5/executionHistory)" [_thread_blocked, id=61955, stack(0x00000001756bc000,0x00000001758bf000)]
  0x0000000bf9eca000 JavaThread "Cache worker for kotlin-dsl (/Users/sav/.gradle/caches/8.5/kotlin-dsl)" [_thread_blocked, id=46339, stack(0x00000001758c8000,0x0000000175acb000)]
  0x0000000bf9f60000 JavaThread "jar transforms" [_thread_blocked, id=47107, stack(0x0000000175ad4000,0x0000000175cd7000)]
  0x0000000bf9f63000 JavaThread "jar transforms Thread 2" [_thread_blocked, id=60931, stack(0x0000000175ce0000,0x0000000175ee3000)]
  0x0000000bfaebb000 JavaThread "Cache worker for dependencies-accessors (/Users/sav/Documents/GitHub/Sav22999/sav-pdf-viewer-pro/.gradle/8.5/dependencies-accessors)" [_thread_blocked, id=47363, stack(0x0000000175eec000,0x00000001760ef000)]
  0x0000000bf9958000 JavaThread "Cache worker for Build Output Cleanup Cache (/Users/sav/Documents/GitHub/Sav22999/sav-pdf-viewer-pro/.gradle/buildOutputCleanup)" [_thread_blocked, id=59651, stack(0x00000001760f8000,0x00000001762fb000)]
  0x0000000bf9959000 JavaThread "jar transforms Thread 3" [_thread_blocked, id=47875, stack(0x0000000176304000,0x0000000176507000)]
  0x0000000bf995b000 JavaThread "jar transforms Thread 4" [_thread_blocked, id=58627, stack(0x0000000176510000,0x0000000176713000)]
  0x0000000bf9a1a000 JavaThread "Unconstrained build operations" [_thread_blocked, id=48643, stack(0x000000017671c000,0x000000017691f000)]
  0x0000000bf9f62000 JavaThread "Unconstrained build operations Thread 2" [_thread_blocked, id=48899, stack(0x0000000176928000,0x0000000176b2b000)]
  0x0000000bf9fec000 JavaThread "Unconstrained build operations Thread 3" [_thread_blocked, id=49411, stack(0x0000000176b34000,0x0000000176d37000)]
  0x0000000bf9fed000 JavaThread "Unconstrained build operations Thread 4" [_thread_blocked, id=50179, stack(0x0000000176d40000,0x0000000176f43000)]
  0x0000000bf9fee000 JavaThread "Unconstrained build operations Thread 5" [_thread_blocked, id=50691, stack(0x0000000176f4c000,0x000000017714f000)]
  0x0000000bf9fef000 JavaThread "Unconstrained build operations Thread 6" [_thread_blocked, id=57091, stack(0x0000000177158000,0x000000017735b000)]
  0x0000000bf9ac4000 JavaThread "Unconstrained build operations Thread 7" [_thread_blocked, id=56835, stack(0x0000000177364000,0x0000000177567000)]
  0x0000000bf9ac5000 JavaThread "Unconstrained build operations Thread 8" [_thread_blocked, id=52227, stack(0x0000000177570000,0x0000000177773000)]
  0x0000000bf9ac6000 JavaThread "Unconstrained build operations Thread 9" [_thread_blocked, id=52995, stack(0x000000017777c000,0x000000017797f000)]
  0x0000000bf9ff1000 JavaThread "jar transforms Thread 5" [_thread_blocked, id=56067, stack(0x0000000177988000,0x0000000177b8b000)]
  0x0000000bf9ac7000 JavaThread "jar transforms Thread 6" [_thread_blocked, id=55299, stack(0x0000000177b94000,0x0000000177d97000)]
  0x0000000bf9ae4000 JavaThread "jar transforms Thread 7" [_thread_blocked, id=54787, stack(0x0000000177da0000,0x0000000177fa3000)]
  0x0000000bf9ae5000 JavaThread "jar transforms Thread 8" [_thread_blocked, id=53763, stack(0x0000000177fac000,0x00000001781af000)]
  0x0000000bf9ae6000 JavaThread "jar transforms Thread 9" [_thread_blocked, id=65539, stack(0x00000001781b8000,0x00000001783bb000)]
  0x0000000bf9ae7000 JavaThread "jar transforms Thread 10" [_thread_blocked, id=86787, stack(0x00000001783c4000,0x00000001785c7000)]
  0x0000000bf8d81000 JavaThread "Memory manager" [_thread_blocked, id=86019, stack(0x00000001785d0000,0x00000001787d3000)]
  0x0000000bf8a56000 JavaThread "pool-3-thread-1" [_thread_blocked, id=85763, stack(0x00000001787dc000,0x00000001789df000)]
  0x0000000bf8a57000 JavaThread "build event listener" [_thread_blocked, id=85251, stack(0x00000001789e8000,0x0000000178beb000)]
  0x0000000bf926c000 JavaThread "included builds" [_thread_blocked, id=84995, stack(0x0000000178bf4000,0x0000000178df7000)]
  0x0000000bf80ec000 JavaThread "Execution worker" [_thread_blocked, id=67331, stack(0x0000000178e00000,0x0000000179003000)]
  0x0000000bf80ed000 JavaThread "Execution worker Thread 2" [_thread_blocked, id=83971, stack(0x000000017900c000,0x000000017920f000)]
  0x0000000bf80ee000 JavaThread "Execution worker Thread 3" [_thread_blocked, id=68355, stack(0x0000000179218000,0x000000017941b000)]
  0x0000000bf80f4000 JavaThread "Execution worker Thread 4" [_thread_blocked, id=83715, stack(0x0000000179424000,0x0000000179627000)]
  0x0000000bf80f5000 JavaThread "Execution worker Thread 5" [_thread_blocked, id=69379, stack(0x0000000179630000,0x0000000179833000)]
  0x0000000bf80f6000 JavaThread "Execution worker Thread 6" [_thread_blocked, id=82947, stack(0x000000017983c000,0x0000000179a3f000)]
  0x0000000bf80f7000 JavaThread "Execution worker Thread 7" [_thread_blocked, id=82435, stack(0x0000000179a48000,0x0000000179c4b000)]
  0x0000000bf8a98000 JavaThread "Execution worker Thread 8" [_thread_blocked, id=81923, stack(0x0000000179c54000,0x0000000179e57000)]
  0x0000000bf8a99000 JavaThread "Execution worker Thread 9" [_thread_blocked, id=81155, stack(0x0000000179e60000,0x000000017a063000)]
  0x0000000bf8a9b000 JavaThread "Cache worker for execution history cache (/Users/sav/Documents/GitHub/Sav22999/sav-pdf-viewer-pro/.gradle/8.5/executionHistory)" [_thread_blocked, id=80387, stack(0x000000017a06c000,0x000000017a26f000)]
  0x0000000bf811b000 JavaThread "Unconstrained build operations Thread 10" [_thread_blocked, id=71171, stack(0x000000017a278000,0x000000017a47b000)]
  0x0000000bf8bfc000 JavaThread "Unconstrained build operations Thread 11" [_thread_blocked, id=71427, stack(0x000000017a484000,0x000000017a687000)]
  0x0000000bf8bfd000 JavaThread "Unconstrained build operations Thread 12" [_thread_blocked, id=78083, stack(0x000000017a690000,0x000000017a893000)]
  0x0000000bf8bfe000 JavaThread "Unconstrained build operations Thread 13" [_thread_blocked, id=77571, stack(0x000000017a89c000,0x000000017aa9f000)]
  0x0000000bf8bff000 JavaThread "Unconstrained build operations Thread 14" [_thread_blocked, id=77059, stack(0x000000017aaa8000,0x000000017acab000)]
  0x0000000bf77c0000 JavaThread "Unconstrained build operations Thread 15" [_thread_blocked, id=72451, stack(0x000000017acb4000,0x000000017aeb7000)]
  0x0000000bf77c1000 JavaThread "Unconstrained build operations Thread 16" [_thread_blocked, id=76035, stack(0x000000017aec0000,0x000000017b0c3000)]
  0x0000000bf77c2000 JavaThread "Unconstrained build operations Thread 17" [_thread_blocked, id=75267, stack(0x000000017b0cc000,0x000000017b2cf000)]
  0x0000000bf77c3000 JavaThread "Unconstrained build operations Thread 18" [_thread_blocked, id=72963, stack(0x000000017b2d8000,0x000000017b4db000)]
  0x0000000bf8100000 JavaThread "Unconstrained build operations Thread 19" [_thread_blocked, id=73475, stack(0x000000017b4e4000,0x000000017b6e7000)]
  0x0000000bf7bb7000 JavaThread "Unconstrained build operations Thread 20" [_thread_blocked, id=74499, stack(0x000000017b6f0000,0x000000017b8f3000)]
  0x0000000bf7bb6000 JavaThread "Unconstrained build operations Thread 21" [_thread_blocked, id=130819, stack(0x000000017b8fc000,0x000000017baff000)]
  0x0000000bf7bc6000 JavaThread "Unconstrained build operations Thread 22" [_thread_blocked, id=87811, stack(0x000000017bb08000,0x000000017bd0b000)]
  0x0000000bf6c00000 JavaThread "Unconstrained build operations Thread 23" [_thread_blocked, id=130307, stack(0x000000017bd14000,0x000000017bf17000)]
  0x0000000bf6c01000 JavaThread "Unconstrained build operations Thread 24" [_thread_blocked, id=88835, stack(0x000000017bf20000,0x000000017c123000)]
  0x0000000bf6c02000 JavaThread "Unconstrained build operations Thread 25" [_thread_blocked, id=129283, stack(0x000000017c12c000,0x000000017c32f000)]
  0x0000000bf6c03000 JavaThread "Unconstrained build operations Thread 26" [_thread_blocked, id=89347, stack(0x000000017c338000,0x000000017c53b000)]
  0x0000000bf6c08000 JavaThread "Unconstrained build operations Thread 27" [_thread_blocked, id=128515, stack(0x000000017c544000,0x000000017c747000)]
  0x0000000bf8118000 JavaThread "Unconstrained build operations Thread 28" [_thread_blocked, id=127747, stack(0x000000017c750000,0x000000017c953000)]
  0x0000000bf7028000 JavaThread "Unconstrained build operations Thread 29" [_thread_blocked, id=89859, stack(0x000000017c95c000,0x000000017cb5f000)]
  0x0000000bf702a000 JavaThread "Unconstrained build operations Thread 30" [_thread_blocked, id=126467, stack(0x000000017cb68000,0x000000017cd6b000)]
  0x0000000bf702b000 JavaThread "Unconstrained build operations Thread 31" [_thread_blocked, id=125955, stack(0x000000017cd74000,0x000000017cf77000)]
  0x0000000bf702c000 JavaThread "Unconstrained build operations Thread 32" [_thread_blocked, id=90627, stack(0x000000017cf80000,0x000000017d183000)]
  0x0000000bf702d000 JavaThread "Unconstrained build operations Thread 33" [_thread_blocked, id=125443, stack(0x000000017d18c000,0x000000017d38f000)]
  0x0000000bf702e000 JavaThread "Unconstrained build operations Thread 34" [_thread_blocked, id=125187, stack(0x000000017d398000,0x000000017d59b000)]
  0x0000000bf702f000 JavaThread "Unconstrained build operations Thread 35" [_thread_blocked, id=91907, stack(0x000000017d5a4000,0x000000017d7a7000)]
  0x0000000bf7030000 JavaThread "Unconstrained build operations Thread 36" [_thread_blocked, id=92419, stack(0x000000017d7b0000,0x000000017d9b3000)]
  0x0000000bf7031000 JavaThread "Unconstrained build operations Thread 37" [_thread_blocked, id=92931, stack(0x000000017d9bc000,0x000000017dbbf000)]
  0x0000000bf7032000 JavaThread "Unconstrained build operations Thread 38" [_thread_blocked, id=93443, stack(0x000000017dbc8000,0x000000017ddcb000)]
  0x0000000bf7033000 JavaThread "Unconstrained build operations Thread 39" [_thread_blocked, id=123395, stack(0x000000017ddd4000,0x000000017dfd7000)]
  0x0000000bf703c000 JavaThread "Unconstrained build operations Thread 40" [_thread_blocked, id=123139, stack(0x000000017dfe0000,0x000000017e1e3000)]
  0x0000000bf703d000 JavaThread "Unconstrained build operations Thread 41" [_thread_blocked, id=94467, stack(0x000000017e1ec000,0x000000017e3ef000)]
  0x0000000bf703e000 JavaThread "Unconstrained build operations Thread 42" [_thread_blocked, id=122371, stack(0x000000017e3f8000,0x000000017e5fb000)]
  0x0000000bf703f000 JavaThread "Unconstrained build operations Thread 43" [_thread_blocked, id=121859, stack(0x000000017e604000,0x000000017e807000)]
  0x0000000bf7040000 JavaThread "Unconstrained build operations Thread 44" [_thread_blocked, id=95747, stack(0x000000017e810000,0x000000017ea13000)]
  0x0000000bf7041000 JavaThread "Unconstrained build operations Thread 45" [_thread_blocked, id=120835, stack(0x000000017ea1c000,0x000000017ec1f000)]
  0x0000000bf704b000 JavaThread "Unconstrained build operations Thread 46" [_thread_blocked, id=96515, stack(0x000000017ec28000,0x000000017ee2b000)]
  0x0000000bf7005000 JavaThread "Unconstrained build operations Thread 47" [_thread_blocked, id=120323, stack(0x000000017ee34000,0x000000017f037000)]
  0x0000000bf7060000 JavaThread "Unconstrained build operations Thread 48" [_thread_blocked, id=97283, stack(0x000000017f040000,0x000000017f243000)]
  0x0000000bf7061000 JavaThread "Unconstrained build operations Thread 49" [_thread_blocked, id=97795, stack(0x000000017f24c000,0x000000017f44f000)]
  0x0000000bf7062000 JavaThread "Unconstrained build operations Thread 50" [_thread_blocked, id=98563, stack(0x000000017f458000,0x000000017f65b000)]
  0x0000000bf7063000 JavaThread "Unconstrained build operations Thread 51" [_thread_blocked, id=98819, stack(0x000000017f664000,0x000000017f867000)]
  0x0000000bf7068000 JavaThread "Unconstrained build operations Thread 52" [_thread_blocked, id=99587, stack(0x000000017f870000,0x000000017fa73000)]
  0x0000000bf7069000 JavaThread "Unconstrained build operations Thread 53" [_thread_blocked, id=119043, stack(0x000000017fa7c000,0x000000017fc7f000)]
  0x0000000bf706a000 JavaThread "Unconstrained build operations Thread 54" [_thread_blocked, id=118787, stack(0x000000017fc88000,0x000000017fe8b000)]
  0x0000000bf706b000 JavaThread "Unconstrained build operations Thread 55" [_thread_blocked, id=118531, stack(0x0000000300004000,0x0000000300207000)]
  0x0000000bf7071000 JavaThread "Unconstrained build operations Thread 56" [_thread_blocked, id=101891, stack(0x0000000300210000,0x0000000300413000)]
  0x0000000bf7072000 JavaThread "Unconstrained build operations Thread 57" [_thread_blocked, id=118019, stack(0x000000030041c000,0x000000030061f000)]
  0x0000000bf7073000 JavaThread "Unconstrained build operations Thread 58" [_thread_blocked, id=117507, stack(0x0000000300628000,0x000000030082b000)]
  0x0000000bf6c34000 JavaThread "Unconstrained build operations Thread 59" [_thread_blocked, id=117251, stack(0x0000000300834000,0x0000000300a37000)]
  0x0000000bf6c35000 JavaThread "Unconstrained build operations Thread 60" [_thread_blocked, id=103427, stack(0x0000000300a40000,0x0000000300c43000)]
  0x0000000bf6c36000 JavaThread "Unconstrained build operations Thread 61" [_thread_blocked, id=104195, stack(0x0000000300c4c000,0x0000000300e4f000)]
  0x0000000bf6c37000 JavaThread "Unconstrained build operations Thread 62" [_thread_blocked, id=104707, stack(0x0000000300e58000,0x000000030105b000)]
  0x0000000bf6c39000 JavaThread "Unconstrained build operations Thread 63" [_thread_blocked, id=105219, stack(0x0000000301064000,0x0000000301267000)]
  0x0000000bf6c3b000 JavaThread "Unconstrained build operations Thread 64" [_thread_blocked, id=115971, stack(0x0000000301270000,0x0000000301473000)]
=>0x0000000bf6c3a000 JavaThread "WorkerExecutor Queue" [_thread_in_Java, id=115459, stack(0x000000030147c000,0x000000030167f000)]
  0x0000000bf70a8000 JavaThread "Unconstrained build operations Thread 65" [_thread_blocked, id=106499, stack(0x0000000301688000,0x000000030188b000)]
  0x0000000bf70aa000 JavaThread "Unconstrained build operations Thread 66" [_thread_blocked, id=107011, stack(0x0000000301894000,0x0000000301a97000)]
  0x0000000bf70ab000 JavaThread "Unconstrained build operations Thread 67" [_thread_blocked, id=107779, stack(0x0000000301aa0000,0x0000000301ca3000)]
  0x0000000bf70bc000 JavaThread "Unconstrained build operations Thread 68" [_thread_blocked, id=108035, stack(0x0000000301cac000,0x0000000301eaf000)]
  0x0000000bf70bd000 JavaThread "Unconstrained build operations Thread 69" [_thread_blocked, id=108291, stack(0x0000000301eb8000,0x00000003020bb000)]
  0x0000000bf70be000 JavaThread "Unconstrained build operations Thread 70" [_thread_blocked, id=108803, stack(0x00000003020c4000,0x00000003022c7000)]
  0x0000000bf70bf000 JavaThread "Unconstrained build operations Thread 71" [_thread_blocked, id=113155, stack(0x00000003022d0000,0x00000003024d3000)]
  0x0000000bf6c54000 JavaThread "Unconstrained build operations Thread 72" [_thread_blocked, id=109571, stack(0x00000003024dc000,0x00000003026df000)]
  0x0000000bf6c55000 JavaThread "Unconstrained build operations Thread 73" [_thread_blocked, id=112643, stack(0x00000003026e8000,0x00000003028eb000)]
  0x0000000bf70a9000 JavaThread "Unconstrained build operations Thread 74" [_thread_blocked, id=112131, stack(0x00000003028f4000,0x0000000302af7000)]
  0x0000000bf70c8000 JavaThread "Unconstrained build operations Thread 75" [_thread_blocked, id=110595, stack(0x0000000302b00000,0x0000000302d03000)]
  0x0000000bf70c9000 JavaThread "Unconstrained build operations Thread 76" [_thread_blocked, id=111107, stack(0x0000000302d0c000,0x0000000302f0f000)]
  0x0000000bf70ca000 JavaThread "Unconstrained build operations Thread 77" [_thread_blocked, id=131331, stack(0x0000000302f18000,0x000000030311b000)]
  0x0000000bf70cb000 JavaThread "Unconstrained build operations Thread 78" [_thread_blocked, id=173827, stack(0x0000000303124000,0x0000000303327000)]
  0x0000000bf70d0000 JavaThread "Unconstrained build operations Thread 79" [_thread_blocked, id=173571, stack(0x0000000303330000,0x0000000303533000)]
  0x0000000bf70d1000 JavaThread "Unconstrained build operations Thread 80" [_thread_blocked, id=132099, stack(0x000000030353c000,0x000000030373f000)]
  0x0000000bf70d2000 JavaThread "Unconstrained build operations Thread 81" [_thread_blocked, id=172291, stack(0x0000000303748000,0x000000030394b000)]
  0x0000000bf70d3000 JavaThread "Unconstrained build operations Thread 82" [_thread_blocked, id=132611, stack(0x0000000303954000,0x0000000303b57000)]
  0x0000000bf7125000 JavaThread "Unconstrained build operations Thread 83" [_thread_blocked, id=132867, stack(0x0000000303b60000,0x0000000303d63000)]
  0x0000000bf7126000 JavaThread "Unconstrained build operations Thread 84" [_thread_blocked, id=171267, stack(0x0000000303d6c000,0x0000000303f6f000)]
  0x0000000bf7127000 JavaThread "Unconstrained build operations Thread 85" [_thread_blocked, id=171011, stack(0x0000000303f78000,0x000000030417b000)]
  0x0000000bf6c0b000 JavaThread "Unconstrained build operations Thread 86" [_thread_blocked, id=134659, stack(0x0000000304184000,0x0000000304387000)]
  0x0000000bf714c000 JavaThread "Unconstrained build operations Thread 87" [_thread_blocked, id=134915, stack(0x0000000304390000,0x0000000304593000)]
  0x0000000bf714d000 JavaThread "Unconstrained build operations Thread 88" [_thread_blocked, id=135171, stack(0x000000030459c000,0x000000030479f000)]
  0x0000000bf714e000 JavaThread "Unconstrained build operations Thread 89" [_thread_blocked, id=169475, stack(0x00000003047a8000,0x00000003049ab000)]
  0x0000000bf714f000 JavaThread "Unconstrained build operations Thread 90" [_thread_blocked, id=136195, stack(0x00000003049b4000,0x0000000304bb7000)]
  0x0000000bf7158000 JavaThread "Unconstrained build operations Thread 91" [_thread_blocked, id=136707, stack(0x0000000304bc0000,0x0000000304dc3000)]
  0x0000000bf7159000 JavaThread "pool-4-thread-1" [_thread_blocked, id=137475, stack(0x0000000304dcc000,0x0000000304fcf000)]
  0x0000000bf715a000 JavaThread "process reaper (pid 26902)" daemon [_thread_in_native, id=137987, stack(0x0000000170868000,0x000000017089f000)]
  0x0000000bf715b000 JavaThread "stderr" [_thread_in_native, id=138243, stack(0x0000000304fd8000,0x00000003051db000)]
  0x0000000bf7160000 JavaThread "stdout" [_thread_in_native, id=168195, stack(0x00000003051e4000,0x00000003053e7000)]
  0x0000000bf7162000 JavaThread "Unconstrained build operations Thread 92" [_thread_blocked, id=139523, stack(0x00000003053f0000,0x00000003055f3000)]
  0x0000000bf7163000 JavaThread "Unconstrained build operations Thread 93" [_thread_blocked, id=140291, stack(0x00000003055fc000,0x00000003057ff000)]
  0x0000000bf6c57000 JavaThread "Unconstrained build operations Thread 94" [_thread_blocked, id=140547, stack(0x0000000305808000,0x0000000305a0b000)]
  0x0000000bf7170000 JavaThread "Unconstrained build operations Thread 95" [_thread_blocked, id=167171, stack(0x0000000305a14000,0x0000000305c17000)]
  0x0000000bf7172000 JavaThread "Unconstrained build operations Thread 96" [_thread_blocked, id=141571, stack(0x0000000305c20000,0x0000000305e23000)]
  0x0000000bf7173000 JavaThread "Unconstrained build operations Thread 97" [_thread_blocked, id=142339, stack(0x0000000305e2c000,0x000000030602f000)]
  0x0000000bf7124000 JavaThread "Unconstrained build operations Thread 98" [_thread_blocked, id=142595, stack(0x0000000306038000,0x000000030623b000)]
  0x0000000bf7174000 JavaThread "Unconstrained build operations Thread 99" [_thread_blocked, id=166403, stack(0x0000000306244000,0x0000000306447000)]
  0x0000000bf7175000 JavaThread "Unconstrained build operations Thread 100" [_thread_blocked, id=165635, stack(0x0000000306450000,0x0000000306653000)]
  0x0000000bf6cf1000 JavaThread "WorkerExecutor Queue Thread 2" [_thread_in_vm, id=165379, stack(0x000000030665c000,0x000000030685f000)]
  0x0000000bf7181000 JavaThread "WorkerExecutor Queue Thread 3" [_thread_in_vm, id=143875, stack(0x0000000306868000,0x0000000306a6b000)]
  0x0000000bf7182000 JavaThread "WorkerExecutor Queue Thread 4" [_thread_in_vm, id=164355, stack(0x0000000306a74000,0x0000000306c77000)]
  0x0000000bf6d0c000 JavaThread "WorkerExecutor Queue Thread 5" [_thread_blocked, id=144899, stack(0x0000000306c80000,0x0000000306e83000)]
  0x0000000bf6d0e000 JavaThread "WorkerExecutor Queue Thread 7" [_thread_in_native, id=145923, stack(0x0000000307098000,0x000000030729b000)]
  0x0000000bf6d0f000 JavaThread "WorkerExecutor Queue Thread 8" [_thread_in_vm, id=163331, stack(0x00000003072a4000,0x00000003074a7000)]
  0x0000000bf71a8000 JavaThread "WorkerExecutor Queue Thread 9" [_thread_blocked, id=146691, stack(0x00000003074b0000,0x00000003076b3000)]
  0x0000000bf71a9000 JavaThread "WorkerExecutor Queue Thread 10" [_thread_in_vm, id=162563, stack(0x00000003076bc000,0x00000003078bf000)]
  0x0000000bf71aa000 JavaThread "WorkerExecutor Queue Thread 11" [_thread_in_vm, id=147203, stack(0x00000003078c8000,0x0000000307acb000)]
  0x0000000bf71ab000 JavaThread "Exec process" [_thread_blocked, id=161795, stack(0x0000000307ad4000,0x0000000307cd7000)]
  0x0000000bf71dc000 JavaThread "Exec process Thread 7" [_thread_blocked, id=148483, stack(0x0000000307ce0000,0x0000000307ee3000)]
  0x0000000bf71dd000 JavaThread "Exec process Thread 3" [_thread_blocked, id=161539, stack(0x0000000307eec000,0x00000003080ef000)]
  0x0000000bf71de000 JavaThread "Exec process Thread 6" [_thread_blocked, id=149507, stack(0x00000003080f8000,0x00000003082fb000)]
  0x0000000bf71df000 JavaThread "Exec process Thread 5" [_thread_blocked, id=150019, stack(0x0000000308304000,0x0000000308507000)]
  0x0000000bfcd68000 JavaThread "Exec process Thread 2" [_thread_blocked, id=150787, stack(0x0000000308510000,0x0000000308713000)]
  0x0000000bfcd69000 JavaThread "Exec process Thread 4" [_thread_blocked, id=160515, stack(0x000000030871c000,0x000000030891f000)]
  0x0000000bfcd6a000 JavaThread "process reaper" daemon [_thread_blocked, id=151811, stack(0x00000001708a8000,0x00000001708df000)]
  0x0000000bfcd6b000 JavaThread "Exec process Thread 8" [_thread_blocked, id=152323, stack(0x0000000308928000,0x0000000308b2b000)]
  0x0000000bfcd8c000 JavaThread "Exec process Thread 9" [_thread_blocked, id=159747, stack(0x0000000308b34000,0x0000000308d37000)]
  0x0000000bfcd8d000 JavaThread "process reaper" daemon [_thread_blocked, id=152835, stack(0x000000017fe94000,0x000000017fecb000)]
  0x0000000bfcd8e000 JavaThread "Exec process Thread 10" [_thread_blocked, id=158979, stack(0x0000000308d40000,0x0000000308f43000)]
  0x0000000bfcd8f000 JavaThread "Exec process Thread 11" [_thread_blocked, id=158211, stack(0x0000000308f4c000,0x000000030914f000)]
  0x0000000bfcd90000 JavaThread "process reaper" daemon [_thread_blocked, id=153603, stack(0x000000017fed4000,0x000000017ff0b000)]
  0x0000000bfcd91000 JavaThread "Exec process Thread 12" [_thread_blocked, id=157187, stack(0x0000000309158000,0x000000030935b000)]
  0x0000000bfcd92000 JavaThread "Exec process Thread 13" [_thread_blocked, id=156931, stack(0x0000000309364000,0x0000000309567000)]
  0x0000000bf6d1d000 JavaThread "process reaper" daemon [_thread_blocked, id=154627, stack(0x000000017ff14000,0x000000017ff4b000)]
  0x0000000bf7214000 JavaThread "Exec process Thread 14" [_thread_blocked, id=155395, stack(0x0000000309570000,0x0000000309773000)]
  0x0000000bf7215000 JavaThread "Exec process Thread 15" [_thread_blocked, id=155907, stack(0x000000030977c000,0x000000030997f000)]
  0x0000000bf7216000 JavaThread "process reaper" daemon [_thread_blocked, id=174851, stack(0x000000017ff54000,0x000000017ff8b000)]
  0x0000000bf7217000 JavaThread "Exec process Thread 16" [_thread_blocked, id=261379, stack(0x0000000309988000,0x0000000309b8b000)]
  0x0000000bf7238000 JavaThread "Exec process Thread 17" [_thread_blocked, id=175363, stack(0x0000000309b94000,0x0000000309d97000)]
  0x0000000bf723a000 JavaThread "process reaper" daemon [_thread_blocked, id=260099, stack(0x000000017ff94000,0x000000017ffcb000)]
  0x0000000bf723b000 JavaThread "Exec process Thread 18" [_thread_blocked, id=259331, stack(0x0000000309da0000,0x0000000309fa3000)]
  0x0000000bf725c000 JavaThread "Exec process Thread 19" [_thread_blocked, id=258819, stack(0x0000000309fac000,0x000000030a1af000)]
  0x0000000bfcd9d000 JavaThread "RMI Scheduler(0)" daemon [_thread_blocked, id=180483, stack(0x000000030ba48000,0x000000030bc4b000)]
  0x0000000bf734f000 JavaThread "RMI RenewClean-[127.0.0.1:17186,org.jetbrains.kotlin.daemon.common.LoopbackNetworkInterface$ClientLoopbackSocketFactory@1d4269a5]" daemon [_thread_blocked, id=253699, stack(0x000000030bc54000,0x000000030be57000)]
  0x0000000bf6c38000 JavaThread "RMI GC Daemon" daemon [_thread_blocked, id=252931, stack(0x000000030be60000,0x000000030c063000)]
  0x0000000bf6dc5000 JavaThread "RMI TCP Accept-0" daemon [_thread_in_native, id=180995, stack(0x000000030c06c000,0x000000030c26f000)]
  0x0000000bf6820000 JavaThread "RMI Reaper" [_thread_blocked, id=251907, stack(0x000000030c278000,0x000000030c47b000)]
  0x0000000bf6822000 JavaThread "RMI TCP Connection(1)-127.0.0.1" daemon [_thread_in_native, id=251395, stack(0x000000030c484000,0x000000030c687000)]
  0x0000000bf725d000 JavaThread "Cache worker for Java compile cache (/Users/sav/.gradle/caches/8.5/javaCompile)" [_thread_blocked, id=29447, stack(0x000000017153c000,0x000000017173f000)]
  0x0000000bfea0d000 JavaThread "Build operations" [_thread_blocked, id=23315, stack(0x0000000171954000,0x0000000171b57000)]
  0x0000000bf6dc4000 JavaThread "Build operations Thread 2" [_thread_blocked, id=178959, stack(0x000000030a3c4000,0x000000030a5c7000)]
  0x0000000bf6dc7000 JavaThread "Build operations Thread 3" [_thread_blocked, id=257043, stack(0x000000030a5d0000,0x000000030a7d3000)]
  0x0000000bfcd93000 JavaThread "Build operations Thread 4" [_thread_blocked, id=256783, stack(0x000000030a7dc000,0x000000030a9df000)]
  0x0000000bf7368000 JavaThread "Build operations Thread 5" [_thread_blocked, id=178439, stack(0x000000030a9e8000,0x000000030abeb000)]
  0x0000000bf72f2000 JavaThread "Build operations Thread 6" [_thread_blocked, id=256519, stack(0x000000030abf4000,0x000000030adf7000)]
  0x0000000bf72f3000 JavaThread "Build operations Thread 7" [_thread_blocked, id=176143, stack(0x000000030ae00000,0x000000030b003000)]
  0x0000000bf72f0000 JavaThread "Build operations Thread 8" [_thread_blocked, id=177675, stack(0x000000030b00c000,0x000000030b20f000)]
  0x0000000bfcd9c000 JavaThread "Build operations Thread 9" [_thread_blocked, id=255759, stack(0x000000030b218000,0x000000030b41b000)]
  0x0000000bf6823000 JavaThread "WorkerExecutor Queue Thread 12" [_thread_blocked, id=179731, stack(0x000000030b424000,0x000000030b627000)]

Other Threads:
  0x0000000bff198000 VMThread "VM Thread" [stack: 0x00000001701b8000,0x00000001703bb000] [id=21507]
  0x0000000bff199800 WatcherThread [stack: 0x0000000171748000,0x000000017194b000] [id=29187]
  0x0000000bff408000 GCTaskThread "GC Thread#0" [stack: 0x000000016f77c000,0x000000016f97f000] [id=15107]
  0x0000000bff19b000 GCTaskThread "GC Thread#1" [stack: 0x0000000171b60000,0x0000000171d63000] [id=24067]
  0x0000000bff374000 GCTaskThread "GC Thread#2" [stack: 0x0000000171d6c000,0x0000000171f6f000] [id=28163]
  0x0000000bff375000 GCTaskThread "GC Thread#3" [stack: 0x0000000171f78000,0x000000017217b000] [id=27907]
  0x0000000bff375800 GCTaskThread "GC Thread#4" [stack: 0x0000000172184000,0x0000000172387000] [id=27395]
  0x0000000bff376800 GCTaskThread "GC Thread#5" [stack: 0x0000000172390000,0x0000000172593000] [id=26883]
  0x0000000bff3ff000 GCTaskThread "GC Thread#6" [stack: 0x0000000173a14000,0x0000000173c17000] [id=35587]
  0x0000000bffd48000 GCTaskThread "GC Thread#7" [stack: 0x0000000173c20000,0x0000000173e23000] [id=40195]
  0x0000000bffd49000 GCTaskThread "GC Thread#8" [stack: 0x0000000173e2c000,0x000000017402f000] [id=39683]
  0x0000000bff409000 ConcurrentGCThread "G1 Main Marker" [stack: 0x000000016f988000,0x000000016fb8b000] [id=14595]
  0x0000000bff409800 ConcurrentGCThread "G1 Conc#0" [stack: 0x000000016fb94000,0x000000016fd97000] [id=11779]
  0x0000000bffd49800 ConcurrentGCThread "G1 Conc#1" [stack: 0x0000000174038000,0x000000017423b000] [id=35843]
  0x0000000bff40a800 ConcurrentGCThread "G1 Refine#0" [stack: 0x000000016fda0000,0x000000016ffa3000] [id=13571]
  0x0000000c00d54000 ConcurrentGCThread "G1 Refine#1" [stack: 0x000000030a1b8000,0x000000030a3bb000] [id=258511]
  0x0000000c00d57000 ConcurrentGCThread "G1 Refine#2" [stack: 0x000000030b83c000,0x000000030ba3f000] [id=180339]
  0x0000000bff85d800 ConcurrentGCThread "G1 Refine#3" [stack: 0x0000000306e8c000,0x000000030708f000] [id=163867]
  0x0000000bff40b000 ConcurrentGCThread "G1 Young RemSet Sampling" [stack: 0x000000016ffac000,0x00000001701af000] [id=13315]

Threads with active compile tasks:
C2 CompilerThread0    15583 18475       4       com.google.common.collect.ImmutableMap::copyOf (58 bytes)

VM state:not at safepoint (normal execution)

VM Mutex/Monitor currently owned by a thread: None

Heap address: 0x0000000740000000, size: 2048 MB, Compressed Oops mode: Zero based, Oop shift amount: 3
Narrow klass base: 0x0000000800000000, Narrow klass shift: 0
Compressed class space size: 1073741824 Address: 0x0000000800000000

Heap:
 garbage-first heap   total 653312K, used 356504K [0x0000000740000000, 0x00000007c0000000)
  region size 1024K, 79 young (80896K), 21 survivors (21504K)
 Metaspace       used 127755K, capacity 132132K, committed 132256K, reserved 1163264K
  class space    used 17131K, capacity 18919K, committed 19008K, reserved 1048576K
Heap Regions: E=young(eden), S=young(survivor), O=old, HS=humongous(starts), HC=humongous(continues), CS=collection set, F=free, A=archive, TAMS=top-at-mark-start (previous, next)
|   0|0x0000000740000000, 0x0000000740100000, 0x0000000740100000|100%|HS|  |TAMS 0x0000000740100000, 0x0000000740000000| Complete 
|   1|0x0000000740100000, 0x0000000740200000, 0x0000000740200000|100%|HC|  |TAMS 0x0000000740200000, 0x0000000740100000| Complete 
|   2|0x0000000740200000, 0x0000000740300000, 0x0000000740300000|100%|HC|  |TAMS 0x0000000740300000, 0x0000000740200000| Complete 
|   3|0x0000000740300000, 0x0000000740400000, 0x0000000740400000|100%|HC|  |TAMS 0x0000000740400000, 0x0000000740300000| Complete 
|   4|0x0000000740400000, 0x0000000740500000, 0x0000000740500000|100%| O|  |TAMS 0x0000000740500000, 0x0000000740400000| Untracked 
|   5|0x0000000740500000, 0x0000000740600000, 0x0000000740600000|100%| O|  |TAMS 0x0000000740600000, 0x0000000740500000| Untracked 
|   6|0x0000000740600000, 0x0000000740700000, 0x0000000740700000|100%| O|  |TAMS 0x0000000740700000, 0x0000000740600000| Untracked 
|   7|0x0000000740700000, 0x0000000740800000, 0x0000000740800000|100%| O|  |TAMS 0x0000000740800000, 0x0000000740700000| Untracked 
|   8|0x0000000740800000, 0x0000000740900000, 0x0000000740900000|100%| O|  |TAMS 0x0000000740900000, 0x0000000740800000| Untracked 
|   9|0x0000000740900000, 0x0000000740a00000, 0x0000000740a00000|100%| O|  |TAMS 0x0000000740a00000, 0x0000000740900000| Untracked 
|  10|0x0000000740a00000, 0x0000000740b00000, 0x0000000740b00000|100%| O|  |TAMS 0x0000000740b00000, 0x0000000740a00000| Untracked 
|  11|0x0000000740b00000, 0x0000000740c00000, 0x0000000740c00000|100%| O|  |TAMS 0x0000000740c00000, 0x0000000740b00000| Untracked 
|  12|0x0000000740c00000, 0x0000000740d00000, 0x0000000740d00000|100%| O|  |TAMS 0x0000000740d00000, 0x0000000740c00000| Untracked 
|  13|0x0000000740d00000, 0x0000000740e00000, 0x0000000740e00000|100%| O|  |TAMS 0x0000000740e00000, 0x0000000740d00000| Untracked 
|  14|0x0000000740e00000, 0x0000000740f00000, 0x0000000740f00000|100%| O|  |TAMS 0x0000000740f00000, 0x0000000740e00000| Untracked 
|  15|0x0000000740f00000, 0x0000000741000000, 0x0000000741000000|100%| O|  |TAMS 0x0000000741000000, 0x0000000740f00000| Untracked 
|  16|0x0000000741000000, 0x0000000741100000, 0x0000000741100000|100%| O|  |TAMS 0x0000000741100000, 0x0000000741000000| Untracked 
|  17|0x0000000741100000, 0x0000000741200000, 0x0000000741200000|100%| O|  |TAMS 0x0000000741200000, 0x0000000741100000| Untracked 
|  18|0x0000000741200000, 0x0000000741300000, 0x0000000741300000|100%| O|  |TAMS 0x0000000741300000, 0x0000000741200000| Untracked 
|  19|0x0000000741300000, 0x0000000741400000, 0x0000000741400000|100%| O|  |TAMS 0x0000000741400000, 0x0000000741300000| Untracked 
|  20|0x0000000741400000, 0x0000000741500000, 0x0000000741500000|100%| O|  |TAMS 0x0000000741500000, 0x0000000741400000| Untracked 
|  21|0x0000000741500000, 0x0000000741600000, 0x0000000741600000|100%| O|  |TAMS 0x0000000741600000, 0x0000000741500000| Untracked 
|  22|0x0000000741600000, 0x0000000741700000, 0x0000000741700000|100%| O|  |TAMS 0x0000000741700000, 0x0000000741600000| Untracked 
|  23|0x0000000741700000, 0x0000000741800000, 0x0000000741800000|100%| O|  |TAMS 0x0000000741800000, 0x0000000741700000| Untracked 
|  24|0x0000000741800000, 0x0000000741900000, 0x0000000741900000|100%|HS|  |TAMS 0x0000000741900000, 0x0000000741800000| Complete 
|  25|0x0000000741900000, 0x0000000741a00000, 0x0000000741a00000|100%|HS|  |TAMS 0x0000000741a00000, 0x0000000741900000| Complete 
|  26|0x0000000741a00000, 0x0000000741b00000, 0x0000000741b00000|100%|HC|  |TAMS 0x0000000741b00000, 0x0000000741a00000| Complete 
|  27|0x0000000741b00000, 0x0000000741c00000, 0x0000000741c00000|100%|HS|  |TAMS 0x0000000741c00000, 0x0000000741b00000| Complete 
|  28|0x0000000741c00000, 0x0000000741d00000, 0x0000000741d00000|100%|HS|  |TAMS 0x0000000741d00000, 0x0000000741c00000| Complete 
|  29|0x0000000741d00000, 0x0000000741e00000, 0x0000000741e00000|100%|HC|  |TAMS 0x0000000741e00000, 0x0000000741d00000| Complete 
|  30|0x0000000741e00000, 0x0000000741f00000, 0x0000000741f00000|100%|HC|  |TAMS 0x0000000741f00000, 0x0000000741e00000| Complete 
|  31|0x0000000741f00000, 0x0000000742000000, 0x0000000742000000|100%|HC|  |TAMS 0x0000000742000000, 0x0000000741f00000| Complete 
|  32|0x0000000742000000, 0x0000000742100000, 0x0000000742100000|100%| O|  |TAMS 0x0000000742100000, 0x0000000742000000| Untracked 
|  33|0x0000000742100000, 0x0000000742200000, 0x0000000742200000|100%|HS|  |TAMS 0x0000000742200000, 0x0000000742100000| Complete 
|  34|0x0000000742200000, 0x0000000742300000, 0x0000000742300000|100%|HS|  |TAMS 0x0000000742300000, 0x0000000742200000| Complete 
|  35|0x0000000742300000, 0x0000000742400000, 0x0000000742400000|100%|HC|  |TAMS 0x0000000742400000, 0x0000000742300000| Complete 
|  36|0x0000000742400000, 0x0000000742500000, 0x0000000742500000|100%| O|  |TAMS 0x0000000742500000, 0x0000000742400000| Untracked 
|  37|0x0000000742500000, 0x0000000742600000, 0x0000000742600000|100%| O|  |TAMS 0x0000000742600000, 0x0000000742500000| Untracked 
|  38|0x0000000742600000, 0x0000000742700000, 0x0000000742700000|100%| O|  |TAMS 0x0000000742700000, 0x0000000742600000| Untracked 
|  39|0x0000000742700000, 0x0000000742800000, 0x0000000742800000|100%| O|  |TAMS 0x0000000742800000, 0x0000000742700000| Untracked 
|  40|0x0000000742800000, 0x0000000742900000, 0x0000000742900000|100%| O|  |TAMS 0x0000000742900000, 0x0000000742800000| Untracked 
|  41|0x0000000742900000, 0x0000000742a00000, 0x0000000742a00000|100%| O|  |TAMS 0x0000000742a00000, 0x0000000742900000| Untracked 
|  42|0x0000000742a00000, 0x0000000742b00000, 0x0000000742b00000|100%|HS|  |TAMS 0x0000000742b00000, 0x0000000742a00000| Complete 
|  43|0x0000000742b00000, 0x0000000742c00000, 0x0000000742c00000|100%|HC|  |TAMS 0x0000000742c00000, 0x0000000742b00000| Complete 
|  44|0x0000000742c00000, 0x0000000742d00000, 0x0000000742d00000|100%|HC|  |TAMS 0x0000000742d00000, 0x0000000742c00000| Complete 
|  45|0x0000000742d00000, 0x0000000742e00000, 0x0000000742e00000|100%|HC|  |TAMS 0x0000000742e00000, 0x0000000742d00000| Complete 
|  46|0x0000000742e00000, 0x0000000742f00000, 0x0000000742f00000|100%| O|  |TAMS 0x0000000742f00000, 0x0000000742e00000| Untracked 
|  47|0x0000000742f00000, 0x0000000743000000, 0x0000000743000000|100%| O|  |TAMS 0x0000000743000000, 0x0000000742f00000| Untracked 
|  48|0x0000000743000000, 0x0000000743100000, 0x0000000743100000|100%| O|  |TAMS 0x0000000743100000, 0x0000000743000000| Untracked 
|  49|0x0000000743100000, 0x0000000743200000, 0x0000000743200000|100%| O|  |TAMS 0x0000000743200000, 0x0000000743100000| Untracked 
|  50|0x0000000743200000, 0x0000000743300000, 0x0000000743300000|100%| O|  |TAMS 0x0000000743300000, 0x0000000743200000| Untracked 
|  51|0x0000000743300000, 0x0000000743400000, 0x0000000743400000|100%| O|  |TAMS 0x0000000743400000, 0x0000000743300000| Untracked 
|  52|0x0000000743400000, 0x0000000743500000, 0x0000000743500000|100%| O|  |TAMS 0x0000000743500000, 0x0000000743400000| Untracked 
|  53|0x0000000743500000, 0x0000000743600000, 0x0000000743600000|100%| O|  |TAMS 0x0000000743600000, 0x0000000743500000| Untracked 
|  54|0x0000000743600000, 0x0000000743700000, 0x0000000743700000|100%| O|  |TAMS 0x0000000743700000, 0x0000000743600000| Untracked 
|  55|0x0000000743700000, 0x0000000743800000, 0x0000000743800000|100%| O|  |TAMS 0x0000000743800000, 0x0000000743700000| Untracked 
|  56|0x0000000743800000, 0x0000000743900000, 0x0000000743900000|100%| O|  |TAMS 0x0000000743900000, 0x0000000743800000| Untracked 
|  57|0x0000000743900000, 0x0000000743a00000, 0x0000000743a00000|100%| O|  |TAMS 0x0000000743a00000, 0x0000000743900000| Untracked 
|  58|0x0000000743a00000, 0x0000000743b00000, 0x0000000743b00000|100%| O|  |TAMS 0x0000000743b00000, 0x0000000743a00000| Untracked 
|  59|0x0000000743b00000, 0x0000000743c00000, 0x0000000743c00000|100%| O|  |TAMS 0x0000000743c00000, 0x0000000743b00000| Untracked 
|  60|0x0000000743c00000, 0x0000000743d00000, 0x0000000743d00000|100%| O|  |TAMS 0x0000000743d00000, 0x0000000743c00000| Untracked 
|  61|0x0000000743d00000, 0x0000000743e00000, 0x0000000743e00000|100%| O|  |TAMS 0x0000000743e00000, 0x0000000743d00000| Untracked 
|  62|0x0000000743e00000, 0x0000000743f00000, 0x0000000743f00000|100%| O|  |TAMS 0x0000000743f00000, 0x0000000743e00000| Untracked 
|  63|0x0000000743f00000, 0x0000000744000000, 0x0000000744000000|100%| O|  |TAMS 0x0000000744000000, 0x0000000743f00000| Untracked 
|  64|0x0000000744000000, 0x0000000744100000, 0x0000000744100000|100%| O|  |TAMS 0x0000000744100000, 0x0000000744000000| Untracked 
|  65|0x0000000744100000, 0x0000000744200000, 0x0000000744200000|100%| O|  |TAMS 0x0000000744200000, 0x0000000744100000| Untracked 
|  66|0x0000000744200000, 0x0000000744300000, 0x0000000744300000|100%| O|  |TAMS 0x0000000744300000, 0x0000000744200000| Untracked 
|  67|0x0000000744300000, 0x0000000744400000, 0x0000000744400000|100%| O|  |TAMS 0x0000000744400000, 0x0000000744300000| Untracked 
|  68|0x0000000744400000, 0x0000000744500000, 0x0000000744500000|100%| O|  |TAMS 0x0000000744500000, 0x0000000744400000| Untracked 
|  69|0x0000000744500000, 0x0000000744600000, 0x0000000744600000|100%| O|  |TAMS 0x0000000744600000, 0x0000000744500000| Untracked 
|  70|0x0000000744600000, 0x0000000744700000, 0x0000000744700000|100%| O|  |TAMS 0x0000000744700000, 0x0000000744600000| Untracked 
|  71|0x0000000744700000, 0x0000000744800000, 0x0000000744800000|100%| O|  |TAMS 0x0000000744800000, 0x0000000744700000| Untracked 
|  72|0x0000000744800000, 0x0000000744900000, 0x0000000744900000|100%| O|  |TAMS 0x0000000744900000, 0x0000000744800000| Untracked 
|  73|0x0000000744900000, 0x0000000744a00000, 0x0000000744a00000|100%| O|  |TAMS 0x0000000744a00000, 0x0000000744900000| Untracked 
|  74|0x0000000744a00000, 0x0000000744b00000, 0x0000000744b00000|100%| O|  |TAMS 0x0000000744b00000, 0x0000000744a00000| Untracked 
|  75|0x0000000744b00000, 0x0000000744c00000, 0x0000000744c00000|100%| O|  |TAMS 0x0000000744c00000, 0x0000000744b00000| Untracked 
|  76|0x0000000744c00000, 0x0000000744d00000, 0x0000000744d00000|100%| O|  |TAMS 0x0000000744d00000, 0x0000000744c00000| Untracked 
|  77|0x0000000744d00000, 0x0000000744e00000, 0x0000000744e00000|100%| O|  |TAMS 0x0000000744e00000, 0x0000000744d00000| Untracked 
|  78|0x0000000744e00000, 0x0000000744f00000, 0x0000000744f00000|100%| O|  |TAMS 0x0000000744f00000, 0x0000000744e00000| Untracked 
|  79|0x0000000744f00000, 0x0000000745000000, 0x0000000745000000|100%| O|  |TAMS 0x0000000745000000, 0x0000000744f00000| Untracked 
|  80|0x0000000745000000, 0x0000000745100000, 0x0000000745100000|100%| O|  |TAMS 0x0000000745100000, 0x0000000745000000| Untracked 
|  81|0x0000000745100000, 0x0000000745200000, 0x0000000745200000|100%| O|  |TAMS 0x0000000745200000, 0x0000000745100000| Untracked 
|  82|0x0000000745200000, 0x0000000745300000, 0x0000000745300000|100%| O|  |TAMS 0x0000000745300000, 0x0000000745200000| Untracked 
|  83|0x0000000745300000, 0x0000000745400000, 0x0000000745400000|100%| O|  |TAMS 0x0000000745400000, 0x0000000745300000| Untracked 
|  84|0x0000000745400000, 0x0000000745500000, 0x0000000745500000|100%| O|  |TAMS 0x0000000745500000, 0x0000000745400000| Untracked 
|  85|0x0000000745500000, 0x0000000745600000, 0x0000000745600000|100%| O|  |TAMS 0x0000000745600000, 0x0000000745500000| Untracked 
|  86|0x0000000745600000, 0x0000000745700000, 0x0000000745700000|100%| O|  |TAMS 0x0000000745700000, 0x0000000745600000| Untracked 
|  87|0x0000000745700000, 0x0000000745800000, 0x0000000745800000|100%| O|  |TAMS 0x0000000745800000, 0x0000000745700000| Untracked 
|  88|0x0000000745800000, 0x0000000745900000, 0x0000000745900000|100%| O|  |TAMS 0x0000000745900000, 0x0000000745800000| Untracked 
|  89|0x0000000745900000, 0x0000000745a00000, 0x0000000745a00000|100%| O|  |TAMS 0x0000000745a00000, 0x0000000745900000| Untracked 
|  90|0x0000000745a00000, 0x0000000745b00000, 0x0000000745b00000|100%| O|  |TAMS 0x0000000745b00000, 0x0000000745a00000| Untracked 
|  91|0x0000000745b00000, 0x0000000745c00000, 0x0000000745c00000|100%| O|  |TAMS 0x0000000745c00000, 0x0000000745b00000| Untracked 
|  92|0x0000000745c00000, 0x0000000745d00000, 0x0000000745d00000|100%| O|  |TAMS 0x0000000745d00000, 0x0000000745c00000| Untracked 
|  93|0x0000000745d00000, 0x0000000745e00000, 0x0000000745e00000|100%| O|  |TAMS 0x0000000745e00000, 0x0000000745d00000| Untracked 
|  94|0x0000000745e00000, 0x0000000745f00000, 0x0000000745f00000|100%| O|  |TAMS 0x0000000745f00000, 0x0000000745e00000| Untracked 
|  95|0x0000000745f00000, 0x0000000746000000, 0x0000000746000000|100%| O|  |TAMS 0x0000000746000000, 0x0000000745f00000| Untracked 
|  96|0x0000000746000000, 0x0000000746100000, 0x0000000746100000|100%| O|  |TAMS 0x0000000746100000, 0x0000000746000000| Untracked 
|  97|0x0000000746100000, 0x0000000746200000, 0x0000000746200000|100%|HS|  |TAMS 0x0000000746200000, 0x0000000746100000| Complete 
|  98|0x0000000746200000, 0x0000000746300000, 0x0000000746300000|100%|HC|  |TAMS 0x0000000746300000, 0x0000000746200000| Complete 
|  99|0x0000000746300000, 0x0000000746400000, 0x0000000746400000|100%|HS|  |TAMS 0x0000000746400000, 0x0000000746300000| Complete 
| 100|0x0000000746400000, 0x0000000746500000, 0x0000000746500000|100%|HC|  |TAMS 0x0000000746500000, 0x0000000746400000| Complete 
| 101|0x0000000746500000, 0x0000000746600000, 0x0000000746600000|100%|HC|  |TAMS 0x0000000746600000, 0x0000000746500000| Complete 
| 102|0x0000000746600000, 0x0000000746700000, 0x0000000746700000|100%|HS|  |TAMS 0x0000000746700000, 0x0000000746600000| Complete 
| 103|0x0000000746700000, 0x0000000746800000, 0x0000000746800000|100%|HC|  |TAMS 0x0000000746800000, 0x0000000746700000| Complete 
| 104|0x0000000746800000, 0x0000000746900000, 0x0000000746900000|100%|HS|  |TAMS 0x0000000746900000, 0x0000000746800000| Complete 
| 105|0x0000000746900000, 0x0000000746a00000, 0x0000000746a00000|100%|HS|  |TAMS 0x0000000746a00000, 0x0000000746900000| Complete 
| 106|0x0000000746a00000, 0x0000000746b00000, 0x0000000746b00000|100%|HS|  |TAMS 0x0000000746b00000, 0x0000000746a00000| Complete 
| 107|0x0000000746b00000, 0x0000000746c00000, 0x0000000746c00000|100%|HS|  |TAMS 0x0000000746c00000, 0x0000000746b00000| Complete 
| 108|0x0000000746c00000, 0x0000000746d00000, 0x0000000746d00000|100%| O|  |TAMS 0x0000000746d00000, 0x0000000746c00000| Untracked 
| 109|0x0000000746d00000, 0x0000000746e00000, 0x0000000746e00000|100%| O|  |TAMS 0x0000000746e00000, 0x0000000746d00000| Untracked 
| 110|0x0000000746e00000, 0x0000000746f00000, 0x0000000746f00000|100%| O|  |TAMS 0x0000000746f00000, 0x0000000746e00000| Untracked 
| 111|0x0000000746f00000, 0x0000000747000000, 0x0000000747000000|100%| O|  |TAMS 0x0000000747000000, 0x0000000746f00000| Untracked 
| 112|0x0000000747000000, 0x0000000747100000, 0x0000000747100000|100%| O|  |TAMS 0x0000000747100000, 0x0000000747000000| Untracked 
| 113|0x0000000747100000, 0x0000000747200000, 0x0000000747200000|100%| O|  |TAMS 0x0000000747200000, 0x0000000747100000| Untracked 
| 114|0x0000000747200000, 0x0000000747300000, 0x0000000747300000|100%| O|  |TAMS 0x0000000747300000, 0x0000000747200000| Untracked 
| 115|0x0000000747300000, 0x0000000747400000, 0x0000000747400000|100%| O|  |TAMS 0x0000000747400000, 0x0000000747300000| Untracked 
| 116|0x0000000747400000, 0x0000000747500000, 0x0000000747500000|100%| O|  |TAMS 0x0000000747500000, 0x0000000747400000| Untracked 
| 117|0x0000000747500000, 0x0000000747600000, 0x0000000747600000|100%| O|  |TAMS 0x0000000747600000, 0x0000000747500000| Untracked 
| 118|0x0000000747600000, 0x0000000747700000, 0x0000000747700000|100%| O|  |TAMS 0x0000000747700000, 0x0000000747600000| Untracked 
| 119|0x0000000747700000, 0x0000000747800000, 0x0000000747800000|100%| O|  |TAMS 0x0000000747800000, 0x0000000747700000| Untracked 
| 120|0x0000000747800000, 0x0000000747900000, 0x0000000747900000|100%| O|  |TAMS 0x0000000747900000, 0x0000000747800000| Untracked 
| 121|0x0000000747900000, 0x0000000747a00000, 0x0000000747a00000|100%| O|  |TAMS 0x0000000747a00000, 0x0000000747900000| Untracked 
| 122|0x0000000747a00000, 0x0000000747b00000, 0x0000000747b00000|100%| O|  |TAMS 0x0000000747b00000, 0x0000000747a00000| Untracked 
| 123|0x0000000747b00000, 0x0000000747c00000, 0x0000000747c00000|100%| O|  |TAMS 0x0000000747c00000, 0x0000000747b00000| Untracked 
| 124|0x0000000747c00000, 0x0000000747d00000, 0x0000000747d00000|100%| O|  |TAMS 0x0000000747d00000, 0x0000000747c00000| Untracked 
| 125|0x0000000747d00000, 0x0000000747e00000, 0x0000000747e00000|100%| O|  |TAMS 0x0000000747e00000, 0x0000000747d00000| Untracked 
| 126|0x0000000747e00000, 0x0000000747f00000, 0x0000000747f00000|100%| O|  |TAMS 0x0000000747f00000, 0x0000000747e00000| Untracked 
| 127|0x0000000747f00000, 0x0000000748000000, 0x0000000748000000|100%| O|  |TAMS 0x0000000748000000, 0x0000000747f00000| Untracked 
| 128|0x0000000748000000, 0x0000000748100000, 0x0000000748100000|100%| O|  |TAMS 0x0000000748100000, 0x0000000748000000| Untracked 
| 129|0x0000000748100000, 0x0000000748200000, 0x0000000748200000|100%|HS|  |TAMS 0x0000000748100000, 0x0000000748100000| Complete 
| 130|0x0000000748200000, 0x0000000748300000, 0x0000000748300000|100%|HS|  |TAMS 0x0000000748200000, 0x0000000748200000| Complete 
| 131|0x0000000748300000, 0x0000000748400000, 0x0000000748400000|100%| O|  |TAMS 0x0000000748400000, 0x0000000748300000| Untracked 
| 132|0x0000000748400000, 0x0000000748500000, 0x0000000748500000|100%| O|  |TAMS 0x0000000748500000, 0x0000000748400000| Untracked 
| 133|0x0000000748500000, 0x0000000748600000, 0x0000000748600000|100%| O|  |TAMS 0x0000000748600000, 0x0000000748500000| Untracked 
| 134|0x0000000748600000, 0x0000000748700000, 0x0000000748700000|100%| O|  |TAMS 0x0000000748700000, 0x0000000748600000| Untracked 
| 135|0x0000000748700000, 0x0000000748800000, 0x0000000748800000|100%| O|  |TAMS 0x0000000748800000, 0x0000000748700000| Untracked 
| 136|0x0000000748800000, 0x0000000748900000, 0x0000000748900000|100%|HS|  |TAMS 0x0000000748900000, 0x0000000748800000| Complete 
| 137|0x0000000748900000, 0x0000000748a00000, 0x0000000748a00000|100%|HS|  |TAMS 0x0000000748900000, 0x0000000748900000| Complete 
| 138|0x0000000748a00000, 0x0000000748b00000, 0x0000000748b00000|100%|HS|  |TAMS 0x0000000748a00000, 0x0000000748a00000| Complete 
| 139|0x0000000748b00000, 0x0000000748c00000, 0x0000000748c00000|100%|HC|  |TAMS 0x0000000748b00000, 0x0000000748b00000| Complete 
| 140|0x0000000748c00000, 0x0000000748d00000, 0x0000000748d00000|100%|HS|  |TAMS 0x0000000748d00000, 0x0000000748c00000| Complete 
| 141|0x0000000748d00000, 0x0000000748e00000, 0x0000000748e00000|100%| O|  |TAMS 0x0000000748e00000, 0x0000000748d00000| Untracked 
| 142|0x0000000748e00000, 0x0000000748f00000, 0x0000000748f00000|100%| O|  |TAMS 0x0000000748f00000, 0x0000000748e00000| Untracked 
| 143|0x0000000748f00000, 0x0000000749000000, 0x0000000749000000|100%|HS|  |TAMS 0x0000000748f00000, 0x0000000748f00000| Complete 
| 144|0x0000000749000000, 0x0000000749100000, 0x0000000749100000|100%|HC|  |TAMS 0x0000000749000000, 0x0000000749000000| Complete 
| 145|0x0000000749100000, 0x0000000749200000, 0x0000000749200000|100%| O|  |TAMS 0x0000000749200000, 0x0000000749100000| Untracked 
| 146|0x0000000749200000, 0x0000000749300000, 0x0000000749300000|100%|HS|  |TAMS 0x0000000749200000, 0x0000000749200000| Complete 
| 147|0x0000000749300000, 0x0000000749400000, 0x0000000749400000|100%| O|  |TAMS 0x0000000749400000, 0x0000000749300000| Untracked 
| 148|0x0000000749400000, 0x0000000749500000, 0x0000000749500000|100%| O|  |TAMS 0x0000000749400000, 0x0000000749400000| Untracked 
| 149|0x0000000749500000, 0x0000000749600000, 0x0000000749600000|100%| O|  |TAMS 0x0000000749600000, 0x0000000749500000| Untracked 
| 150|0x0000000749600000, 0x0000000749700000, 0x0000000749700000|100%| O|  |TAMS 0x0000000749600000, 0x0000000749600000| Untracked 
| 151|0x0000000749700000, 0x0000000749800000, 0x0000000749800000|100%| O|  |TAMS 0x0000000749800000, 0x0000000749700000| Untracked 
| 152|0x0000000749800000, 0x0000000749900000, 0x0000000749900000|100%| O|  |TAMS 0x0000000749800000, 0x0000000749800000| Untracked 
| 153|0x0000000749900000, 0x0000000749a00000, 0x0000000749a00000|100%| O|  |TAMS 0x0000000749a00000, 0x0000000749900000| Untracked 
| 154|0x0000000749a00000, 0x0000000749b00000, 0x0000000749b00000|100%| O|  |TAMS 0x0000000749b00000, 0x0000000749a00000| Untracked 
| 155|0x0000000749b00000, 0x0000000749c00000, 0x0000000749c00000|100%| O|  |TAMS 0x0000000749c00000, 0x0000000749b00000| Untracked 
| 156|0x0000000749c00000, 0x0000000749d00000, 0x0000000749d00000|100%| O|  |TAMS 0x0000000749d00000, 0x0000000749c00000| Untracked 
| 157|0x0000000749d00000, 0x0000000749e00000, 0x0000000749e00000|100%| O|  |TAMS 0x0000000749e00000, 0x0000000749d00000| Untracked 
| 158|0x0000000749e00000, 0x0000000749f00000, 0x0000000749f00000|100%| O|  |TAMS 0x0000000749f00000, 0x0000000749e00000| Untracked 
| 159|0x0000000749f00000, 0x000000074a000000, 0x000000074a000000|100%| O|  |TAMS 0x000000074a000000, 0x0000000749f00000| Untracked 
| 160|0x000000074a000000, 0x000000074a100000, 0x000000074a100000|100%| O|  |TAMS 0x000000074a100000, 0x000000074a000000| Untracked 
| 161|0x000000074a100000, 0x000000074a200000, 0x000000074a200000|100%| O|  |TAMS 0x000000074a200000, 0x000000074a100000| Untracked 
| 162|0x000000074a200000, 0x000000074a300000, 0x000000074a300000|100%| O|  |TAMS 0x000000074a300000, 0x000000074a200000| Untracked 
| 163|0x000000074a300000, 0x000000074a400000, 0x000000074a400000|100%| O|  |TAMS 0x000000074a400000, 0x000000074a300000| Untracked 
| 164|0x000000074a400000, 0x000000074a500000, 0x000000074a500000|100%| O|  |TAMS 0x000000074a500000, 0x000000074a400000| Untracked 
| 165|0x000000074a500000, 0x000000074a600000, 0x000000074a600000|100%| O|  |TAMS 0x000000074a600000, 0x000000074a500000| Untracked 
| 166|0x000000074a600000, 0x000000074a700000, 0x000000074a700000|100%| O|  |TAMS 0x000000074a700000, 0x000000074a600000| Untracked 
| 167|0x000000074a700000, 0x000000074a800000, 0x000000074a800000|100%| O|  |TAMS 0x000000074a800000, 0x000000074a700000| Untracked 
| 168|0x000000074a800000, 0x000000074a900000, 0x000000074a900000|100%| O|  |TAMS 0x000000074a900000, 0x000000074a800000| Untracked 
| 169|0x000000074a900000, 0x000000074aa00000, 0x000000074aa00000|100%| O|  |TAMS 0x000000074aa00000, 0x000000074a900000| Untracked 
| 170|0x000000074aa00000, 0x000000074ab00000, 0x000000074ab00000|100%| O|  |TAMS 0x000000074ab00000, 0x000000074aa00000| Untracked 
| 171|0x000000074ab00000, 0x000000074ac00000, 0x000000074ac00000|100%| O|  |TAMS 0x000000074ac00000, 0x000000074ab00000| Untracked 
| 172|0x000000074ac00000, 0x000000074ad00000, 0x000000074ad00000|100%| O|  |TAMS 0x000000074ad00000, 0x000000074ac00000| Untracked 
| 173|0x000000074ad00000, 0x000000074ae00000, 0x000000074ae00000|100%| O|  |TAMS 0x000000074ae00000, 0x000000074ad00000| Untracked 
| 174|0x000000074ae00000, 0x000000074af00000, 0x000000074af00000|100%| O|  |TAMS 0x000000074af00000, 0x000000074ae00000| Untracked 
| 175|0x000000074af00000, 0x000000074b000000, 0x000000074b000000|100%| O|  |TAMS 0x000000074b000000, 0x000000074af00000| Untracked 
| 176|0x000000074b000000, 0x000000074b100000, 0x000000074b100000|100%| O|  |TAMS 0x000000074b100000, 0x000000074b000000| Untracked 
| 177|0x000000074b100000, 0x000000074b200000, 0x000000074b200000|100%| O|  |TAMS 0x000000074b200000, 0x000000074b100000| Untracked 
| 178|0x000000074b200000, 0x000000074b300000, 0x000000074b300000|100%| O|  |TAMS 0x000000074b300000, 0x000000074b200000| Untracked 
| 179|0x000000074b300000, 0x000000074b400000, 0x000000074b400000|100%| O|  |TAMS 0x000000074b400000, 0x000000074b300000| Untracked 
| 180|0x000000074b400000, 0x000000074b500000, 0x000000074b500000|100%| O|  |TAMS 0x000000074b500000, 0x000000074b400000| Untracked 
| 181|0x000000074b500000, 0x000000074b600000, 0x000000074b600000|100%| O|  |TAMS 0x000000074b600000, 0x000000074b500000| Untracked 
| 182|0x000000074b600000, 0x000000074b700000, 0x000000074b700000|100%| O|  |TAMS 0x000000074b700000, 0x000000074b600000| Untracked 
| 183|0x000000074b700000, 0x000000074b800000, 0x000000074b800000|100%| O|  |TAMS 0x000000074b800000, 0x000000074b700000| Untracked 
| 184|0x000000074b800000, 0x000000074b900000, 0x000000074b900000|100%| O|  |TAMS 0x000000074b900000, 0x000000074b800000| Untracked 
| 185|0x000000074b900000, 0x000000074ba00000, 0x000000074ba00000|100%| O|  |TAMS 0x000000074ba00000, 0x000000074b900000| Untracked 
| 186|0x000000074ba00000, 0x000000074bb00000, 0x000000074bb00000|100%| O|  |TAMS 0x000000074bb00000, 0x000000074ba00000| Untracked 
| 187|0x000000074bb00000, 0x000000074bc00000, 0x000000074bc00000|100%| O|  |TAMS 0x000000074bc00000, 0x000000074bb00000| Untracked 
| 188|0x000000074bc00000, 0x000000074bd00000, 0x000000074bd00000|100%| O|  |TAMS 0x000000074bd00000, 0x000000074bc00000| Untracked 
| 189|0x000000074bd00000, 0x000000074be00000, 0x000000074be00000|100%| O|  |TAMS 0x000000074be00000, 0x000000074bd00000| Untracked 
| 190|0x000000074be00000, 0x000000074bf00000, 0x000000074bf00000|100%| O|  |TAMS 0x000000074bf00000, 0x000000074be00000| Untracked 
| 191|0x000000074bf00000, 0x000000074c000000, 0x000000074c000000|100%| O|  |TAMS 0x000000074c000000, 0x000000074bf00000| Untracked 
| 192|0x000000074c000000, 0x000000074c100000, 0x000000074c100000|100%| O|  |TAMS 0x000000074c100000, 0x000000074c000000| Untracked 
| 193|0x000000074c100000, 0x000000074c200000, 0x000000074c200000|100%| O|  |TAMS 0x000000074c200000, 0x000000074c100000| Untracked 
| 194|0x000000074c200000, 0x000000074c300000, 0x000000074c300000|100%| O|  |TAMS 0x000000074c300000, 0x000000074c200000| Untracked 
| 195|0x000000074c300000, 0x000000074c400000, 0x000000074c400000|100%| O|  |TAMS 0x000000074c400000, 0x000000074c300000| Untracked 
| 196|0x000000074c400000, 0x000000074c500000, 0x000000074c500000|100%| O|  |TAMS 0x000000074c500000, 0x000000074c400000| Untracked 
| 197|0x000000074c500000, 0x000000074c600000, 0x000000074c600000|100%| O|  |TAMS 0x000000074c600000, 0x000000074c500000| Untracked 
| 198|0x000000074c600000, 0x000000074c700000, 0x000000074c700000|100%| O|  |TAMS 0x000000074c700000, 0x000000074c600000| Untracked 
| 199|0x000000074c700000, 0x000000074c800000, 0x000000074c800000|100%| O|  |TAMS 0x000000074c800000, 0x000000074c700000| Untracked 
| 200|0x000000074c800000, 0x000000074c900000, 0x000000074c900000|100%| O|  |TAMS 0x000000074c900000, 0x000000074c800000| Untracked 
| 201|0x000000074c900000, 0x000000074ca00000, 0x000000074ca00000|100%| O|  |TAMS 0x000000074ca00000, 0x000000074c900000| Untracked 
| 202|0x000000074ca00000, 0x000000074cb00000, 0x000000074cb00000|100%| O|  |TAMS 0x000000074cb00000, 0x000000074ca00000| Untracked 
| 203|0x000000074cb00000, 0x000000074cc00000, 0x000000074cc00000|100%| O|  |TAMS 0x000000074cc00000, 0x000000074cb00000| Untracked 
| 204|0x000000074cc00000, 0x000000074cd00000, 0x000000074cd00000|100%| O|  |TAMS 0x000000074cd00000, 0x000000074cc00000| Untracked 
| 205|0x000000074cd00000, 0x000000074ce00000, 0x000000074ce00000|100%| O|  |TAMS 0x000000074ce00000, 0x000000074cd00000| Untracked 
| 206|0x000000074ce00000, 0x000000074cf00000, 0x000000074cf00000|100%| O|  |TAMS 0x000000074cf00000, 0x000000074ce00000| Untracked 
| 207|0x000000074cf00000, 0x000000074d000000, 0x000000074d000000|100%| O|  |TAMS 0x000000074d000000, 0x000000074cf00000| Untracked 
| 208|0x000000074d000000, 0x000000074d100000, 0x000000074d100000|100%| O|  |TAMS 0x000000074d100000, 0x000000074d000000| Untracked 
| 209|0x000000074d100000, 0x000000074d200000, 0x000000074d200000|100%| O|  |TAMS 0x000000074d200000, 0x000000074d100000| Untracked 
| 210|0x000000074d200000, 0x000000074d300000, 0x000000074d300000|100%| O|  |TAMS 0x000000074d300000, 0x000000074d200000| Untracked 
| 211|0x000000074d300000, 0x000000074d400000, 0x000000074d400000|100%| O|  |TAMS 0x000000074d400000, 0x000000074d300000| Untracked 
| 212|0x000000074d400000, 0x000000074d500000, 0x000000074d500000|100%| O|  |TAMS 0x000000074d500000, 0x000000074d400000| Untracked 
| 213|0x000000074d500000, 0x000000074d600000, 0x000000074d600000|100%| O|  |TAMS 0x000000074d600000, 0x000000074d500000| Untracked 
| 214|0x000000074d600000, 0x000000074d700000, 0x000000074d700000|100%| O|  |TAMS 0x000000074d700000, 0x000000074d600000| Untracked 
| 215|0x000000074d700000, 0x000000074d800000, 0x000000074d800000|100%| O|  |TAMS 0x000000074d800000, 0x000000074d700000| Untracked 
| 216|0x000000074d800000, 0x000000074d900000, 0x000000074d900000|100%| O|  |TAMS 0x000000074d900000, 0x000000074d800000| Untracked 
| 217|0x000000074d900000, 0x000000074da00000, 0x000000074da00000|100%| O|  |TAMS 0x000000074da00000, 0x000000074d900000| Untracked 
| 218|0x000000074da00000, 0x000000074db00000, 0x000000074db00000|100%| O|  |TAMS 0x000000074db00000, 0x000000074da00000| Untracked 
| 219|0x000000074db00000, 0x000000074dc00000, 0x000000074dc00000|100%| O|  |TAMS 0x000000074dc00000, 0x000000074db00000| Untracked 
| 220|0x000000074dc00000, 0x000000074dd00000, 0x000000074dd00000|100%| O|  |TAMS 0x000000074dd00000, 0x000000074dc00000| Untracked 
| 221|0x000000074dd00000, 0x000000074de00000, 0x000000074de00000|100%| O|  |TAMS 0x000000074de00000, 0x000000074dd00000| Untracked 
| 222|0x000000074de00000, 0x000000074df00000, 0x000000074df00000|100%| O|  |TAMS 0x000000074df00000, 0x000000074de00000| Untracked 
| 223|0x000000074df00000, 0x000000074e000000, 0x000000074e000000|100%| O|  |TAMS 0x000000074e000000, 0x000000074df00000| Untracked 
| 224|0x000000074e000000, 0x000000074e100000, 0x000000074e100000|100%| O|  |TAMS 0x000000074e100000, 0x000000074e000000| Untracked 
| 225|0x000000074e100000, 0x000000074e200000, 0x000000074e200000|100%| O|  |TAMS 0x000000074e200000, 0x000000074e100000| Untracked 
| 226|0x000000074e200000, 0x000000074e300000, 0x000000074e300000|100%| O|  |TAMS 0x000000074e300000, 0x000000074e200000| Untracked 
| 227|0x000000074e300000, 0x000000074e400000, 0x000000074e400000|100%| O|  |TAMS 0x000000074e400000, 0x000000074e300000| Untracked 
| 228|0x000000074e400000, 0x000000074e500000, 0x000000074e500000|100%| O|  |TAMS 0x000000074e500000, 0x000000074e400000| Untracked 
| 229|0x000000074e500000, 0x000000074e600000, 0x000000074e600000|100%| O|  |TAMS 0x000000074e600000, 0x000000074e500000| Untracked 
| 230|0x000000074e600000, 0x000000074e700000, 0x000000074e700000|100%| O|  |TAMS 0x000000074e700000, 0x000000074e600000| Untracked 
| 231|0x000000074e700000, 0x000000074e800000, 0x000000074e800000|100%| O|  |TAMS 0x000000074e800000, 0x000000074e700000| Untracked 
| 232|0x000000074e800000, 0x000000074e900000, 0x000000074e900000|100%| O|  |TAMS 0x000000074e900000, 0x000000074e800000| Untracked 
| 233|0x000000074e900000, 0x000000074ea00000, 0x000000074ea00000|100%| O|  |TAMS 0x000000074ea00000, 0x000000074e900000| Untracked 
| 234|0x000000074ea00000, 0x000000074eb00000, 0x000000074eb00000|100%| O|  |TAMS 0x000000074eb00000, 0x000000074ea00000| Untracked 
| 235|0x000000074eb00000, 0x000000074ec00000, 0x000000074ec00000|100%| O|  |TAMS 0x000000074ec00000, 0x000000074eb00000| Untracked 
| 236|0x000000074ec00000, 0x000000074ed00000, 0x000000074ed00000|100%| O|  |TAMS 0x000000074ed00000, 0x000000074ec00000| Untracked 
| 237|0x000000074ed00000, 0x000000074ee00000, 0x000000074ee00000|100%| O|  |TAMS 0x000000074ee00000, 0x000000074ed00000| Untracked 
| 238|0x000000074ee00000, 0x000000074ef00000, 0x000000074ef00000|100%| O|  |TAMS 0x000000074ef00000, 0x000000074ee00000| Untracked 
| 239|0x000000074ef00000, 0x000000074f000000, 0x000000074f000000|100%| O|  |TAMS 0x000000074f000000, 0x000000074ef00000| Untracked 
| 240|0x000000074f000000, 0x000000074f100000, 0x000000074f100000|100%| O|  |TAMS 0x000000074f100000, 0x000000074f000000| Untracked 
| 241|0x000000074f100000, 0x000000074f200000, 0x000000074f200000|100%| O|  |TAMS 0x000000074f12ce00, 0x000000074f100000| Untracked 
| 242|0x000000074f200000, 0x000000074f300000, 0x000000074f300000|100%|HS|  |TAMS 0x000000074f200000, 0x000000074f200000| Complete 
| 243|0x000000074f300000, 0x000000074f400000, 0x000000074f400000|100%|HS|  |TAMS 0x000000074f300000, 0x000000074f300000| Complete 
| 244|0x000000074f400000, 0x000000074f400000, 0x000000074f500000|  0%| F|  |TAMS 0x000000074f400000, 0x000000074f400000| Untracked 
| 245|0x000000074f500000, 0x000000074f500000, 0x000000074f600000|  0%| F|  |TAMS 0x000000074f500000, 0x000000074f500000| Untracked 
| 246|0x000000074f600000, 0x000000074f700000, 0x000000074f700000|100%| O|  |TAMS 0x000000074f600000, 0x000000074f600000| Untracked 
| 247|0x000000074f700000, 0x000000074f800000, 0x000000074f800000|100%|HS|  |TAMS 0x000000074f700000, 0x000000074f700000| Complete 
| 248|0x000000074f800000, 0x000000074f800000, 0x000000074f900000|  0%| F|  |TAMS 0x000000074f800000, 0x000000074f800000| Untracked 
| 249|0x000000074f900000, 0x000000074f900000, 0x000000074fa00000|  0%| F|  |TAMS 0x000000074f900000, 0x000000074f900000| Untracked 
| 250|0x000000074fa00000, 0x000000074fb00000, 0x000000074fb00000|100%|HS|  |TAMS 0x000000074fa00000, 0x000000074fa00000| Complete 
| 251|0x000000074fb00000, 0x000000074fc00000, 0x000000074fc00000|100%|HC|  |TAMS 0x000000074fb00000, 0x000000074fb00000| Complete 
| 252|0x000000074fc00000, 0x000000074fd00000, 0x000000074fd00000|100%|HS|  |TAMS 0x000000074fc00000, 0x000000074fc00000| Complete 
| 253|0x000000074fd00000, 0x000000074fe00000, 0x000000074fe00000|100%|HC|  |TAMS 0x000000074fd00000, 0x000000074fd00000| Complete 
| 254|0x000000074fe00000, 0x000000074ff00000, 0x000000074ff00000|100%| O|  |TAMS 0x000000074fe00000, 0x000000074fe00000| Untracked 
| 255|0x000000074ff00000, 0x0000000750000000, 0x0000000750000000|100%| O|  |TAMS 0x000000074ff00000, 0x000000074ff00000| Untracked 
| 256|0x0000000750000000, 0x0000000750100000, 0x0000000750100000|100%| O|  |TAMS 0x0000000750000000, 0x0000000750000000| Untracked 
| 257|0x0000000750100000, 0x0000000750200000, 0x0000000750200000|100%|HS|  |TAMS 0x0000000750100000, 0x0000000750100000| Complete 
| 258|0x0000000750200000, 0x0000000750300000, 0x0000000750300000|100%| O|  |TAMS 0x0000000750200000, 0x0000000750200000| Untracked 
| 259|0x0000000750300000, 0x0000000750400000, 0x0000000750400000|100%| O|  |TAMS 0x0000000750300000, 0x0000000750300000| Untracked 
| 260|0x0000000750400000, 0x0000000750500000, 0x0000000750500000|100%| O|  |TAMS 0x0000000750400000, 0x0000000750400000| Untracked 
| 261|0x0000000750500000, 0x0000000750600000, 0x0000000750600000|100%| O|  |TAMS 0x0000000750500000, 0x0000000750500000| Untracked 
| 262|0x0000000750600000, 0x0000000750700000, 0x0000000750700000|100%|HS|  |TAMS 0x0000000750600000, 0x0000000750600000| Complete 
| 263|0x0000000750700000, 0x0000000750800000, 0x0000000750800000|100%| O|  |TAMS 0x0000000750700000, 0x0000000750700000| Untracked 
| 264|0x0000000750800000, 0x0000000750900000, 0x0000000750900000|100%| O|  |TAMS 0x0000000750800000, 0x0000000750800000| Untracked 
| 265|0x0000000750900000, 0x0000000750a00000, 0x0000000750a00000|100%| O|  |TAMS 0x0000000750900000, 0x0000000750900000| Untracked 
| 266|0x0000000750a00000, 0x0000000750b00000, 0x0000000750b00000|100%| O|  |TAMS 0x0000000750a00000, 0x0000000750a00000| Untracked 
| 267|0x0000000750b00000, 0x0000000750c00000, 0x0000000750c00000|100%| O|  |TAMS 0x0000000750b00000, 0x0000000750b00000| Untracked 
| 268|0x0000000750c00000, 0x0000000750d00000, 0x0000000750d00000|100%| O|  |TAMS 0x0000000750c00000, 0x0000000750c00000| Untracked 
| 269|0x0000000750d00000, 0x0000000750e00000, 0x0000000750e00000|100%| O|  |TAMS 0x0000000750d00000, 0x0000000750d00000| Untracked 
| 270|0x0000000750e00000, 0x0000000750e26200, 0x0000000750f00000| 14%| O|  |TAMS 0x0000000750e00000, 0x0000000750e00000| Untracked 
| 271|0x0000000750f00000, 0x0000000750f00000, 0x0000000751000000|  0%| F|  |TAMS 0x0000000750f00000, 0x0000000750f00000| Untracked 
| 272|0x0000000751000000, 0x0000000751000000, 0x0000000751100000|  0%| F|  |TAMS 0x0000000751000000, 0x0000000751000000| Untracked 
| 273|0x0000000751100000, 0x0000000751100000, 0x0000000751200000|  0%| F|  |TAMS 0x0000000751100000, 0x0000000751100000| Untracked 
| 274|0x0000000751200000, 0x0000000751200000, 0x0000000751300000|  0%| F|  |TAMS 0x0000000751200000, 0x0000000751200000| Untracked 
| 275|0x0000000751300000, 0x0000000751300000, 0x0000000751400000|  0%| F|  |TAMS 0x0000000751300000, 0x0000000751300000| Untracked 
| 276|0x0000000751400000, 0x0000000751400000, 0x0000000751500000|  0%| F|  |TAMS 0x0000000751400000, 0x0000000751400000| Untracked 
| 277|0x0000000751500000, 0x0000000751500000, 0x0000000751600000|  0%| F|  |TAMS 0x0000000751500000, 0x0000000751500000| Untracked 
| 278|0x0000000751600000, 0x0000000751600000, 0x0000000751700000|  0%| F|  |TAMS 0x0000000751600000, 0x0000000751600000| Untracked 
| 279|0x0000000751700000, 0x0000000751800000, 0x0000000751800000|100%| O|  |TAMS 0x0000000751700000, 0x0000000751700000| Untracked 
| 280|0x0000000751800000, 0x0000000751900000, 0x0000000751900000|100%| O|  |TAMS 0x0000000751800000, 0x0000000751800000| Untracked 
| 281|0x0000000751900000, 0x0000000751a00000, 0x0000000751a00000|100%| O|  |TAMS 0x0000000751900000, 0x0000000751900000| Untracked 
| 282|0x0000000751a00000, 0x0000000751b00000, 0x0000000751b00000|100%| O|  |TAMS 0x0000000751a00000, 0x0000000751a00000| Untracked 
| 283|0x0000000751b00000, 0x0000000751c00000, 0x0000000751c00000|100%| O|  |TAMS 0x0000000751b00000, 0x0000000751b00000| Untracked 
| 284|0x0000000751c00000, 0x0000000751c00000, 0x0000000751d00000|  0%| F|  |TAMS 0x0000000751c00000, 0x0000000751c00000| Untracked 
| 285|0x0000000751d00000, 0x0000000751d00000, 0x0000000751e00000|  0%| F|  |TAMS 0x0000000751d00000, 0x0000000751d00000| Untracked 
| 286|0x0000000751e00000, 0x0000000751e00000, 0x0000000751f00000|  0%| F|  |TAMS 0x0000000751e00000, 0x0000000751e00000| Untracked 
| 287|0x0000000751f00000, 0x0000000751f00000, 0x0000000752000000|  0%| F|  |TAMS 0x0000000751f00000, 0x0000000751f00000| Untracked 
| 288|0x0000000752000000, 0x0000000752000000, 0x0000000752100000|  0%| F|  |TAMS 0x0000000752000000, 0x0000000752000000| Untracked 
| 289|0x0000000752100000, 0x0000000752100000, 0x0000000752200000|  0%| F|  |TAMS 0x0000000752100000, 0x0000000752100000| Untracked 
| 290|0x0000000752200000, 0x0000000752200000, 0x0000000752300000|  0%| F|  |TAMS 0x0000000752200000, 0x0000000752200000| Untracked 
| 291|0x0000000752300000, 0x0000000752300000, 0x0000000752400000|  0%| F|  |TAMS 0x0000000752300000, 0x0000000752300000| Untracked 
| 292|0x0000000752400000, 0x0000000752400000, 0x0000000752500000|  0%| F|  |TAMS 0x0000000752400000, 0x0000000752400000| Untracked 
| 293|0x0000000752500000, 0x0000000752500000, 0x0000000752600000|  0%| F|  |TAMS 0x0000000752500000, 0x0000000752500000| Untracked 
| 294|0x0000000752600000, 0x0000000752600000, 0x0000000752700000|  0%| F|  |TAMS 0x0000000752600000, 0x0000000752600000| Untracked 
| 295|0x0000000752700000, 0x0000000752700000, 0x0000000752800000|  0%| F|  |TAMS 0x0000000752700000, 0x0000000752700000| Untracked 
| 296|0x0000000752800000, 0x0000000752800000, 0x0000000752900000|  0%| F|  |TAMS 0x0000000752800000, 0x0000000752800000| Untracked 
| 297|0x0000000752900000, 0x0000000752900000, 0x0000000752a00000|  0%| F|  |TAMS 0x0000000752900000, 0x0000000752900000| Untracked 
| 298|0x0000000752a00000, 0x0000000752a00000, 0x0000000752b00000|  0%| F|  |TAMS 0x0000000752a00000, 0x0000000752a00000| Untracked 
| 299|0x0000000752b00000, 0x0000000752b00000, 0x0000000752c00000|  0%| F|  |TAMS 0x0000000752b00000, 0x0000000752b00000| Untracked 
| 300|0x0000000752c00000, 0x0000000752c00000, 0x0000000752d00000|  0%| F|  |TAMS 0x0000000752c00000, 0x0000000752c00000| Untracked 
| 301|0x0000000752d00000, 0x0000000752d00000, 0x0000000752e00000|  0%| F|  |TAMS 0x0000000752d00000, 0x0000000752d00000| Untracked 
| 302|0x0000000752e00000, 0x0000000752e00000, 0x0000000752f00000|  0%| F|  |TAMS 0x0000000752e00000, 0x0000000752e00000| Untracked 
| 303|0x0000000752f00000, 0x0000000752f00000, 0x0000000753000000|  0%| F|  |TAMS 0x0000000752f00000, 0x0000000752f00000| Untracked 
| 304|0x0000000753000000, 0x0000000753000000, 0x0000000753100000|  0%| F|  |TAMS 0x0000000753000000, 0x0000000753000000| Untracked 
| 305|0x0000000753100000, 0x0000000753100000, 0x0000000753200000|  0%| F|  |TAMS 0x0000000753100000, 0x0000000753100000| Untracked 
| 306|0x0000000753200000, 0x0000000753200000, 0x0000000753300000|  0%| F|  |TAMS 0x0000000753200000, 0x0000000753200000| Untracked 
| 307|0x0000000753300000, 0x0000000753300000, 0x0000000753400000|  0%| F|  |TAMS 0x0000000753300000, 0x0000000753300000| Untracked 
| 308|0x0000000753400000, 0x0000000753400000, 0x0000000753500000|  0%| F|  |TAMS 0x0000000753400000, 0x0000000753400000| Untracked 
| 309|0x0000000753500000, 0x0000000753500000, 0x0000000753600000|  0%| F|  |TAMS 0x0000000753500000, 0x0000000753500000| Untracked 
| 310|0x0000000753600000, 0x0000000753600000, 0x0000000753700000|  0%| F|  |TAMS 0x0000000753600000, 0x0000000753600000| Untracked 
| 311|0x0000000753700000, 0x0000000753700000, 0x0000000753800000|  0%| F|  |TAMS 0x0000000753700000, 0x0000000753700000| Untracked 
| 312|0x0000000753800000, 0x0000000753800000, 0x0000000753900000|  0%| F|  |TAMS 0x0000000753800000, 0x0000000753800000| Untracked 
| 313|0x0000000753900000, 0x0000000753900000, 0x0000000753a00000|  0%| F|  |TAMS 0x0000000753900000, 0x0000000753900000| Untracked 
| 314|0x0000000753a00000, 0x0000000753a00000, 0x0000000753b00000|  0%| F|  |TAMS 0x0000000753a00000, 0x0000000753a00000| Untracked 
| 315|0x0000000753b00000, 0x0000000753b00000, 0x0000000753c00000|  0%| F|  |TAMS 0x0000000753b00000, 0x0000000753b00000| Untracked 
| 316|0x0000000753c00000, 0x0000000753c00000, 0x0000000753d00000|  0%| F|  |TAMS 0x0000000753c00000, 0x0000000753c00000| Untracked 
| 317|0x0000000753d00000, 0x0000000753d00000, 0x0000000753e00000|  0%| F|  |TAMS 0x0000000753d00000, 0x0000000753d00000| Untracked 
| 318|0x0000000753e00000, 0x0000000753e00000, 0x0000000753f00000|  0%| F|  |TAMS 0x0000000753e00000, 0x0000000753e00000| Untracked 
| 319|0x0000000753f00000, 0x0000000753f00000, 0x0000000754000000|  0%| F|  |TAMS 0x0000000753f00000, 0x0000000753f00000| Untracked 
| 320|0x0000000754000000, 0x0000000754000000, 0x0000000754100000|  0%| F|  |TAMS 0x0000000754000000, 0x0000000754000000| Untracked 
| 321|0x0000000754100000, 0x0000000754100000, 0x0000000754200000|  0%| F|  |TAMS 0x0000000754100000, 0x0000000754100000| Untracked 
| 322|0x0000000754200000, 0x0000000754200000, 0x0000000754300000|  0%| F|  |TAMS 0x0000000754200000, 0x0000000754200000| Untracked 
| 323|0x0000000754300000, 0x0000000754300000, 0x0000000754400000|  0%| F|  |TAMS 0x0000000754300000, 0x0000000754300000| Untracked 
| 324|0x0000000754400000, 0x0000000754400000, 0x0000000754500000|  0%| F|  |TAMS 0x0000000754400000, 0x0000000754400000| Untracked 
| 325|0x0000000754500000, 0x0000000754500000, 0x0000000754600000|  0%| F|  |TAMS 0x0000000754500000, 0x0000000754500000| Untracked 
| 326|0x0000000754600000, 0x0000000754600000, 0x0000000754700000|  0%| F|  |TAMS 0x0000000754600000, 0x0000000754600000| Untracked 
| 327|0x0000000754700000, 0x0000000754700000, 0x0000000754800000|  0%| F|  |TAMS 0x0000000754700000, 0x0000000754700000| Untracked 
| 328|0x0000000754800000, 0x0000000754800000, 0x0000000754900000|  0%| F|  |TAMS 0x0000000754800000, 0x0000000754800000| Untracked 
| 329|0x0000000754900000, 0x0000000754900000, 0x0000000754a00000|  0%| F|  |TAMS 0x0000000754900000, 0x0000000754900000| Untracked 
| 330|0x0000000754a00000, 0x0000000754a00000, 0x0000000754b00000|  0%| F|  |TAMS 0x0000000754a00000, 0x0000000754a00000| Untracked 
| 331|0x0000000754b00000, 0x0000000754b00000, 0x0000000754c00000|  0%| F|  |TAMS 0x0000000754b00000, 0x0000000754b00000| Untracked 
| 332|0x0000000754c00000, 0x0000000754c00000, 0x0000000754d00000|  0%| F|  |TAMS 0x0000000754c00000, 0x0000000754c00000| Untracked 
| 333|0x0000000754d00000, 0x0000000754d00000, 0x0000000754e00000|  0%| F|  |TAMS 0x0000000754d00000, 0x0000000754d00000| Untracked 
| 334|0x0000000754e00000, 0x0000000754e00000, 0x0000000754f00000|  0%| F|  |TAMS 0x0000000754e00000, 0x0000000754e00000| Untracked 
| 335|0x0000000754f00000, 0x0000000754f00000, 0x0000000755000000|  0%| F|  |TAMS 0x0000000754f00000, 0x0000000754f00000| Untracked 
| 336|0x0000000755000000, 0x0000000755000000, 0x0000000755100000|  0%| F|  |TAMS 0x0000000755000000, 0x0000000755000000| Untracked 
| 337|0x0000000755100000, 0x0000000755100000, 0x0000000755200000|  0%| F|  |TAMS 0x0000000755100000, 0x0000000755100000| Untracked 
| 338|0x0000000755200000, 0x0000000755200000, 0x0000000755300000|  0%| F|  |TAMS 0x0000000755200000, 0x0000000755200000| Untracked 
| 339|0x0000000755300000, 0x0000000755300000, 0x0000000755400000|  0%| F|  |TAMS 0x0000000755300000, 0x0000000755300000| Untracked 
| 340|0x0000000755400000, 0x0000000755400000, 0x0000000755500000|  0%| F|  |TAMS 0x0000000755400000, 0x0000000755400000| Untracked 
| 341|0x0000000755500000, 0x0000000755500000, 0x0000000755600000|  0%| F|  |TAMS 0x0000000755500000, 0x0000000755500000| Untracked 
| 342|0x0000000755600000, 0x0000000755600000, 0x0000000755700000|  0%| F|  |TAMS 0x0000000755600000, 0x0000000755600000| Untracked 
| 343|0x0000000755700000, 0x0000000755700000, 0x0000000755800000|  0%| F|  |TAMS 0x0000000755700000, 0x0000000755700000| Untracked 
| 344|0x0000000755800000, 0x0000000755800000, 0x0000000755900000|  0%| F|  |TAMS 0x0000000755800000, 0x0000000755800000| Untracked 
| 345|0x0000000755900000, 0x0000000755900000, 0x0000000755a00000|  0%| F|  |TAMS 0x0000000755900000, 0x0000000755900000| Untracked 
| 346|0x0000000755a00000, 0x0000000755a00000, 0x0000000755b00000|  0%| F|  |TAMS 0x0000000755a00000, 0x0000000755a00000| Untracked 
| 347|0x0000000755b00000, 0x0000000755b00000, 0x0000000755c00000|  0%| F|  |TAMS 0x0000000755b00000, 0x0000000755b00000| Untracked 
| 348|0x0000000755c00000, 0x0000000755c00000, 0x0000000755d00000|  0%| F|  |TAMS 0x0000000755c00000, 0x0000000755c00000| Untracked 
| 349|0x0000000755d00000, 0x0000000755d00000, 0x0000000755e00000|  0%| F|  |TAMS 0x0000000755d00000, 0x0000000755d00000| Untracked 
| 350|0x0000000755e00000, 0x0000000755e00000, 0x0000000755f00000|  0%| F|  |TAMS 0x0000000755e00000, 0x0000000755e00000| Untracked 
| 351|0x0000000755f00000, 0x0000000755f00000, 0x0000000756000000|  0%| F|  |TAMS 0x0000000755f00000, 0x0000000755f00000| Untracked 
| 352|0x0000000756000000, 0x0000000756000000, 0x0000000756100000|  0%| F|  |TAMS 0x0000000756000000, 0x0000000756000000| Untracked 
| 353|0x0000000756100000, 0x0000000756100000, 0x0000000756200000|  0%| F|  |TAMS 0x0000000756100000, 0x0000000756100000| Untracked 
| 354|0x0000000756200000, 0x0000000756200000, 0x0000000756300000|  0%| F|  |TAMS 0x0000000756200000, 0x0000000756200000| Untracked 
| 355|0x0000000756300000, 0x0000000756300000, 0x0000000756400000|  0%| F|  |TAMS 0x0000000756300000, 0x0000000756300000| Untracked 
| 356|0x0000000756400000, 0x0000000756400000, 0x0000000756500000|  0%| F|  |TAMS 0x0000000756400000, 0x0000000756400000| Untracked 
| 357|0x0000000756500000, 0x0000000756500000, 0x0000000756600000|  0%| F|  |TAMS 0x0000000756500000, 0x0000000756500000| Untracked 
| 358|0x0000000756600000, 0x0000000756600000, 0x0000000756700000|  0%| F|  |TAMS 0x0000000756600000, 0x0000000756600000| Untracked 
| 359|0x0000000756700000, 0x0000000756700000, 0x0000000756800000|  0%| F|  |TAMS 0x0000000756700000, 0x0000000756700000| Untracked 
| 360|0x0000000756800000, 0x0000000756800000, 0x0000000756900000|  0%| F|  |TAMS 0x0000000756800000, 0x0000000756800000| Untracked 
| 361|0x0000000756900000, 0x0000000756900000, 0x0000000756a00000|  0%| F|  |TAMS 0x0000000756900000, 0x0000000756900000| Untracked 
| 362|0x0000000756a00000, 0x0000000756a00000, 0x0000000756b00000|  0%| F|  |TAMS 0x0000000756a00000, 0x0000000756a00000| Untracked 
| 363|0x0000000756b00000, 0x0000000756b00000, 0x0000000756c00000|  0%| F|  |TAMS 0x0000000756b00000, 0x0000000756b00000| Untracked 
| 364|0x0000000756c00000, 0x0000000756c00000, 0x0000000756d00000|  0%| F|  |TAMS 0x0000000756c00000, 0x0000000756c00000| Untracked 
| 365|0x0000000756d00000, 0x0000000756d00000, 0x0000000756e00000|  0%| F|  |TAMS 0x0000000756d00000, 0x0000000756d00000| Untracked 
| 366|0x0000000756e00000, 0x0000000756e00000, 0x0000000756f00000|  0%| F|  |TAMS 0x0000000756e00000, 0x0000000756e00000| Untracked 
| 367|0x0000000756f00000, 0x0000000756f00000, 0x0000000757000000|  0%| F|  |TAMS 0x0000000756f00000, 0x0000000756f00000| Untracked 
| 368|0x0000000757000000, 0x0000000757000000, 0x0000000757100000|  0%| F|  |TAMS 0x0000000757000000, 0x0000000757000000| Untracked 
| 369|0x0000000757100000, 0x0000000757100000, 0x0000000757200000|  0%| F|  |TAMS 0x0000000757100000, 0x0000000757100000| Untracked 
| 370|0x0000000757200000, 0x0000000757200000, 0x0000000757300000|  0%| F|  |TAMS 0x0000000757200000, 0x0000000757200000| Untracked 
| 371|0x0000000757300000, 0x0000000757300000, 0x0000000757400000|  0%| F|  |TAMS 0x0000000757300000, 0x0000000757300000| Untracked 
| 372|0x0000000757400000, 0x0000000757400000, 0x0000000757500000|  0%| F|  |TAMS 0x0000000757400000, 0x0000000757400000| Untracked 
| 373|0x0000000757500000, 0x0000000757500000, 0x0000000757600000|  0%| F|  |TAMS 0x0000000757500000, 0x0000000757500000| Untracked 
| 374|0x0000000757600000, 0x0000000757600000, 0x0000000757700000|  0%| F|  |TAMS 0x0000000757600000, 0x0000000757600000| Untracked 
| 375|0x0000000757700000, 0x0000000757700000, 0x0000000757800000|  0%| F|  |TAMS 0x0000000757700000, 0x0000000757700000| Untracked 
| 376|0x0000000757800000, 0x0000000757800000, 0x0000000757900000|  0%| F|  |TAMS 0x0000000757800000, 0x0000000757800000| Untracked 
| 377|0x0000000757900000, 0x0000000757900000, 0x0000000757a00000|  0%| F|  |TAMS 0x0000000757900000, 0x0000000757900000| Untracked 
| 378|0x0000000757a00000, 0x0000000757a00000, 0x0000000757b00000|  0%| F|  |TAMS 0x0000000757a00000, 0x0000000757a00000| Untracked 
| 379|0x0000000757b00000, 0x0000000757b00000, 0x0000000757c00000|  0%| F|  |TAMS 0x0000000757b00000, 0x0000000757b00000| Untracked 
| 380|0x0000000757c00000, 0x0000000757c00000, 0x0000000757d00000|  0%| F|  |TAMS 0x0000000757c00000, 0x0000000757c00000| Untracked 
| 381|0x0000000757d00000, 0x0000000757d00000, 0x0000000757e00000|  0%| F|  |TAMS 0x0000000757d00000, 0x0000000757d00000| Untracked 
| 382|0x0000000757e00000, 0x0000000757e00000, 0x0000000757f00000|  0%| F|  |TAMS 0x0000000757e00000, 0x0000000757e00000| Untracked 
| 383|0x0000000757f00000, 0x0000000757f00000, 0x0000000758000000|  0%| F|  |TAMS 0x0000000757f00000, 0x0000000757f00000| Untracked 
| 384|0x0000000758000000, 0x0000000758000000, 0x0000000758100000|  0%| F|  |TAMS 0x0000000758000000, 0x0000000758000000| Untracked 
| 385|0x0000000758100000, 0x0000000758100000, 0x0000000758200000|  0%| F|  |TAMS 0x0000000758100000, 0x0000000758100000| Untracked 
| 386|0x0000000758200000, 0x0000000758200000, 0x0000000758300000|  0%| F|  |TAMS 0x0000000758200000, 0x0000000758200000| Untracked 
| 387|0x0000000758300000, 0x0000000758300000, 0x0000000758400000|  0%| F|  |TAMS 0x0000000758300000, 0x0000000758300000| Untracked 
| 388|0x0000000758400000, 0x0000000758400000, 0x0000000758500000|  0%| F|  |TAMS 0x0000000758400000, 0x0000000758400000| Untracked 
| 389|0x0000000758500000, 0x0000000758500000, 0x0000000758600000|  0%| F|  |TAMS 0x0000000758500000, 0x0000000758500000| Untracked 
| 390|0x0000000758600000, 0x0000000758600000, 0x0000000758700000|  0%| F|  |TAMS 0x0000000758600000, 0x0000000758600000| Untracked 
| 391|0x0000000758700000, 0x0000000758700000, 0x0000000758800000|  0%| F|  |TAMS 0x0000000758700000, 0x0000000758700000| Untracked 
| 392|0x0000000758800000, 0x0000000758800000, 0x0000000758900000|  0%| F|  |TAMS 0x0000000758800000, 0x0000000758800000| Untracked 
| 393|0x0000000758900000, 0x0000000758900000, 0x0000000758a00000|  0%| F|  |TAMS 0x0000000758900000, 0x0000000758900000| Untracked 
| 394|0x0000000758a00000, 0x0000000758a00000, 0x0000000758b00000|  0%| F|  |TAMS 0x0000000758a00000, 0x0000000758a00000| Untracked 
| 395|0x0000000758b00000, 0x0000000758b00000, 0x0000000758c00000|  0%| F|  |TAMS 0x0000000758b00000, 0x0000000758b00000| Untracked 
| 396|0x0000000758c00000, 0x0000000758c00000, 0x0000000758d00000|  0%| F|  |TAMS 0x0000000758c00000, 0x0000000758c00000| Untracked 
| 397|0x0000000758d00000, 0x0000000758d00000, 0x0000000758e00000|  0%| F|  |TAMS 0x0000000758d00000, 0x0000000758d00000| Untracked 
| 398|0x0000000758e00000, 0x0000000758e00000, 0x0000000758f00000|  0%| F|  |TAMS 0x0000000758e00000, 0x0000000758e00000| Untracked 
| 399|0x0000000758f00000, 0x0000000758f00000, 0x0000000759000000|  0%| F|  |TAMS 0x0000000758f00000, 0x0000000758f00000| Untracked 
| 400|0x0000000759000000, 0x0000000759000000, 0x0000000759100000|  0%| F|  |TAMS 0x0000000759000000, 0x0000000759000000| Untracked 
| 401|0x0000000759100000, 0x0000000759100000, 0x0000000759200000|  0%| F|  |TAMS 0x0000000759100000, 0x0000000759100000| Untracked 
| 402|0x0000000759200000, 0x0000000759200000, 0x0000000759300000|  0%| F|  |TAMS 0x0000000759200000, 0x0000000759200000| Untracked 
| 403|0x0000000759300000, 0x0000000759300000, 0x0000000759400000|  0%| F|  |TAMS 0x0000000759300000, 0x0000000759300000| Untracked 
| 404|0x0000000759400000, 0x0000000759400000, 0x0000000759500000|  0%| F|  |TAMS 0x0000000759400000, 0x0000000759400000| Untracked 
| 405|0x0000000759500000, 0x0000000759500000, 0x0000000759600000|  0%| F|  |TAMS 0x0000000759500000, 0x0000000759500000| Untracked 
| 406|0x0000000759600000, 0x0000000759600000, 0x0000000759700000|  0%| F|  |TAMS 0x0000000759600000, 0x0000000759600000| Untracked 
| 407|0x0000000759700000, 0x0000000759700000, 0x0000000759800000|  0%| F|  |TAMS 0x0000000759700000, 0x0000000759700000| Untracked 
| 408|0x0000000759800000, 0x0000000759800000, 0x0000000759900000|  0%| F|  |TAMS 0x0000000759800000, 0x0000000759800000| Untracked 
| 409|0x0000000759900000, 0x0000000759900000, 0x0000000759a00000|  0%| F|  |TAMS 0x0000000759900000, 0x0000000759900000| Untracked 
| 410|0x0000000759a00000, 0x0000000759a00000, 0x0000000759b00000|  0%| F|  |TAMS 0x0000000759a00000, 0x0000000759a00000| Untracked 
| 411|0x0000000759b00000, 0x0000000759b00000, 0x0000000759c00000|  0%| F|  |TAMS 0x0000000759b00000, 0x0000000759b00000| Untracked 
| 412|0x0000000759c00000, 0x0000000759c00000, 0x0000000759d00000|  0%| F|  |TAMS 0x0000000759c00000, 0x0000000759c00000| Untracked 
| 413|0x0000000759d00000, 0x0000000759d00000, 0x0000000759e00000|  0%| F|  |TAMS 0x0000000759d00000, 0x0000000759d00000| Untracked 
| 414|0x0000000759e00000, 0x0000000759e00000, 0x0000000759f00000|  0%| F|  |TAMS 0x0000000759e00000, 0x0000000759e00000| Untracked 
| 415|0x0000000759f00000, 0x0000000759f00000, 0x000000075a000000|  0%| F|  |TAMS 0x0000000759f00000, 0x0000000759f00000| Untracked 
| 416|0x000000075a000000, 0x000000075a000000, 0x000000075a100000|  0%| F|  |TAMS 0x000000075a000000, 0x000000075a000000| Untracked 
| 417|0x000000075a100000, 0x000000075a100000, 0x000000075a200000|  0%| F|  |TAMS 0x000000075a100000, 0x000000075a100000| Untracked 
| 418|0x000000075a200000, 0x000000075a200000, 0x000000075a300000|  0%| F|  |TAMS 0x000000075a200000, 0x000000075a200000| Untracked 
| 419|0x000000075a300000, 0x000000075a300000, 0x000000075a400000|  0%| F|  |TAMS 0x000000075a300000, 0x000000075a300000| Untracked 
| 420|0x000000075a400000, 0x000000075a400000, 0x000000075a500000|  0%| F|  |TAMS 0x000000075a400000, 0x000000075a400000| Untracked 
| 421|0x000000075a500000, 0x000000075a500000, 0x000000075a600000|  0%| F|  |TAMS 0x000000075a500000, 0x000000075a500000| Untracked 
| 422|0x000000075a600000, 0x000000075a600000, 0x000000075a700000|  0%| F|  |TAMS 0x000000075a600000, 0x000000075a600000| Untracked 
| 423|0x000000075a700000, 0x000000075a700000, 0x000000075a800000|  0%| F|  |TAMS 0x000000075a700000, 0x000000075a700000| Untracked 
| 424|0x000000075a800000, 0x000000075a800000, 0x000000075a900000|  0%| F|  |TAMS 0x000000075a800000, 0x000000075a800000| Untracked 
| 425|0x000000075a900000, 0x000000075a900000, 0x000000075aa00000|  0%| F|  |TAMS 0x000000075a900000, 0x000000075a900000| Untracked 
| 426|0x000000075aa00000, 0x000000075aa00000, 0x000000075ab00000|  0%| F|  |TAMS 0x000000075aa00000, 0x000000075aa00000| Untracked 
| 427|0x000000075ab00000, 0x000000075ab00000, 0x000000075ac00000|  0%| F|  |TAMS 0x000000075ab00000, 0x000000075ab00000| Untracked 
| 428|0x000000075ac00000, 0x000000075ac00000, 0x000000075ad00000|  0%| F|  |TAMS 0x000000075ac00000, 0x000000075ac00000| Untracked 
| 429|0x000000075ad00000, 0x000000075ad00000, 0x000000075ae00000|  0%| F|  |TAMS 0x000000075ad00000, 0x000000075ad00000| Untracked 
| 430|0x000000075ae00000, 0x000000075ae00000, 0x000000075af00000|  0%| F|  |TAMS 0x000000075ae00000, 0x000000075ae00000| Untracked 
| 431|0x000000075af00000, 0x000000075af00000, 0x000000075b000000|  0%| F|  |TAMS 0x000000075af00000, 0x000000075af00000| Untracked 
| 432|0x000000075b000000, 0x000000075b000000, 0x000000075b100000|  0%| F|  |TAMS 0x000000075b000000, 0x000000075b000000| Untracked 
| 433|0x000000075b100000, 0x000000075b100000, 0x000000075b200000|  0%| F|  |TAMS 0x000000075b100000, 0x000000075b100000| Untracked 
| 434|0x000000075b200000, 0x000000075b200000, 0x000000075b300000|  0%| F|  |TAMS 0x000000075b200000, 0x000000075b200000| Untracked 
| 435|0x000000075b300000, 0x000000075b300000, 0x000000075b400000|  0%| F|  |TAMS 0x000000075b300000, 0x000000075b300000| Untracked 
| 436|0x000000075b400000, 0x000000075b400000, 0x000000075b500000|  0%| F|  |TAMS 0x000000075b400000, 0x000000075b400000| Untracked 
| 437|0x000000075b500000, 0x000000075b500000, 0x000000075b600000|  0%| F|  |TAMS 0x000000075b500000, 0x000000075b500000| Untracked 
| 438|0x000000075b600000, 0x000000075b600000, 0x000000075b700000|  0%| F|  |TAMS 0x000000075b600000, 0x000000075b600000| Untracked 
| 439|0x000000075b700000, 0x000000075b700000, 0x000000075b800000|  0%| F|  |TAMS 0x000000075b700000, 0x000000075b700000| Untracked 
| 440|0x000000075b800000, 0x000000075b800000, 0x000000075b900000|  0%| F|  |TAMS 0x000000075b800000, 0x000000075b800000| Untracked 
| 441|0x000000075b900000, 0x000000075b900000, 0x000000075ba00000|  0%| F|  |TAMS 0x000000075b900000, 0x000000075b900000| Untracked 
| 442|0x000000075ba00000, 0x000000075ba00000, 0x000000075bb00000|  0%| F|  |TAMS 0x000000075ba00000, 0x000000075ba00000| Untracked 
| 443|0x000000075bb00000, 0x000000075bb00000, 0x000000075bc00000|  0%| F|  |TAMS 0x000000075bb00000, 0x000000075bb00000| Untracked 
| 444|0x000000075bc00000, 0x000000075bc00000, 0x000000075bd00000|  0%| F|  |TAMS 0x000000075bc00000, 0x000000075bc00000| Untracked 
| 445|0x000000075bd00000, 0x000000075bd00000, 0x000000075be00000|  0%| F|  |TAMS 0x000000075bd00000, 0x000000075bd00000| Untracked 
| 446|0x000000075be00000, 0x000000075be00000, 0x000000075bf00000|  0%| F|  |TAMS 0x000000075be00000, 0x000000075be00000| Untracked 
| 447|0x000000075bf00000, 0x000000075bf00000, 0x000000075c000000|  0%| F|  |TAMS 0x000000075bf00000, 0x000000075bf00000| Untracked 
| 448|0x000000075c000000, 0x000000075c000000, 0x000000075c100000|  0%| F|  |TAMS 0x000000075c000000, 0x000000075c000000| Untracked 
| 449|0x000000075c100000, 0x000000075c100000, 0x000000075c200000|  0%| F|  |TAMS 0x000000075c100000, 0x000000075c100000| Untracked 
| 450|0x000000075c200000, 0x000000075c200000, 0x000000075c300000|  0%| F|  |TAMS 0x000000075c200000, 0x000000075c200000| Untracked 
| 451|0x000000075c300000, 0x000000075c400000, 0x000000075c400000|100%| S|CS|TAMS 0x000000075c300000, 0x000000075c300000| Complete 
| 452|0x000000075c400000, 0x000000075c500000, 0x000000075c500000|100%| S|CS|TAMS 0x000000075c400000, 0x000000075c400000| Complete 
| 453|0x000000075c500000, 0x000000075c600000, 0x000000075c600000|100%| S|CS|TAMS 0x000000075c500000, 0x000000075c500000| Complete 
| 454|0x000000075c600000, 0x000000075c700000, 0x000000075c700000|100%| S|CS|TAMS 0x000000075c600000, 0x000000075c600000| Complete 
| 455|0x000000075c700000, 0x000000075c800000, 0x000000075c800000|100%| S|CS|TAMS 0x000000075c700000, 0x000000075c700000| Complete 
| 456|0x000000075c800000, 0x000000075c900000, 0x000000075c900000|100%| S|CS|TAMS 0x000000075c800000, 0x000000075c800000| Complete 
| 457|0x000000075c900000, 0x000000075ca00000, 0x000000075ca00000|100%| S|CS|TAMS 0x000000075c900000, 0x000000075c900000| Complete 
| 458|0x000000075ca00000, 0x000000075cb00000, 0x000000075cb00000|100%| S|CS|TAMS 0x000000075ca00000, 0x000000075ca00000| Complete 
| 459|0x000000075cb00000, 0x000000075cc00000, 0x000000075cc00000|100%| S|CS|TAMS 0x000000075cb00000, 0x000000075cb00000| Complete 
| 460|0x000000075cc00000, 0x000000075cc00000, 0x000000075cd00000|  0%| F|  |TAMS 0x000000075cc00000, 0x000000075cc00000| Untracked 
| 461|0x000000075cd00000, 0x000000075cd00000, 0x000000075ce00000|  0%| F|  |TAMS 0x000000075cd00000, 0x000000075cd00000| Untracked 
| 462|0x000000075ce00000, 0x000000075ce00000, 0x000000075cf00000|  0%| F|  |TAMS 0x000000075ce00000, 0x000000075ce00000| Untracked 
| 463|0x000000075cf00000, 0x000000075cf00000, 0x000000075d000000|  0%| F|  |TAMS 0x000000075cf00000, 0x000000075cf00000| Untracked 
| 464|0x000000075d000000, 0x000000075d000000, 0x000000075d100000|  0%| F|  |TAMS 0x000000075d000000, 0x000000075d000000| Untracked 
| 465|0x000000075d100000, 0x000000075d100000, 0x000000075d200000|  0%| F|  |TAMS 0x000000075d100000, 0x000000075d100000| Untracked 
| 466|0x000000075d200000, 0x000000075d200000, 0x000000075d300000|  0%| F|  |TAMS 0x000000075d200000, 0x000000075d200000| Untracked 
| 467|0x000000075d300000, 0x000000075d300000, 0x000000075d400000|  0%| F|  |TAMS 0x000000075d300000, 0x000000075d300000| Untracked 
| 468|0x000000075d400000, 0x000000075d400000, 0x000000075d500000|  0%| F|  |TAMS 0x000000075d400000, 0x000000075d400000| Untracked 
| 469|0x000000075d500000, 0x000000075d500000, 0x000000075d600000|  0%| F|  |TAMS 0x000000075d500000, 0x000000075d500000| Untracked 
| 470|0x000000075d600000, 0x000000075d600000, 0x000000075d700000|  0%| F|  |TAMS 0x000000075d600000, 0x000000075d600000| Untracked 
| 471|0x000000075d700000, 0x000000075d700000, 0x000000075d800000|  0%| F|  |TAMS 0x000000075d700000, 0x000000075d700000| Untracked 
| 472|0x000000075d800000, 0x000000075d800000, 0x000000075d900000|  0%| F|  |TAMS 0x000000075d800000, 0x000000075d800000| Untracked 
| 473|0x000000075d900000, 0x000000075da00000, 0x000000075da00000|100%| S|CS|TAMS 0x000000075d900000, 0x000000075d900000| Complete 
| 474|0x000000075da00000, 0x000000075db00000, 0x000000075db00000|100%| S|CS|TAMS 0x000000075da00000, 0x000000075da00000| Complete 
| 475|0x000000075db00000, 0x000000075dc00000, 0x000000075dc00000|100%| S|CS|TAMS 0x000000075db00000, 0x000000075db00000| Complete 
| 476|0x000000075dc00000, 0x000000075dd00000, 0x000000075dd00000|100%| S|CS|TAMS 0x000000075dc00000, 0x000000075dc00000| Complete 
| 477|0x000000075dd00000, 0x000000075de00000, 0x000000075de00000|100%| S|CS|TAMS 0x000000075dd00000, 0x000000075dd00000| Complete 
| 478|0x000000075de00000, 0x000000075df00000, 0x000000075df00000|100%| S|CS|TAMS 0x000000075de00000, 0x000000075de00000| Complete 
| 479|0x000000075df00000, 0x000000075e000000, 0x000000075e000000|100%| S|CS|TAMS 0x000000075df00000, 0x000000075df00000| Complete 
| 480|0x000000075e000000, 0x000000075e100000, 0x000000075e100000|100%| S|CS|TAMS 0x000000075e000000, 0x000000075e000000| Complete 
| 481|0x000000075e100000, 0x000000075e200000, 0x000000075e200000|100%| S|CS|TAMS 0x000000075e100000, 0x000000075e100000| Complete 
| 482|0x000000075e200000, 0x000000075e300000, 0x000000075e300000|100%| S|CS|TAMS 0x000000075e200000, 0x000000075e200000| Complete 
| 483|0x000000075e300000, 0x000000075e400000, 0x000000075e400000|100%| S|CS|TAMS 0x000000075e300000, 0x000000075e300000| Complete 
| 484|0x000000075e400000, 0x000000075e500000, 0x000000075e500000|100%| S|CS|TAMS 0x000000075e400000, 0x000000075e400000| Complete 
| 485|0x000000075e500000, 0x000000075e500000, 0x000000075e600000|  0%| F|  |TAMS 0x000000075e500000, 0x000000075e500000| Untracked 
| 486|0x000000075e600000, 0x000000075e600000, 0x000000075e700000|  0%| F|  |TAMS 0x000000075e600000, 0x000000075e600000| Untracked 
| 487|0x000000075e700000, 0x000000075e700000, 0x000000075e800000|  0%| F|  |TAMS 0x000000075e700000, 0x000000075e700000| Untracked 
| 488|0x000000075e800000, 0x000000075e800000, 0x000000075e900000|  0%| F|  |TAMS 0x000000075e800000, 0x000000075e800000| Untracked 
| 489|0x000000075e900000, 0x000000075e900000, 0x000000075ea00000|  0%| F|  |TAMS 0x000000075e900000, 0x000000075e900000| Untracked 
| 490|0x000000075ea00000, 0x000000075ea00000, 0x000000075eb00000|  0%| F|  |TAMS 0x000000075ea00000, 0x000000075ea00000| Untracked 
| 491|0x000000075eb00000, 0x000000075eb00000, 0x000000075ec00000|  0%| F|  |TAMS 0x000000075eb00000, 0x000000075eb00000| Untracked 
| 492|0x000000075ec00000, 0x000000075ec00000, 0x000000075ed00000|  0%| F|  |TAMS 0x000000075ec00000, 0x000000075ec00000| Untracked 
| 493|0x000000075ed00000, 0x000000075ed00000, 0x000000075ee00000|  0%| F|  |TAMS 0x000000075ed00000, 0x000000075ed00000| Untracked 
| 494|0x000000075ee00000, 0x000000075ee00000, 0x000000075ef00000|  0%| F|  |TAMS 0x000000075ee00000, 0x000000075ee00000| Untracked 
| 495|0x000000075ef00000, 0x000000075ef00000, 0x000000075f000000|  0%| F|  |TAMS 0x000000075ef00000, 0x000000075ef00000| Untracked 
| 496|0x000000075f000000, 0x000000075f000000, 0x000000075f100000|  0%| F|  |TAMS 0x000000075f000000, 0x000000075f000000| Untracked 
| 497|0x000000075f100000, 0x000000075f100000, 0x000000075f200000|  0%| F|  |TAMS 0x000000075f100000, 0x000000075f100000| Untracked 
| 498|0x000000075f200000, 0x000000075f200000, 0x000000075f300000|  0%| F|  |TAMS 0x000000075f200000, 0x000000075f200000| Untracked 
| 499|0x000000075f300000, 0x000000075f300000, 0x000000075f400000|  0%| F|  |TAMS 0x000000075f300000, 0x000000075f300000| Untracked 
| 500|0x000000075f400000, 0x000000075f400000, 0x000000075f500000|  0%| F|  |TAMS 0x000000075f400000, 0x000000075f400000| Untracked 
| 501|0x000000075f500000, 0x000000075f500000, 0x000000075f600000|  0%| F|  |TAMS 0x000000075f500000, 0x000000075f500000| Untracked 
| 502|0x000000075f600000, 0x000000075f600000, 0x000000075f700000|  0%| F|  |TAMS 0x000000075f600000, 0x000000075f600000| Untracked 
| 503|0x000000075f700000, 0x000000075f700000, 0x000000075f800000|  0%| F|  |TAMS 0x000000075f700000, 0x000000075f700000| Untracked 
| 504|0x000000075f800000, 0x000000075f800000, 0x000000075f900000|  0%| F|  |TAMS 0x000000075f800000, 0x000000075f800000| Untracked 
| 505|0x000000075f900000, 0x000000075f900000, 0x000000075fa00000|  0%| F|  |TAMS 0x000000075f900000, 0x000000075f900000| Untracked 
| 506|0x000000075fa00000, 0x000000075fa00000, 0x000000075fb00000|  0%| F|  |TAMS 0x000000075fa00000, 0x000000075fa00000| Untracked 
| 507|0x000000075fb00000, 0x000000075fb00000, 0x000000075fc00000|  0%| F|  |TAMS 0x000000075fb00000, 0x000000075fb00000| Untracked 
| 508|0x000000075fc00000, 0x000000075fc00000, 0x000000075fd00000|  0%| F|  |TAMS 0x000000075fc00000, 0x000000075fc00000| Untracked 
| 509|0x000000075fd00000, 0x000000075fd00000, 0x000000075fe00000|  0%| F|  |TAMS 0x000000075fd00000, 0x000000075fd00000| Untracked 
| 510|0x000000075fe00000, 0x000000075fe00000, 0x000000075ff00000|  0%| F|  |TAMS 0x000000075fe00000, 0x000000075fe00000| Untracked 
| 511|0x000000075ff00000, 0x000000075ff00000, 0x0000000760000000|  0%| F|  |TAMS 0x000000075ff00000, 0x000000075ff00000| Untracked 
| 512|0x0000000760000000, 0x0000000760000000, 0x0000000760100000|  0%| F|  |TAMS 0x0000000760000000, 0x0000000760000000| Untracked 
| 513|0x0000000760100000, 0x0000000760100000, 0x0000000760200000|  0%| F|  |TAMS 0x0000000760100000, 0x0000000760100000| Untracked 
| 514|0x0000000760200000, 0x0000000760200000, 0x0000000760300000|  0%| F|  |TAMS 0x0000000760200000, 0x0000000760200000| Untracked 
| 515|0x0000000760300000, 0x0000000760300000, 0x0000000760400000|  0%| F|  |TAMS 0x0000000760300000, 0x0000000760300000| Untracked 
| 516|0x0000000760400000, 0x0000000760400000, 0x0000000760500000|  0%| F|  |TAMS 0x0000000760400000, 0x0000000760400000| Untracked 
| 517|0x0000000760500000, 0x0000000760500000, 0x0000000760600000|  0%| F|  |TAMS 0x0000000760500000, 0x0000000760500000| Untracked 
| 518|0x0000000760600000, 0x0000000760600000, 0x0000000760700000|  0%| F|  |TAMS 0x0000000760600000, 0x0000000760600000| Untracked 
| 519|0x0000000760700000, 0x0000000760700000, 0x0000000760800000|  0%| F|  |TAMS 0x0000000760700000, 0x0000000760700000| Untracked 
| 520|0x0000000760800000, 0x0000000760800000, 0x0000000760900000|  0%| F|  |TAMS 0x0000000760800000, 0x0000000760800000| Untracked 
| 521|0x0000000760900000, 0x0000000760900000, 0x0000000760a00000|  0%| F|  |TAMS 0x0000000760900000, 0x0000000760900000| Untracked 
| 522|0x0000000760a00000, 0x0000000760a00000, 0x0000000760b00000|  0%| F|  |TAMS 0x0000000760a00000, 0x0000000760a00000| Untracked 
| 523|0x0000000760b00000, 0x0000000760b00000, 0x0000000760c00000|  0%| F|  |TAMS 0x0000000760b00000, 0x0000000760b00000| Untracked 
| 524|0x0000000760c00000, 0x0000000760c00000, 0x0000000760d00000|  0%| F|  |TAMS 0x0000000760c00000, 0x0000000760c00000| Untracked 
| 525|0x0000000760d00000, 0x0000000760d00000, 0x0000000760e00000|  0%| F|  |TAMS 0x0000000760d00000, 0x0000000760d00000| Untracked 
| 526|0x0000000760e00000, 0x0000000760e00000, 0x0000000760f00000|  0%| F|  |TAMS 0x0000000760e00000, 0x0000000760e00000| Untracked 
| 527|0x0000000760f00000, 0x0000000760f00000, 0x0000000761000000|  0%| F|  |TAMS 0x0000000760f00000, 0x0000000760f00000| Untracked 
| 528|0x0000000761000000, 0x0000000761000000, 0x0000000761100000|  0%| F|  |TAMS 0x0000000761000000, 0x0000000761000000| Untracked 
| 529|0x0000000761100000, 0x0000000761100000, 0x0000000761200000|  0%| F|  |TAMS 0x0000000761100000, 0x0000000761100000| Untracked 
| 530|0x0000000761200000, 0x0000000761200000, 0x0000000761300000|  0%| F|  |TAMS 0x0000000761200000, 0x0000000761200000| Untracked 
| 531|0x0000000761300000, 0x0000000761300000, 0x0000000761400000|  0%| F|  |TAMS 0x0000000761300000, 0x0000000761300000| Untracked 
| 532|0x0000000761400000, 0x0000000761400000, 0x0000000761500000|  0%| F|  |TAMS 0x0000000761400000, 0x0000000761400000| Untracked 
| 533|0x0000000761500000, 0x0000000761500000, 0x0000000761600000|  0%| F|  |TAMS 0x0000000761500000, 0x0000000761500000| Untracked 
| 534|0x0000000761600000, 0x0000000761600000, 0x0000000761700000|  0%| F|  |TAMS 0x0000000761600000, 0x0000000761600000| Untracked 
| 535|0x0000000761700000, 0x0000000761700000, 0x0000000761800000|  0%| F|  |TAMS 0x0000000761700000, 0x0000000761700000| Untracked 
| 536|0x0000000761800000, 0x0000000761800000, 0x0000000761900000|  0%| F|  |TAMS 0x0000000761800000, 0x0000000761800000| Untracked 
| 537|0x0000000761900000, 0x0000000761900000, 0x0000000761a00000|  0%| F|  |TAMS 0x0000000761900000, 0x0000000761900000| Untracked 
| 538|0x0000000761a00000, 0x0000000761a00000, 0x0000000761b00000|  0%| F|  |TAMS 0x0000000761a00000, 0x0000000761a00000| Untracked 
| 539|0x0000000761b00000, 0x0000000761b00000, 0x0000000761c00000|  0%| F|  |TAMS 0x0000000761b00000, 0x0000000761b00000| Untracked 
| 540|0x0000000761c00000, 0x0000000761c00000, 0x0000000761d00000|  0%| F|  |TAMS 0x0000000761c00000, 0x0000000761c00000| Untracked 
| 541|0x0000000761d00000, 0x0000000761d00000, 0x0000000761e00000|  0%| F|  |TAMS 0x0000000761d00000, 0x0000000761d00000| Untracked 
| 542|0x0000000761e00000, 0x0000000761e00000, 0x0000000761f00000|  0%| F|  |TAMS 0x0000000761e00000, 0x0000000761e00000| Untracked 
| 543|0x0000000761f00000, 0x0000000761f00000, 0x0000000762000000|  0%| F|  |TAMS 0x0000000761f00000, 0x0000000761f00000| Untracked 
| 544|0x0000000762000000, 0x0000000762000000, 0x0000000762100000|  0%| F|  |TAMS 0x0000000762000000, 0x0000000762000000| Untracked 
| 545|0x0000000762100000, 0x0000000762100000, 0x0000000762200000|  0%| F|  |TAMS 0x0000000762100000, 0x0000000762100000| Untracked 
| 546|0x0000000762200000, 0x0000000762200000, 0x0000000762300000|  0%| F|  |TAMS 0x0000000762200000, 0x0000000762200000| Untracked 
| 547|0x0000000762300000, 0x0000000762300000, 0x0000000762400000|  0%| F|  |TAMS 0x0000000762300000, 0x0000000762300000| Untracked 
| 548|0x0000000762400000, 0x0000000762400000, 0x0000000762500000|  0%| F|  |TAMS 0x0000000762400000, 0x0000000762400000| Untracked 
| 549|0x0000000762500000, 0x0000000762500000, 0x0000000762600000|  0%| F|  |TAMS 0x0000000762500000, 0x0000000762500000| Untracked 
| 550|0x0000000762600000, 0x0000000762600000, 0x0000000762700000|  0%| F|  |TAMS 0x0000000762600000, 0x0000000762600000| Untracked 
| 551|0x0000000762700000, 0x0000000762700000, 0x0000000762800000|  0%| F|  |TAMS 0x0000000762700000, 0x0000000762700000| Untracked 
| 552|0x0000000762800000, 0x0000000762800000, 0x0000000762900000|  0%| F|  |TAMS 0x0000000762800000, 0x0000000762800000| Untracked 
| 553|0x0000000762900000, 0x0000000762900000, 0x0000000762a00000|  0%| F|  |TAMS 0x0000000762900000, 0x0000000762900000| Untracked 
| 554|0x0000000762a00000, 0x0000000762a00000, 0x0000000762b00000|  0%| F|  |TAMS 0x0000000762a00000, 0x0000000762a00000| Untracked 
| 555|0x0000000762b00000, 0x0000000762b00000, 0x0000000762c00000|  0%| F|  |TAMS 0x0000000762b00000, 0x0000000762b00000| Untracked 
| 556|0x0000000762c00000, 0x0000000762c00000, 0x0000000762d00000|  0%| F|  |TAMS 0x0000000762c00000, 0x0000000762c00000| Untracked 
| 557|0x0000000762d00000, 0x0000000762d00000, 0x0000000762e00000|  0%| F|  |TAMS 0x0000000762d00000, 0x0000000762d00000| Untracked 
| 558|0x0000000762e00000, 0x0000000762e00000, 0x0000000762f00000|  0%| F|  |TAMS 0x0000000762e00000, 0x0000000762e00000| Untracked 
| 559|0x0000000762f00000, 0x0000000762f00000, 0x0000000763000000|  0%| F|  |TAMS 0x0000000762f00000, 0x0000000762f00000| Untracked 
| 560|0x0000000763000000, 0x0000000763000000, 0x0000000763100000|  0%| F|  |TAMS 0x0000000763000000, 0x0000000763000000| Untracked 
| 561|0x0000000763100000, 0x0000000763100000, 0x0000000763200000|  0%| F|  |TAMS 0x0000000763100000, 0x0000000763100000| Untracked 
| 562|0x0000000763200000, 0x0000000763200000, 0x0000000763300000|  0%| F|  |TAMS 0x0000000763200000, 0x0000000763200000| Untracked 
| 563|0x0000000763300000, 0x0000000763300000, 0x0000000763400000|  0%| F|  |TAMS 0x0000000763300000, 0x0000000763300000| Untracked 
| 564|0x0000000763400000, 0x0000000763400000, 0x0000000763500000|  0%| F|  |TAMS 0x0000000763400000, 0x0000000763400000| Untracked 
| 565|0x0000000763500000, 0x0000000763500000, 0x0000000763600000|  0%| F|  |TAMS 0x0000000763500000, 0x0000000763500000| Untracked 
| 566|0x0000000763600000, 0x0000000763600000, 0x0000000763700000|  0%| F|  |TAMS 0x0000000763600000, 0x0000000763600000| Untracked 
| 567|0x0000000763700000, 0x0000000763700000, 0x0000000763800000|  0%| F|  |TAMS 0x0000000763700000, 0x0000000763700000| Untracked 
| 568|0x0000000763800000, 0x0000000763800000, 0x0000000763900000|  0%| F|  |TAMS 0x0000000763800000, 0x0000000763800000| Untracked 
| 569|0x0000000763900000, 0x0000000763900000, 0x0000000763a00000|  0%| F|  |TAMS 0x0000000763900000, 0x0000000763900000| Untracked 
| 570|0x0000000763a00000, 0x0000000763a00000, 0x0000000763b00000|  0%| F|  |TAMS 0x0000000763a00000, 0x0000000763a00000| Untracked 
| 571|0x0000000763b00000, 0x0000000763b00000, 0x0000000763c00000|  0%| F|  |TAMS 0x0000000763b00000, 0x0000000763b00000| Untracked 
| 572|0x0000000763c00000, 0x0000000763c00000, 0x0000000763d00000|  0%| F|  |TAMS 0x0000000763c00000, 0x0000000763c00000| Untracked 
| 573|0x0000000763d00000, 0x0000000763d00000, 0x0000000763e00000|  0%| F|  |TAMS 0x0000000763d00000, 0x0000000763d00000| Untracked 
| 574|0x0000000763e00000, 0x0000000763e00000, 0x0000000763f00000|  0%| F|  |TAMS 0x0000000763e00000, 0x0000000763e00000| Untracked 
| 575|0x0000000763f00000, 0x0000000763f00000, 0x0000000764000000|  0%| F|  |TAMS 0x0000000763f00000, 0x0000000763f00000| Untracked 
| 576|0x0000000764000000, 0x0000000764000000, 0x0000000764100000|  0%| F|  |TAMS 0x0000000764000000, 0x0000000764000000| Untracked 
| 577|0x0000000764100000, 0x0000000764100000, 0x0000000764200000|  0%| F|  |TAMS 0x0000000764100000, 0x0000000764100000| Untracked 
| 578|0x0000000764200000, 0x0000000764200000, 0x0000000764300000|  0%| F|  |TAMS 0x0000000764200000, 0x0000000764200000| Untracked 
| 579|0x0000000764300000, 0x0000000764300000, 0x0000000764400000|  0%| F|  |TAMS 0x0000000764300000, 0x0000000764300000| Untracked 
| 580|0x0000000764400000, 0x00000007644dd4a0, 0x0000000764500000| 86%| E|  |TAMS 0x0000000764400000, 0x0000000764400000| Complete 
| 581|0x0000000764500000, 0x0000000764600000, 0x0000000764600000|100%| E|CS|TAMS 0x0000000764500000, 0x0000000764500000| Complete 
| 582|0x0000000764600000, 0x0000000764700000, 0x0000000764700000|100%| E|CS|TAMS 0x0000000764600000, 0x0000000764600000| Complete 
| 583|0x0000000764700000, 0x0000000764800000, 0x0000000764800000|100%| E|CS|TAMS 0x0000000764700000, 0x0000000764700000| Complete 
| 584|0x0000000764800000, 0x0000000764900000, 0x0000000764900000|100%| E|CS|TAMS 0x0000000764800000, 0x0000000764800000| Complete 
| 585|0x0000000764900000, 0x0000000764a00000, 0x0000000764a00000|100%| E|CS|TAMS 0x0000000764900000, 0x0000000764900000| Complete 
| 586|0x0000000764a00000, 0x0000000764b00000, 0x0000000764b00000|100%| E|CS|TAMS 0x0000000764a00000, 0x0000000764a00000| Complete 
| 587|0x0000000764b00000, 0x0000000764c00000, 0x0000000764c00000|100%| E|CS|TAMS 0x0000000764b00000, 0x0000000764b00000| Complete 
| 588|0x0000000764c00000, 0x0000000764d00000, 0x0000000764d00000|100%| E|CS|TAMS 0x0000000764c00000, 0x0000000764c00000| Complete 
| 589|0x0000000764d00000, 0x0000000764e00000, 0x0000000764e00000|100%| E|CS|TAMS 0x0000000764d00000, 0x0000000764d00000| Complete 
| 590|0x0000000764e00000, 0x0000000764f00000, 0x0000000764f00000|100%| E|CS|TAMS 0x0000000764e00000, 0x0000000764e00000| Complete 
| 591|0x0000000764f00000, 0x0000000765000000, 0x0000000765000000|100%| E|CS|TAMS 0x0000000764f00000, 0x0000000764f00000| Complete 
| 592|0x0000000765000000, 0x0000000765100000, 0x0000000765100000|100%| E|CS|TAMS 0x0000000765000000, 0x0000000765000000| Complete 
| 593|0x0000000765100000, 0x0000000765200000, 0x0000000765200000|100%| E|CS|TAMS 0x0000000765100000, 0x0000000765100000| Complete 
| 594|0x0000000765200000, 0x0000000765300000, 0x0000000765300000|100%| E|CS|TAMS 0x0000000765200000, 0x0000000765200000| Complete 
| 595|0x0000000765300000, 0x0000000765400000, 0x0000000765400000|100%| E|CS|TAMS 0x0000000765300000, 0x0000000765300000| Complete 
| 596|0x0000000765400000, 0x0000000765500000, 0x0000000765500000|100%| E|CS|TAMS 0x0000000765400000, 0x0000000765400000| Complete 
| 597|0x0000000765500000, 0x0000000765600000, 0x0000000765600000|100%| E|CS|TAMS 0x0000000765500000, 0x0000000765500000| Complete 
| 598|0x0000000765600000, 0x0000000765700000, 0x0000000765700000|100%| E|CS|TAMS 0x0000000765600000, 0x0000000765600000| Complete 
| 599|0x0000000765700000, 0x0000000765800000, 0x0000000765800000|100%| E|  |TAMS 0x0000000765700000, 0x0000000765700000| Complete 
| 600|0x0000000765800000, 0x0000000765900000, 0x0000000765900000|100%| E|CS|TAMS 0x0000000765800000, 0x0000000765800000| Complete 
| 601|0x0000000765900000, 0x0000000765a00000, 0x0000000765a00000|100%| E|CS|TAMS 0x0000000765900000, 0x0000000765900000| Complete 
| 602|0x0000000765a00000, 0x0000000765b00000, 0x0000000765b00000|100%| E|CS|TAMS 0x0000000765a00000, 0x0000000765a00000| Complete 
| 603|0x0000000765b00000, 0x0000000765c00000, 0x0000000765c00000|100%| E|CS|TAMS 0x0000000765b00000, 0x0000000765b00000| Complete 
| 604|0x0000000765c00000, 0x0000000765d00000, 0x0000000765d00000|100%| E|CS|TAMS 0x0000000765c00000, 0x0000000765c00000| Complete 
| 605|0x0000000765d00000, 0x0000000765e00000, 0x0000000765e00000|100%| E|CS|TAMS 0x0000000765d00000, 0x0000000765d00000| Complete 
| 606|0x0000000765e00000, 0x0000000765f00000, 0x0000000765f00000|100%| E|CS|TAMS 0x0000000765e00000, 0x0000000765e00000| Complete 
| 607|0x0000000765f00000, 0x0000000766000000, 0x0000000766000000|100%| E|CS|TAMS 0x0000000765f00000, 0x0000000765f00000| Complete 
| 608|0x0000000766000000, 0x0000000766100000, 0x0000000766100000|100%| E|CS|TAMS 0x0000000766000000, 0x0000000766000000| Complete 
| 609|0x0000000766100000, 0x0000000766200000, 0x0000000766200000|100%| E|CS|TAMS 0x0000000766100000, 0x0000000766100000| Complete 
| 610|0x0000000766200000, 0x0000000766300000, 0x0000000766300000|100%| E|CS|TAMS 0x0000000766200000, 0x0000000766200000| Complete 
| 611|0x0000000766300000, 0x0000000766400000, 0x0000000766400000|100%| E|CS|TAMS 0x0000000766300000, 0x0000000766300000| Complete 
| 612|0x0000000766400000, 0x0000000766500000, 0x0000000766500000|100%| E|CS|TAMS 0x0000000766400000, 0x0000000766400000| Complete 
| 613|0x0000000766500000, 0x0000000766600000, 0x0000000766600000|100%| E|CS|TAMS 0x0000000766500000, 0x0000000766500000| Complete 
| 614|0x0000000766600000, 0x0000000766700000, 0x0000000766700000|100%| E|CS|TAMS 0x0000000766600000, 0x0000000766600000| Complete 
| 615|0x0000000766700000, 0x0000000766800000, 0x0000000766800000|100%| E|CS|TAMS 0x0000000766700000, 0x0000000766700000| Complete 
| 616|0x0000000766800000, 0x0000000766900000, 0x0000000766900000|100%| E|CS|TAMS 0x0000000766800000, 0x0000000766800000| Complete 
| 617|0x0000000766900000, 0x0000000766a00000, 0x0000000766a00000|100%| E|CS|TAMS 0x0000000766900000, 0x0000000766900000| Complete 
| 618|0x0000000766a00000, 0x0000000766b00000, 0x0000000766b00000|100%| E|CS|TAMS 0x0000000766a00000, 0x0000000766a00000| Complete 
| 619|0x0000000766b00000, 0x0000000766c00000, 0x0000000766c00000|100%| E|CS|TAMS 0x0000000766b00000, 0x0000000766b00000| Complete 
| 620|0x0000000766c00000, 0x0000000766d00000, 0x0000000766d00000|100%| E|CS|TAMS 0x0000000766c00000, 0x0000000766c00000| Complete 
| 621|0x0000000766d00000, 0x0000000766e00000, 0x0000000766e00000|100%| E|CS|TAMS 0x0000000766d00000, 0x0000000766d00000| Complete 
| 622|0x0000000766e00000, 0x0000000766f00000, 0x0000000766f00000|100%| E|CS|TAMS 0x0000000766e00000, 0x0000000766e00000| Complete 
| 623|0x0000000766f00000, 0x0000000767000000, 0x0000000767000000|100%| E|CS|TAMS 0x0000000766f00000, 0x0000000766f00000| Complete 
| 624|0x0000000767000000, 0x0000000767100000, 0x0000000767100000|100%| E|CS|TAMS 0x0000000767000000, 0x0000000767000000| Complete 
| 625|0x0000000767100000, 0x0000000767200000, 0x0000000767200000|100%| E|CS|TAMS 0x0000000767100000, 0x0000000767100000| Complete 
| 626|0x0000000767200000, 0x0000000767300000, 0x0000000767300000|100%| E|CS|TAMS 0x0000000767200000, 0x0000000767200000| Complete 
| 627|0x0000000767300000, 0x0000000767400000, 0x0000000767400000|100%| E|CS|TAMS 0x0000000767300000, 0x0000000767300000| Complete 
| 628|0x0000000767400000, 0x0000000767500000, 0x0000000767500000|100%| E|CS|TAMS 0x0000000767400000, 0x0000000767400000| Complete 
| 629|0x0000000767500000, 0x0000000767600000, 0x0000000767600000|100%| E|CS|TAMS 0x0000000767500000, 0x0000000767500000| Complete 
| 630|0x0000000767600000, 0x0000000767700000, 0x0000000767700000|100%| E|CS|TAMS 0x0000000767600000, 0x0000000767600000| Complete 
| 631|0x0000000767700000, 0x0000000767800000, 0x0000000767800000|100%| E|CS|TAMS 0x0000000767700000, 0x0000000767700000| Complete 
| 632|0x0000000767800000, 0x0000000767900000, 0x0000000767900000|100%| E|CS|TAMS 0x0000000767800000, 0x0000000767800000| Complete 
| 633|0x0000000767900000, 0x0000000767a00000, 0x0000000767a00000|100%| E|CS|TAMS 0x0000000767900000, 0x0000000767900000| Complete 
| 634|0x0000000767a00000, 0x0000000767b00000, 0x0000000767b00000|100%| E|CS|TAMS 0x0000000767a00000, 0x0000000767a00000| Complete 
| 635|0x0000000767b00000, 0x0000000767c00000, 0x0000000767c00000|100%| E|CS|TAMS 0x0000000767b00000, 0x0000000767b00000| Complete 
| 636|0x0000000767c00000, 0x0000000767d00000, 0x0000000767d00000|100%| E|CS|TAMS 0x0000000767c00000, 0x0000000767c00000| Complete 
| 637|0x0000000767d00000, 0x0000000767e00000, 0x0000000767e00000|100%| E|CS|TAMS 0x0000000767d00000, 0x0000000767d00000| Complete 

Card table byte_map: [0x0000000105a64000,0x0000000105e64000] _byte_map_base: 0x0000000102064000

Marking Bits (Prev, Next): (CMBitMap*) 0x00000001010b1450, (CMBitMap*) 0x00000001010b1418
 Prev Bits: [0x000000012081c000, 0x000000012281c000)
 Next Bits: [0x000000011e81c000, 0x000000012081c000)

Polling page: 0x0000000100944000

Metaspace:

Usage:
  Non-class:    110.56 MB capacity,   108.03 MB ( 98%) used,     1.98 MB (  2%) free+waste,   563.19 KB ( <1%) overhead. 
      Class:     18.48 MB capacity,    16.73 MB ( 91%) used,     1.49 MB (  8%) free+waste,   258.75 KB (  1%) overhead. 
       Both:    129.04 MB capacity,   124.76 MB ( 97%) used,     3.47 MB (  3%) free+waste,   821.94 KB ( <1%) overhead. 

Virtual space:
  Non-class space:      112.00 MB reserved,     110.59 MB ( 99%) committed 
      Class space:        1.00 GB reserved,      18.56 MB (  2%) committed 
             Both:        1.11 GB reserved,     129.16 MB ( 11%) committed 

Chunk freelists:
   Non-Class:  35.00 KB
       Class:  25.00 KB
        Both:  60.00 KB

MaxMetaspaceSize: unlimited
CompressedClassSpaceSize: 1.00 GB
Initial GC threshold: 20.80 MB
Current GC threshold: 186.72 MB
CDS: off

CodeHeap 'non-profiled nmethods': size=120032Kb used=12810Kb max_used=12810Kb free=107222Kb
 bounds [0x0000000116ee4000, 0x0000000117b74000, 0x000000011e41c000]
CodeHeap 'profiled nmethods': size=120016Kb used=38680Kb max_used=38680Kb free=81335Kb
 bounds [0x000000010f9b0000, 0x0000000111f80000, 0x0000000116ee4000]
CodeHeap 'non-nmethods': size=5712Kb used=1612Kb max_used=1784Kb free=4099Kb
 bounds [0x000000010f41c000, 0x000000010f68c000, 0x000000010f9b0000]
 total_blobs=17541 nmethods=16664 adapters=792
 compilation: enabled
              stopped_count=0, restarted_count=0
 full_count=0

Compilation events (20 events):
Event: 15.557 Thread 0x0000000bfe8bd000 nmethod 18395 0x0000000111f51590 code [0x0000000111f51740, 0x0000000111f51980]
Event: 15.557 Thread 0x0000000bfe8bd000 18397       2       com.android.tools.r8.internal.CJ::a (9 bytes)
Event: 15.557 Thread 0x0000000bfe8bd000 nmethod 18397 0x0000000111f51a90 code [0x0000000111f51c40, 0x0000000111f51dc0]
Event: 15.557 Thread 0x0000000bfe8bd000 18401       2       com.android.tools.r8.internal.c8::a (1 bytes)
Event: 15.557 Thread 0x0000000bfe8bd000 nmethod 18401 0x0000000111f51e90 code [0x0000000111f52040, 0x0000000111f521d0]
Event: 15.557 Thread 0x0000000bfe8bd000 18339       1       com.android.tools.r8.internal.b8::J (2 bytes)
Event: 15.557 Thread 0x0000000bfe8bd000 nmethod 18339 0x0000000117b58290 code [0x0000000117b58440, 0x0000000117b58590]
Event: 15.557 Thread 0x0000000bfe8bd000 18447       2       com.android.tools.r8.graph.C2::a (293 bytes)
Event: 15.558 Thread 0x0000000bfe8bd000 nmethod 18447 0x0000000111f52290 code [0x0000000111f52600, 0x0000000111f53480]
Event: 15.558 Thread 0x0000000bfe8bd000 18477       2       com.android.tools.r8.internal.GI::a (74 bytes)
Event: 15.559 Thread 0x0000000bfe8bd000 nmethod 18477 0x0000000111f53c90 code [0x0000000111f53ec0, 0x0000000111f543a0]
Event: 15.559 Thread 0x0000000bfe8bd000 18400       1       com.android.tools.r8.internal.i8::E (2 bytes)
Event: 15.559 Thread 0x0000000bfe8bd000 nmethod 18400 0x0000000117b58610 code [0x0000000117b587c0, 0x0000000117b58910]
Event: 15.559 Thread 0x0000000bfe8bd000 18450       2       com.android.tools.r8.internal.Os::<init> (13 bytes)
Event: 15.559 Thread 0x0000000bfe8bd000 nmethod 18450 0x0000000111f54710 code [0x0000000111f548c0, 0x0000000111f54ad0]
Event: 15.559 Thread 0x0000000bfe8bd000 18451       2       com.android.tools.r8.internal.E::<init> (15 bytes)
Event: 15.559 Thread 0x0000000bfe8bd000 nmethod 18451 0x0000000111f54b90 code [0x0000000111f54d40, 0x0000000111f54f10]
Event: 15.559 Thread 0x0000000bfe8bd000 18452       2       com.android.tools.r8.internal.M7::a (216 bytes)
Event: 15.559 Thread 0x0000000bfe8bd000 nmethod 18452 0x0000000111f54f90 code [0x0000000111f55200, 0x0000000111f557f0]
Event: 15.559 Thread 0x0000000bfe8bd000 18453       2       com.android.tools.r8.internal.K7$a::a (101 bytes)

GC Heap History (20 events):
Event: 9.459 GC heap before
{Heap before GC invocations=28 (full 0):
 garbage-first heap   total 262144K, used 214674K [0x0000000740000000, 0x00000007c0000000)
  region size 1024K, 30 young (30720K), 4 survivors (4096K)
 Metaspace       used 106414K, capacity 109657K, committed 109984K, reserved 1144832K
  class space    used 14311K, capacity 15597K, committed 15680K, reserved 1048576K
}
Event: 9.472 GC heap after
{Heap after GC invocations=29 (full 0):
 garbage-first heap   total 262144K, used 200704K [0x0000000740000000, 0x00000007c0000000)
  region size 1024K, 4 young (4096K), 4 survivors (4096K)
 Metaspace       used 106414K, capacity 109657K, committed 109984K, reserved 1144832K
  class space    used 14311K, capacity 15597K, committed 15680K, reserved 1048576K
}
Event: 9.525 GC heap before
{Heap before GC invocations=29 (full 0):
 garbage-first heap   total 262144K, used 219136K [0x0000000740000000, 0x00000007c0000000)
  region size 1024K, 23 young (23552K), 4 survivors (4096K)
 Metaspace       used 106426K, capacity 109657K, committed 109984K, reserved 1144832K
  class space    used 14313K, capacity 15597K, committed 15680K, reserved 1048576K
}
Event: 9.534 GC heap after
{Heap after GC invocations=30 (full 0):
 garbage-first heap   total 326656K, used 209543K [0x0000000740000000, 0x00000007c0000000)
  region size 1024K, 3 young (3072K), 3 survivors (3072K)
 Metaspace       used 106426K, capacity 109657K, committed 109984K, reserved 1144832K
  class space    used 14313K, capacity 15597K, committed 15680K, reserved 1048576K
}
Event: 9.636 GC heap before
{Heap before GC invocations=30 (full 0):
 garbage-first heap   total 326656K, used 248455K [0x0000000740000000, 0x00000007c0000000)
  region size 1024K, 42 young (43008K), 3 survivors (3072K)
 Metaspace       used 106453K, capacity 109702K, committed 109984K, reserved 1144832K
  class space    used 14310K, capacity 15590K, committed 15680K, reserved 1048576K
}
Event: 9.666 GC heap after
{Heap after GC invocations=31 (full 0):
 garbage-first heap   total 326656K, used 224462K [0x0000000740000000, 0x00000007c0000000)
  region size 1024K, 6 young (6144K), 6 survivors (6144K)
 Metaspace       used 106453K, capacity 109702K, committed 109984K, reserved 1144832K
  class space    used 14310K, capacity 15590K, committed 15680K, reserved 1048576K
}
Event: 9.833 GC heap before
{Heap before GC invocations=31 (full 0):
 garbage-first heap   total 326656K, used 258254K [0x0000000740000000, 0x00000007c0000000)
  region size 1024K, 40 young (40960K), 6 survivors (6144K)
 Metaspace       used 107013K, capacity 110277K, committed 110624K, reserved 1144832K
  class space    used 14386K, capacity 15692K, committed 15808K, reserved 1048576K
}
Event: 9.853 GC heap after
{Heap after GC invocations=32 (full 0):
 garbage-first heap   total 326656K, used 238259K [0x0000000740000000, 0x00000007c0000000)
  region size 1024K, 5 young (5120K), 5 survivors (5120K)
 Metaspace       used 107013K, capacity 110277K, committed 110624K, reserved 1144832K
  class space    used 14386K, capacity 15692K, committed 15808K, reserved 1048576K
}
Event: 10.042 GC heap before
{Heap before GC invocations=33 (full 0):
 garbage-first heap   total 326656K, used 265907K [0x0000000740000000, 0x00000007c0000000)
  region size 1024K, 33 young (33792K), 5 survivors (5120K)
 Metaspace       used 108302K, capacity 111495K, committed 111648K, reserved 1144832K
  class space    used 14544K, capacity 15797K, committed 15808K, reserved 1048576K
}
Event: 10.049 GC heap after
{Heap after GC invocations=34 (full 0):
 garbage-first heap   total 326656K, used 246326K [0x0000000740000000, 0x00000007c0000000)
  region size 1024K, 5 young (5120K), 5 survivors (5120K)
 Metaspace       used 108302K, capacity 111495K, committed 111648K, reserved 1144832K
  class space    used 14544K, capacity 15797K, committed 15808K, reserved 1048576K
}
Event: 10.240 GC heap before
{Heap before GC invocations=34 (full 0):
 garbage-first heap   total 326656K, used 270902K [0x0000000740000000, 0x00000007c0000000)
  region size 1024K, 30 young (30720K), 5 survivors (5120K)
 Metaspace       used 110598K, capacity 113917K, committed 114080K, reserved 1146880K
  class space    used 14841K, capacity 16132K, committed 16192K, reserved 1048576K
}
Event: 10.247 GC heap after
{Heap after GC invocations=35 (full 0):
 garbage-first heap   total 653312K, used 248941K [0x0000000740000000, 0x00000007c0000000)
  region size 1024K, 2 young (2048K), 2 survivors (2048K)
 Metaspace       used 110598K, capacity 113917K, committed 114080K, reserved 1146880K
  class space    used 14841K, capacity 16132K, committed 16192K, reserved 1048576K
}
Event: 11.052 GC heap before
{Heap before GC invocations=36 (full 0):
 garbage-first heap   total 653312K, used 361581K [0x0000000740000000, 0x00000007c0000000)
  region size 1024K, 123 young (125952K), 2 survivors (2048K)
 Metaspace       used 114542K, capacity 118209K, committed 118304K, reserved 1150976K
  class space    used 15367K, capacity 16825K, committed 16832K, reserved 1048576K
}
Event: 11.071 GC heap after
{Heap after GC invocations=37 (full 0):
 garbage-first heap   total 653312K, used 247012K [0x0000000740000000, 0x00000007c0000000)
  region size 1024K, 11 young (11264K), 11 survivors (11264K)
 Metaspace       used 114542K, capacity 118209K, committed 118304K, reserved 1150976K
  class space    used 15367K, capacity 16825K, committed 16832K, reserved 1048576K
}
Event: 12.107 GC heap before
{Heap before GC invocations=37 (full 0):
 garbage-first heap   total 653312K, used 419044K [0x0000000740000000, 0x00000007c0000000)
  region size 1024K, 146 young (149504K), 11 survivors (11264K)
 Metaspace       used 115673K, capacity 119496K, committed 119840K, reserved 1153024K
  class space    used 15484K, capacity 16988K, committed 17088K, reserved 1048576K
}
Event: 12.127 GC heap after
{Heap after GC invocations=38 (full 0):
 garbage-first heap   total 653312K, used 283809K [0x0000000740000000, 0x00000007c0000000)
  region size 1024K, 19 young (19456K), 19 survivors (19456K)
 Metaspace       used 115673K, capacity 119496K, committed 119840K, reserved 1153024K
  class space    used 15484K, capacity 16988K, committed 17088K, reserved 1048576K
}
Event: 14.899 GC heap before
{Heap before GC invocations=38 (full 0):
 garbage-first heap   total 653312K, used 447649K [0x0000000740000000, 0x00000007c0000000)
  region size 1024K, 165 young (168960K), 19 survivors (19456K)
 Metaspace       used 121991K, capacity 125860K, committed 126112K, reserved 1157120K
  class space    used 16283K, capacity 17892K, committed 17984K, reserved 1048576K
}
Event: 14.914 GC heap after
{Heap after GC invocations=39 (full 0):
 garbage-first heap   total 653312K, used 277385K [0x0000000740000000, 0x00000007c0000000)
  region size 1024K, 13 young (13312K), 13 survivors (13312K)
 Metaspace       used 121991K, capacity 125860K, committed 126112K, reserved 1157120K
  class space    used 16283K, capacity 17892K, committed 17984K, reserved 1048576K
}
Event: 15.433 GC heap before
{Heap before GC invocations=39 (full 0):
 garbage-first heap   total 653312K, used 439177K [0x0000000740000000, 0x00000007c0000000)
  region size 1024K, 166 young (169984K), 13 survivors (13312K)
 Metaspace       used 126127K, capacity 130378K, committed 130592K, reserved 1161216K
  class space    used 16840K, capacity 18576K, committed 18624K, reserved 1048576K
}
Event: 15.452 GC heap after
{Heap after GC invocations=40 (full 0):
 garbage-first heap   total 653312K, used 299160K [0x0000000740000000, 0x00000007c0000000)
  region size 1024K, 21 young (21504K), 21 survivors (21504K)
 Metaspace       used 126127K, capacity 130378K, committed 130592K, reserved 1161216K
  class space    used 16840K, capacity 18576K, committed 18624K, reserved 1048576K
}

Deoptimization events (20 events):
Event: 15.519 Thread 0x0000000bf71a8000 DEOPT PACKING pc=0x0000000111e9281c sp=0x00000003076aed20
Event: 15.519 Thread 0x0000000bf71a8000 DEOPT UNPACKING pc=0x000000010f45127c sp=0x00000003076aeba0 mode 0
Event: 15.522 Thread 0x0000000bf71a8000 Uncommon trap: trap_request=0xffffff4d fr.pc=0x0000000117b524f0 relative=0x00000000000004f0
Event: 15.522 Thread 0x0000000bf71a8000 Uncommon trap: reason=unstable_if action=reinterpret pc=0x0000000117b524f0 method=com.android.tools.r8.graph.e1.a(C[BI)I @ 27 c2
Event: 15.522 Thread 0x0000000bf71a8000 DEOPT PACKING pc=0x0000000117b524f0 sp=0x00000003076aefc0
Event: 15.522 Thread 0x0000000bf71a8000 DEOPT UNPACKING pc=0x000000010f450d9c sp=0x00000003076aeec0 mode 2
Event: 15.523 Thread 0x0000000bf71a8000 DEOPT PACKING pc=0x0000000111e9281c sp=0x00000003076aed20
Event: 15.523 Thread 0x0000000bf71a8000 DEOPT UNPACKING pc=0x000000010f45127c sp=0x00000003076aeba0 mode 0
Event: 15.525 Thread 0x0000000bf7181000 Uncommon trap: trap_request=0xffffff4d fr.pc=0x0000000117418b90 relative=0x0000000000001410
Event: 15.525 Thread 0x0000000bf7181000 Uncommon trap: reason=unstable_if action=reinterpret pc=0x0000000117418b90 method=java.util.zip.ZipFile$Source.getEntryPos([BZ)I @ 105 c2
Event: 15.525 Thread 0x0000000bf7181000 DEOPT PACKING pc=0x0000000117418b90 sp=0x0000000306a662a0
Event: 15.525 Thread 0x0000000bf7181000 DEOPT UNPACKING pc=0x000000010f450d9c sp=0x0000000306a66190 mode 2
Event: 15.537 Thread 0x0000000bf71a8000 DEOPT PACKING pc=0x0000000111e9281c sp=0x00000003076aec60
Event: 15.537 Thread 0x0000000bf71a8000 DEOPT UNPACKING pc=0x000000010f45127c sp=0x00000003076aeae0 mode 0
Event: 15.552 Thread 0x0000000bf71a8000 DEOPT PACKING pc=0x0000000111f43534 sp=0x00000003076aef10
Event: 15.552 Thread 0x0000000bf71a8000 DEOPT UNPACKING pc=0x000000010f45127c sp=0x00000003076aed40 mode 0
Event: 15.554 Thread 0x0000000bf71a8000 DEOPT PACKING pc=0x0000000111f43534 sp=0x00000003076aee80
Event: 15.554 Thread 0x0000000bf71a8000 DEOPT UNPACKING pc=0x000000010f45127c sp=0x00000003076aecb0 mode 0
Event: 15.555 Thread 0x0000000bf71a8000 DEOPT PACKING pc=0x0000000111f43534 sp=0x00000003076aee80
Event: 15.555 Thread 0x0000000bf71a8000 DEOPT UNPACKING pc=0x000000010f45127c sp=0x00000003076aecb0 mode 0

Classes redefined (0 events):
No events

Internal exceptions (20 events):
Event: 15.375 Thread 0x0000000bf6d0f000 Exception <a 'java/lang/NoSuchMethodError'{0x00000007602b0f20}: 'long java.lang.invoke.DirectMethodHandle$Holder.invokeStatic(java.lang.Object, long, java.lang.Object)'> (0x00000007602b0f20) thrown at [src/hotspot/share/interpreter/linkResolver.cpp, line 773]
Event: 15.377 Thread 0x0000000bf6d0c000 Exception <a 'java/lang/NoSuchMethodError'{0x00000007601c1518}: 'java.lang.Object java.lang.invoke.DirectMethodHandle$Holder.invokeStatic(java.lang.Object, long)'> (0x00000007601c1518) thrown at [src/hotspot/share/interpreter/linkResolver.cpp, line 773]
Event: 15.377 Thread 0x0000000bf71a8000 Exception <a 'java/lang/NoSuchMethodError'{0x00000007602b9f38}: 'java.lang.Object java.lang.invoke.DirectMethodHandle$Holder.invokeStatic(java.lang.Object, long)'> (0x00000007602b9f38) thrown at [src/hotspot/share/interpreter/linkResolver.cpp, line 773]
Event: 15.377 Thread 0x0000000bf6d0f000 Exception <a 'java/lang/NoSuchMethodError'{0x00000007601faef8}: 'java.lang.Object java.lang.invoke.DirectMethodHandle$Holder.invokeStatic(java.lang.Object, long)'> (0x00000007601faef8) thrown at [src/hotspot/share/interpreter/linkResolver.cpp, line 773]
Event: 15.378 Thread 0x0000000bf6d0c000 Exception <a 'java/lang/NoSuchMethodError'{0x00000007601c49a0}: 'java.lang.Object java.lang.invoke.DirectMethodHandle$Holder.invokeSpecial(java.lang.Object, java.lang.Object, long)'> (0x00000007601c49a0) thrown at [src/hotspot/share/interpreter/linkResolver.cpp, line 773]
Event: 15.378 Thread 0x0000000bf7181000 Exception <a 'java/lang/NoSuchMethodError'{0x00000007607b3260}: 'java.lang.Object java.lang.invoke.DirectMethodHandle$Holder.invokeSpecial(java.lang.Object, java.lang.Object, long)'> (0x00000007607b3260) thrown at [src/hotspot/share/interpreter/linkResolver.cpp, line 773]
Event: 15.378 Thread 0x0000000bf6cf1000 Exception <a 'java/lang/NoSuchMethodError'{0x0000000760021978}: 'java.lang.Object java.lang.invoke.DirectMethodHandle$Holder.invokeSpecial(java.lang.Object, java.lang.Object, long)'> (0x0000000760021978) thrown at [src/hotspot/share/interpreter/linkResolver.cpp, line 773]
Event: 15.378 Thread 0x0000000bf71a9000 Exception <a 'java/lang/NoSuchMethodError'{0x000000076000b278}: 'java.lang.Object java.lang.invoke.DirectMethodHandle$Holder.invokeSpecial(java.lang.Object, java.lang.Object, long)'> (0x000000076000b278) thrown at [src/hotspot/share/interpreter/linkResolver.cpp, line 773]
Event: 15.378 Thread 0x0000000bf7182000 Exception <a 'java/lang/NoSuchMethodError'{0x00000007601e02d0}: 'java.lang.Object java.lang.invoke.DirectMethodHandle$Holder.invokeSpecial(java.lang.Object, java.lang.Object, long)'> (0x00000007601e02d0) thrown at [src/hotspot/share/interpreter/linkResolver.cpp, line 773]
Event: 15.378 Thread 0x0000000bf71a8000 Exception <a 'java/lang/NoSuchMethodError'{0x0000000760013200}: 'java.lang.Object java.lang.invoke.DirectMethodHandle$Holder.invokeSpecial(java.lang.Object, java.lang.Object, long)'> (0x0000000760013200) thrown at [src/hotspot/share/interpreter/linkResolver.cpp, line 773]
Event: 15.378 Thread 0x0000000bf6cf1000 Exception <a 'java/lang/NoSuchMethodError'{0x0000000760024940}: 'java.lang.Object java.lang.invoke.Invokers$Holder.linkToTargetMethod(long, java.lang.Object)'> (0x0000000760024940) thrown at [src/hotspot/share/interpreter/linkResolver.cpp, line 773]
Event: 15.378 Thread 0x0000000bf7181000 Exception <a 'java/lang/NoSuchMethodError'{0x00000007607b61d8}: 'java.lang.Object java.lang.invoke.Invokers$Holder.linkToTargetMethod(long, java.lang.Object)'> (0x00000007607b61d8) thrown at [src/hotspot/share/interpreter/linkResolver.cpp, line 773]
Event: 15.378 Thread 0x0000000bf6d0f000 Exception <a 'java/lang/NoSuchMethodError'{0x000000076001a070}: 'java.lang.Object java.lang.invoke.DirectMethodHandle$Holder.invokeSpecial(java.lang.Object, java.lang.Object, long)'> (0x000000076001a070) thrown at [src/hotspot/share/interpreter/linkResolver.cpp, line 773]
Event: 15.378 Thread 0x0000000bf6c3a000 Exception <a 'java/lang/NoSuchMethodError'{0x00000007604baf60}: 'java.lang.Object java.lang.invoke.DirectMethodHandle$Holder.invokeSpecial(java.lang.Object, java.lang.Object, long)'> (0x00000007604baf60) thrown at [src/hotspot/share/interpreter/linkResolver.cpp, line 773]
Event: 15.378 Thread 0x0000000bf6d0c000 Exception <a 'java/lang/NoSuchMethodError'{0x00000007601c7918}: 'java.lang.Object java.lang.invoke.Invokers$Holder.linkToTargetMethod(long, java.lang.Object)'> (0x00000007601c7918) thrown at [src/hotspot/share/interpreter/linkResolver.cpp, line 773]
Event: 15.378 Thread 0x0000000bf71a8000 Exception <a 'java/lang/NoSuchMethodError'{0x0000000760016178}: 'java.lang.Object java.lang.invoke.Invokers$Holder.linkToTargetMethod(long, java.lang.Object)'> (0x0000000760016178) thrown at [src/hotspot/share/interpreter/linkResolver.cpp, line 773]
Event: 15.378 Thread 0x0000000bf6d0f000 Exception <a 'java/lang/NoSuchMethodError'{0x000000076001cfe8}: 'java.lang.Object java.lang.invoke.Invokers$Holder.linkToTargetMethod(long, java.lang.Object)'> (0x000000076001cfe8) thrown at [src/hotspot/share/interpreter/linkResolver.cpp, line 773]
Event: 15.378 Thread 0x0000000bf6c3a000 Exception <a 'java/lang/NoSuchMethodError'{0x00000007604bded8}: 'java.lang.Object java.lang.invoke.Invokers$Holder.linkToTargetMethod(long, java.lang.Object)'> (0x00000007604bded8) thrown at [src/hotspot/share/interpreter/linkResolver.cpp, line 773]
Event: 15.378 Thread 0x0000000bf7182000 Exception <a 'java/lang/NoSuchMethodError'{0x00000007601e3248}: 'java.lang.Object java.lang.invoke.Invokers$Holder.linkToTargetMethod(long, java.lang.Object)'> (0x00000007601e3248) thrown at [src/hotspot/share/interpreter/linkResolver.cpp, line 773]
Event: 15.378 Thread 0x0000000bf71a9000 Exception <a 'java/lang/NoSuchMethodError'{0x000000076000e1f0}: 'java.lang.Object java.lang.invoke.Invokers$Holder.linkToTargetMethod(long, java.lang.Object)'> (0x000000076000e1f0) thrown at [src/hotspot/share/interpreter/linkResolver.cpp, line 773]

Events (20 events):
Event: 15.555 loading class com/android/tools/r8/internal/ie
Event: 15.555 loading class com/android/tools/r8/internal/ie done
Event: 15.555 loading class com/android/tools/r8/internal/VW
Event: 15.555 loading class com/android/tools/r8/internal/VW done
Event: 15.555 loading class com/android/tools/r8/internal/zX
Event: 15.555 loading class com/android/tools/r8/internal/zX done
Event: 15.556 loading class com/android/tools/r8/internal/iu
Event: 15.556 loading class com/android/tools/r8/internal/iu done
Event: 15.556 loading class com/android/tools/r8/internal/M
Event: 15.556 loading class com/android/tools/r8/internal/M done
Event: 15.557 loading class com/android/tools/r8/internal/dv
Event: 15.557 loading class com/android/tools/r8/internal/dv done
Event: 15.558 loading class com/android/tools/r8/internal/J
Event: 15.558 loading class com/android/tools/r8/internal/J done
Event: 15.558 loading class com/android/tools/r8/internal/Ut
Event: 15.558 loading class com/android/tools/r8/internal/Ut done
Event: 15.558 loading class com/android/tools/r8/internal/gu
Event: 15.558 loading class com/android/tools/r8/internal/gu done
Event: 15.559 loading class com/android/tools/r8/internal/hu
Event: 15.559 loading class com/android/tools/r8/internal/hu done


Dynamic libraries:
0x0000000100958000 	/opt/homebrew/Cellar/openjdk@11/11.0.24/libexec/openjdk.jdk/Contents/Home/lib/jli/libjli.dylib
0x00000001a430b000 	/System/Library/Frameworks/Cocoa.framework/Versions/A/Cocoa
0x0000000189698000 	/System/Library/Frameworks/AppKit.framework/Versions/C/AppKit
0x000000018cd0c000 	/System/Library/Frameworks/CoreData.framework/Versions/A/CoreData
0x0000000186a92000 	/System/Library/Frameworks/Foundation.framework/Versions/C/Foundation
0x0000000194ccf000 	/usr/lib/libSystem.B.dylib
0x000000018adc5000 	/System/Library/PrivateFrameworks/UIFoundation.framework/Versions/A/UIFoundation
0x000000023eadd000 	/System/Library/PrivateFrameworks/CollectionViewCore.framework/Versions/A/CollectionViewCore
0x0000000192060000 	/System/Library/PrivateFrameworks/XCTTargetBootstrap.framework/Versions/A/XCTTargetBootstrap
0x0000000197738000 	/System/Library/PrivateFrameworks/InternationalSupport.framework/Versions/A/InternationalSupport
0x0000000197a92000 	/System/Library/PrivateFrameworks/UserActivity.framework/Versions/A/UserActivity
0x000000018d39c000 	/System/Library/PrivateFrameworks/BaseBoard.framework/Versions/A/BaseBoard
0x00000002472aa000 	/System/Library/PrivateFrameworks/FrontBoard.framework/Versions/A/FrontBoard
0x000000019f14b000 	/System/Library/PrivateFrameworks/FrontBoardServices.framework/Versions/A/FrontBoardServices
0x0000000283249000 	/usr/lib/libRosetta.dylib
0x0000000276afe000 	/System/Library/PrivateFrameworks/UIIntelligenceSupport.framework/Versions/A/UIIntelligenceSupport
0x00000002339e6000 	/System/Library/Frameworks/SwiftUICore.framework/Versions/A/SwiftUICore
0x000000027d0b2000 	/System/Library/PrivateFrameworks/WritingTools.framework/Versions/A/WritingTools
0x000000027bf03000 	/System/Library/PrivateFrameworks/WindowManagement.framework/Versions/A/WindowManagement
0x00000001866f1000 	/System/Library/Frameworks/SystemConfiguration.framework/Versions/A/SystemConfiguration
0x000000019696a000 	/usr/lib/libspindump.dylib
0x000000018af80000 	/System/Library/Frameworks/UniformTypeIdentifiers.framework/Versions/A/UniformTypeIdentifiers
0x0000000193f66000 	/usr/lib/libbsm.0.dylib
0x000000018f76a000 	/usr/lib/libapp_launch_measurement.dylib
0x000000018ea5f000 	/System/Library/PrivateFrameworks/CoreAnalytics.framework/Versions/A/CoreAnalytics
0x000000018f76e000 	/System/Library/PrivateFrameworks/CoreAutoLayout.framework/Versions/A/CoreAutoLayout
0x00000001915ab000 	/System/Library/Frameworks/Metal.framework/Versions/A/Metal
0x00000001929b3000 	/usr/lib/liblangid.dylib
0x0000000192066000 	/System/Library/PrivateFrameworks/CoreSVG.framework/Versions/A/CoreSVG
0x000000018b9e1000 	/System/Library/PrivateFrameworks/SkyLight.framework/Versions/A/SkyLight
0x0000000246fe3000 	/System/Library/PrivateFrameworks/FocusEngine.framework/Versions/A/FocusEngine
0x000000018bfa8000 	/System/Library/Frameworks/CoreGraphics.framework/Versions/A/CoreGraphics
0x0000000244bde000 	/System/Library/PrivateFrameworks/DesignLibrary.framework/Versions/A/DesignLibrary
0x000000019d413000 	/System/Library/Frameworks/Accelerate.framework/Versions/A/Accelerate
0x000000019675f000 	/System/Library/PrivateFrameworks/IconServices.framework/Versions/A/IconServices
0x0000000191583000 	/System/Library/Frameworks/IOSurface.framework/Versions/A/IOSurface
0x000000018ea8f000 	/usr/lib/libDiagnosticMessagesClient.dylib
0x0000000194c18000 	/usr/lib/libz.1.dylib
0x00000001a173b000 	/System/Library/Frameworks/ApplicationServices.framework/Versions/A/ApplicationServices
0x000000019204b000 	/System/Library/PrivateFrameworks/DFRFoundation.framework/Versions/A/DFRFoundation
0x0000000188ee7000 	/usr/lib/libicucore.A.dylib
0x0000000198ccf000 	/System/Library/Frameworks/AudioToolbox.framework/Versions/A/AudioToolbox
0x0000000197a40000 	/System/Library/PrivateFrameworks/DataDetectorsCore.framework/Versions/A/DataDetectorsCore
0x0000000277711000 	/System/Library/PrivateFrameworks/UpdateCycle.framework/Versions/A/UpdateCycle
0x00000001b5936000 	/System/Library/PrivateFrameworks/TextInput.framework/Versions/A/TextInput
0x000000018b923000 	/usr/lib/libMobileGestalt.dylib
0x0000000191d47000 	/System/Library/Frameworks/Carbon.framework/Versions/A/Frameworks/HIToolbox.framework/Versions/A/HIToolbox
0x000000018efc4000 	/System/Library/Frameworks/QuartzCore.framework/Versions/A/QuartzCore
0x0000000188ac2000 	/System/Library/Frameworks/Security.framework/Versions/A/Security
0x000000019cd92000 	/System/Library/Frameworks/Carbon.framework/Versions/A/Frameworks/SpeechRecognition.framework/Versions/A/SpeechRecognition
0x000000018f439000 	/System/Library/PrivateFrameworks/CoreUI.framework/Versions/A/CoreUI
0x0000000188310000 	/System/Library/Frameworks/CoreAudio.framework/Versions/A/CoreAudio
0x000000018eb83000 	/System/Library/Frameworks/DiskArbitration.framework/Versions/A/DiskArbitration
0x0000000196f12000 	/System/Library/PrivateFrameworks/MultitouchSupport.framework/Versions/A/MultitouchSupport
0x000000018b921000 	/usr/lib/libenergytrace.dylib
0x00000001a8e1a000 	/System/Library/PrivateFrameworks/RenderBox.framework/Versions/A/RenderBox
0x000000018953f000 	/System/Library/Frameworks/IOKit.framework/Versions/A/IOKit
0x000000019d19c000 	/System/Library/Frameworks/CoreServices.framework/Versions/A/CoreServices
0x000000018f6fb000 	/System/Library/PrivateFrameworks/PerformanceAnalysis.framework/Versions/A/PerformanceAnalysis
0x00000002293d0000 	/System/Library/Frameworks/OpenGL.framework/Versions/A/OpenGL
0x000000018f7b8000 	/usr/lib/libxml2.2.dylib
0x0000000193e47000 	/System/Library/PrivateFrameworks/MobileKeyBag.framework/Versions/A/MobileKeyBag
0x0000000184da8000 	/usr/lib/libobjc.A.dylib
0x000000018510e000 	/usr/lib/libc++.1.dylib
0x000000019d119000 	/System/Library/Frameworks/Accessibility.framework/Versions/A/Accessibility
0x000000018c702000 	/System/Library/Frameworks/ColorSync.framework/Versions/A/ColorSync
0x000000018523f000 	/System/Library/Frameworks/CoreFoundation.framework/Versions/A/CoreFoundation
0x00000001923f3000 	/System/Library/Frameworks/CoreImage.framework/Versions/A/CoreImage
0x00000001880e3000 	/System/Library/Frameworks/CoreText.framework/Versions/A/CoreText
0x000000022acda000 	/System/Library/Frameworks/CoreTransferable.framework/Versions/A/CoreTransferable
0x000000022b216000 	/System/Library/Frameworks/DataDetection.framework/Versions/A/DataDetection
0x000000022b22b000 	/System/Library/Frameworks/DeveloperToolsSupport.framework/Versions/A/DeveloperToolsSupport
0x00000001920a4000 	/System/Library/Frameworks/ImageIO.framework/Versions/A/ImageIO
0x000000023495b000 	/System/Library/Frameworks/Symbols.framework/Versions/A/Symbols
0x00000001bab5b000 	/System/Library/PrivateFrameworks/AttributeGraph.framework/Versions/A/AttributeGraph
0x000000019f22a000 	/System/Library/PrivateFrameworks/BoardServices.framework/Versions/A/BoardServices
0x00000001df31a000 	/System/Library/PrivateFrameworks/FeatureFlags.framework/Versions/A/FeatureFlags
0x0000000250223000 	/System/Library/PrivateFrameworks/Gestures.framework/Versions/A/Gestures
0x0000000194cd4000 	/System/Library/PrivateFrameworks/SoftLinking.framework/Versions/A/SoftLinking
0x00000001c93ff000 	/usr/lib/swift/libswiftAccelerate.dylib
0x00000001bf876000 	/usr/lib/swift/libswiftCompression.dylib
0x0000000198637000 	/usr/lib/swift/libswiftCore.dylib
0x00000001b1c07000 	/usr/lib/swift/libswiftCoreFoundation.dylib
0x00000001b1c60000 	/usr/lib/swift/libswiftCoreImage.dylib
0x000000019eec6000 	/usr/lib/swift/libswiftDispatch.dylib
0x00000001b1c61000 	/usr/lib/swift/libswiftIOKit.dylib
0x00000001bf869000 	/usr/lib/swift/libswiftMetal.dylib
0x00000001cebee000 	/usr/lib/swift/libswiftOSLog.dylib
0x00000001a1d8c000 	/usr/lib/swift/libswiftObjectiveC.dylib
0x000000028448a000 	/usr/lib/swift/libswiftObservation.dylib
0x00000001c4b82000 	/usr/lib/swift/libswiftQuartzCore.dylib
0x00000002845c9000 	/usr/lib/swift/libswiftSynchronization.dylib
0x00000001c93f0000 	/usr/lib/swift/libswiftUniformTypeIdentifiers.dylib
0x00000001b1c19000 	/usr/lib/swift/libswiftXPC.dylib
0x0000000284603000 	/usr/lib/swift/libswift_Builtin_float.dylib
0x0000000284606000 	/usr/lib/swift/libswift_Concurrency.dylib
0x00000001a1d90000 	/usr/lib/swift/libswiftos.dylib
0x00000001b56c6000 	/usr/lib/swift/libswiftsimd.dylib
0x0000000194efb000 	/usr/lib/libcompression.dylib
0x0000000197698000 	/System/Library/PrivateFrameworks/TextureIO.framework/Versions/A/TextureIO
0x000000018c8ae000 	/System/Library/Frameworks/ApplicationServices.framework/Versions/A/Frameworks/HIServices.framework/Versions/A/HIServices
0x00000001963e8000 	/usr/lib/libate.dylib
0x0000000194cc9000 	/usr/lib/system/libcache.dylib
0x0000000194c84000 	/usr/lib/system/libcommonCrypto.dylib
0x0000000194caf000 	/usr/lib/system/libcompiler_rt.dylib
0x0000000194ca4000 	/usr/lib/system/libcopyfile.dylib
0x0000000184f48000 	/usr/lib/system/libcorecrypto.dylib
0x0000000185041000 	/usr/lib/system/libdispatch.dylib
0x0000000184dfc000 	/usr/lib/system/libdyld.dylib
0x0000000194cbf000 	/usr/lib/system/libkeymgr.dylib
0x0000000194c67000 	/usr/lib/system/libmacho.dylib
0x0000000193f3e000 	/usr/lib/system/libquarantine.dylib
0x0000000194cbc000 	/usr/lib/system/libremovefile.dylib
0x000000018b9a4000 	/usr/lib/system/libsystem_asl.dylib
0x0000000184ecd000 	/usr/lib/system/libsystem_blocks.dylib
0x000000018508b000 	/usr/lib/system/libsystem_c.dylib
0x0000000194cb3000 	/usr/lib/system/libsystem_collections.dylib
0x00000001929a0000 	/usr/lib/system/libsystem_configuration.dylib
0x000000019154a000 	/usr/lib/system/libsystem_containermanager.dylib
0x00000001946ce000 	/usr/lib/system/libsystem_coreservices.dylib
0x00000001891b9000 	/usr/lib/system/libsystem_darwin.dylib
0x0000000284959000 	/usr/lib/system/libsystem_darwindirectory.dylib
0x0000000194cc0000 	/usr/lib/system/libsystem_dnssd.dylib
0x000000028495d000 	/usr/lib/system/libsystem_eligibility.dylib
0x0000000185088000 	/usr/lib/system/libsystem_featureflags.dylib
0x000000018520f000 	/usr/lib/system/libsystem_info.dylib
0x0000000194c28000 	/usr/lib/system/libsystem_m.dylib
0x0000000184ff5000 	/usr/lib/system/libsystem_malloc.dylib
0x000000018b906000 	/usr/lib/system/libsystem_networkextension.dylib
0x000000018962a000 	/usr/lib/system/libsystem_notify.dylib
0x00000001929a5000 	/usr/lib/system/libsystem_sandbox.dylib
0x0000000284967000 	/usr/lib/system/libsystem_sanitizers.dylib
0x0000000194cb8000 	/usr/lib/system/libsystem_secinit.dylib
0x00000001851bc000 	/usr/lib/system/libsystem_kernel.dylib
0x0000000185206000 	/usr/lib/system/libsystem_platform.dylib
0x00000001851f9000 	/usr/lib/system/libsystem_pthread.dylib
0x000000018d580000 	/usr/lib/system/libsystem_symptoms.dylib
0x0000000184f27000 	/usr/lib/system/libsystem_trace.dylib
0x000000028496f000 	/usr/lib/system/libsystem_trial.dylib
0x0000000194c92000 	/usr/lib/system/libunwind.dylib
0x0000000184ed1000 	/usr/lib/system/libxpc.dylib
0x00000001851a1000 	/usr/lib/libc++abi.dylib
0x000000028419a000 	/usr/lib/libswiftPrespecialized.dylib
0x0000000194cd1000 	/usr/lib/libfakelink.dylib
0x000000018b54a000 	/System/Library/Frameworks/CFNetwork.framework/Versions/A/CFNetwork
0x0000000194d25000 	/usr/lib/libarchive.2.dylib
0x000000019aea7000 	/System/Library/Frameworks/Combine.framework/Versions/A/Combine
0x000000023eb02000 	/System/Library/PrivateFrameworks/CollectionsInternal.framework/Versions/A/CollectionsInternal
0x0000000265c81000 	/System/Library/PrivateFrameworks/ReflectionInternal.framework/Versions/A/ReflectionInternal
0x0000000266b0d000 	/System/Library/PrivateFrameworks/RuntimeInternal.framework/Versions/A/RuntimeInternal
0x00000001aeaae000 	/usr/lib/swift/libswiftDarwin.dylib
0x00000002845d1000 	/usr/lib/swift/libswiftSystem.dylib
0x0000000284690000 	/usr/lib/swift/libswift_DarwinFoundation1.dylib
0x0000000284771000 	/usr/lib/swift/libswift_StringProcessing.dylib
0x00000001894be000 	/System/Library/PrivateFrameworks/CoreServicesInternal.framework/Versions/A/CoreServicesInternal
0x0000000194c9c000 	/usr/lib/liboah.dylib
0x00000001a11d9000 	/System/Library/PrivateFrameworks/DiskImages.framework/Versions/A/DiskImages
0x00000001ae570000 	/System/Library/Frameworks/NetFS.framework/Versions/A/NetFS
0x000000018f732000 	/System/Library/Frameworks/CoreServices.framework/Versions/A/Frameworks/FSEvents.framework/Versions/A/FSEvents
0x00000001891c4000 	/System/Library/Frameworks/CoreServices.framework/Versions/A/Frameworks/CarbonCore.framework/Versions/A/CarbonCore
0x000000018eaf7000 	/System/Library/Frameworks/CoreServices.framework/Versions/A/Frameworks/Metadata.framework/Versions/A/Metadata
0x00000001946d6000 	/System/Library/Frameworks/CoreServices.framework/Versions/A/Frameworks/OSServices.framework/Versions/A/OSServices
0x0000000194e1d000 	/System/Library/Frameworks/CoreServices.framework/Versions/A/Frameworks/SearchKit.framework/Versions/A/SearchKit
0x000000018d4f9000 	/System/Library/Frameworks/CoreServices.framework/Versions/A/Frameworks/AE.framework/Versions/A/AE
0x0000000185789000 	/System/Library/Frameworks/CoreServices.framework/Versions/A/Frameworks/LaunchServices.framework/Versions/A/LaunchServices
0x000000019623e000 	/System/Library/Frameworks/CoreServices.framework/Versions/A/Frameworks/DictionaryServices.framework/Versions/A/DictionaryServices
0x000000018f740000 	/System/Library/Frameworks/CoreServices.framework/Versions/A/Frameworks/SharedFileList.framework/Versions/A/SharedFileList
0x0000000194eb2000 	/usr/lib/libapple_nghttp2.dylib
0x000000018d113000 	/usr/lib/libsqlite3.dylib
0x00000001a1421000 	/System/Library/PrivateFrameworks/AppSupport.framework/Versions/A/AppSupport
0x0000000199369000 	/System/Library/Frameworks/GSS.framework/Versions/A/GSS
0x000000018d48d000 	/System/Library/PrivateFrameworks/RunningBoardServices.framework/Versions/A/RunningBoardServices
0x00000001a1d1a000 	/System/Library/PrivateFrameworks/StreamingZip.framework/Versions/A/StreamingZip
0x000000018d589000 	/System/Library/Frameworks/Network.framework/Versions/A/Network
0x0000000194c6b000 	/usr/lib/system/libkxld.dylib
0x000000023a363000 	/System/Library/PrivateFrameworks/AppleKeyStore.framework/Versions/A/AppleKeyStore
0x0000000282f2c000 	/usr/lib/libCoreEntitlements.dylib
0x000000025bb53000 	/System/Library/PrivateFrameworks/MessageSecurity.framework/Versions/A/MessageSecurity
0x000000018d0f7000 	/System/Library/PrivateFrameworks/ProtocolBuffer.framework/Versions/A/ProtocolBuffer
0x000000019e2c7000 	/System/Library/PrivateFrameworks/SymptomDiagnosticReporter.framework/Versions/A/SymptomDiagnosticReporter
0x0000000196482000 	/System/Library/PrivateFrameworks/CrashReporterSupport.framework/Versions/A/CrashReporterSupport
0x00000001946b5000 	/System/Library/PrivateFrameworks/AppleFSCompression.framework/Versions/A/AppleFSCompression
0x0000000193f4e000 	/usr/lib/libcoretls.dylib
0x00000001962b5000 	/usr/lib/libcoretls_cfhelpers.dylib
0x0000000194ef4000 	/usr/lib/libpam.2.dylib
0x0000000196327000 	/usr/lib/libxar.1.dylib
0x00000001962b7000 	/System/Library/PrivateFrameworks/APFS.framework/Versions/A/APFS
0x00000002715b9000 	/System/Library/PrivateFrameworks/SwiftASN1Internal.framework/Versions/A/SwiftASN1Internal
0x0000000196336000 	/usr/lib/libutil.dylib
0x00000001929ae000 	/System/Library/PrivateFrameworks/AppleSystemInfo.framework/Versions/A/AppleSystemInfo
0x0000000193c36000 	/System/Library/PrivateFrameworks/IOMobileFramebuffer.framework/Versions/A/IOMobileFramebuffer
0x00000001b1acd000 	/System/Library/PrivateFrameworks/LoggingSupport.framework/Versions/A/LoggingSupport
0x00000001993cc000 	/System/Library/PrivateFrameworks/MobileAsset.framework/Versions/A/MobileAsset
0x000000019e2d7000 	/System/Library/PrivateFrameworks/PowerLog.framework/Versions/A/PowerLog
0x0000000233878000 	/System/Library/Frameworks/SwiftData.framework/Versions/A/SwiftData
0x000000018f965000 	/System/Library/PrivateFrameworks/UserManagement.framework/Versions/A/UserManagement
0x000000018b475000 	/usr/lib/libboringssl.dylib
0x000000018d56e000 	/usr/lib/libdns_services.dylib
0x00000001b0b04000 	/usr/lib/libquic.dylib
0x00000001985c7000 	/usr/lib/libusrtcp.dylib
0x000000023b155000 	/System/Library/PrivateFrameworks/AtomicsInternal.framework/Versions/A/AtomicsInternal
0x00000001d747a000 	/System/Library/PrivateFrameworks/InternalSwiftProtobuf.framework/Versions/A/InternalSwiftProtobuf
0x0000000284461000 	/usr/lib/swift/libswiftDistributed.dylib
0x00000001929ac000 	/System/Library/PrivateFrameworks/AggregateDictionary.framework/Versions/A/AggregateDictionary
0x000000023b8e8000 	/System/Library/PrivateFrameworks/BiomeLibrary.framework/Versions/A/BiomeLibrary
0x00000001c0889000 	/System/Library/PrivateFrameworks/BiomeStreams.framework/Versions/A/BiomeStreams
0x00000001bca54000 	/System/Library/PrivateFrameworks/BiomeFoundation.framework/Versions/A/BiomeFoundation
0x00000001c694a000 	/System/Library/PrivateFrameworks/BiomePubSub.framework/Versions/A/BiomePubSub
0x00000001a2d46000 	/System/Library/PrivateFrameworks/ProactiveSupport.framework/Versions/A/ProactiveSupport
0x0000000196296000 	/usr/lib/liblzma.5.dylib
0x00000001a173c000 	/System/Library/PrivateFrameworks/InternationalTextSearch.framework/Versions/A/InternationalTextSearch
0x00000001b8f58000 	/System/Library/PrivateFrameworks/SoftwareUpdateCoreSupport.framework/Versions/A/SoftwareUpdateCoreSupport
0x00000001c130d000 	/System/Library/PrivateFrameworks/SoftwareUpdateCoreConnect.framework/Versions/A/SoftwareUpdateCoreConnect
0x00000001a12d7000 	/System/Library/PrivateFrameworks/RemoteServiceDiscovery.framework/Versions/A/RemoteServiceDiscovery
0x00000001b8b4f000 	/System/Library/PrivateFrameworks/MSUDataAccessor.framework/Versions/A/MSUDataAccessor
0x00000001b3c29000 	/usr/lib/libbootpolicy.dylib
0x00000001a12ee000 	/System/Library/PrivateFrameworks/RemoteXPC.framework/Versions/A/RemoteXPC
0x00000001c0755000 	/usr/lib/libFDR.dylib
0x00000001c656b000 	/usr/lib/libamsupport.dylib
0x0000000283241000 	/usr/lib/libReverseProxyDevice.dylib
0x0000000239c8c000 	/System/Library/PrivateFrameworks/AppleDeviceQuerySupport.framework/Versions/A/AppleDeviceQuerySupport
0x00000001c95ff000 	/usr/lib/libpartition2_dynamic.dylib
0x0000000194e8e000 	/System/Library/PrivateFrameworks/AppleSauce.framework/Versions/A/AppleSauce
0x0000000282dcd000 	/usr/lib/libAppleArchive.dylib
0x00000001946c1000 	/usr/lib/libbz2.1.0.dylib
0x000000018eb8d000 	/System/Library/Frameworks/Accelerate.framework/Versions/A/Frameworks/vImage.framework/Versions/A/vImage
0x000000019d176000 	/System/Library/Frameworks/Accelerate.framework/Versions/A/Frameworks/vecLib.framework/Versions/A/vecLib
0x000000019636d000 	/System/Library/Frameworks/Accelerate.framework/Versions/A/Frameworks/vecLib.framework/Versions/A/libvMisc.dylib
0x0000000185c89000 	/System/Library/Frameworks/Accelerate.framework/Versions/A/Frameworks/vecLib.framework/Versions/A/libBLAS.dylib
0x000000018f89f000 	/System/Library/Frameworks/CoreVideo.framework/Versions/A/CoreVideo
0x0000000198f70000 	/System/Library/Frameworks/ApplicationServices.framework/Versions/A/Frameworks/ATS.framework/Versions/A/ATS
0x0000000197621000 	/System/Library/Frameworks/ApplicationServices.framework/Versions/A/Frameworks/PrintCore.framework/Versions/A/PrintCore
0x0000000199332000 	/System/Library/Frameworks/ApplicationServices.framework/Versions/A/Frameworks/QD.framework/Versions/A/QD
0x000000019932d000 	/System/Library/Frameworks/ApplicationServices.framework/Versions/A/Frameworks/ColorSyncLegacy.framework/Versions/A/ColorSyncLegacy
0x0000000198f42000 	/System/Library/Frameworks/ApplicationServices.framework/Versions/A/Frameworks/SpeechSynthesis.framework/Versions/A/SpeechSynthesis
0x0000000191a75000 	/System/Library/PrivateFrameworks/FontServices.framework/libFontParser.dylib
0x00000001a0ffd000 	/System/Library/PrivateFrameworks/BackBoardServices.framework/Versions/A/BackBoardServices
0x000000023b801000 	/System/Library/PrivateFrameworks/BackBoardHIDEventFoundation.framework/Versions/A/BackBoardHIDEventFoundation
0x0000000187bf4000 	/System/Library/Frameworks/CoreDisplay.framework/Versions/A/CoreDisplay
0x0000000196f58000 	/System/Library/Frameworks/VideoToolbox.framework/Versions/A/VideoToolbox
0x0000000194ef2000 	/System/Library/Frameworks/MetalPerformanceShaders.framework/Versions/A/MetalPerformanceShaders
0x0000000264ced000 	/System/Library/PrivateFrameworks/ProDisplayLibrary.framework/Versions/A/ProDisplayLibrary
0x00000001a4ddd000 	/System/Library/PrivateFrameworks/IOSurfaceAccelerator.framework/Versions/A/IOSurfaceAccelerator
0x00000001915a0000 	/System/Library/PrivateFrameworks/IOAccelerator.framework/Versions/A/IOAccelerator
0x00000001918b8000 	/System/Library/Frameworks/CoreMedia.framework/Versions/A/CoreMedia
0x000000018b9bc000 	/System/Library/PrivateFrameworks/TCC.framework/Versions/A/TCC
0x0000000196f10000 	/System/Library/PrivateFrameworks/WatchdogClient.framework/Versions/A/WatchdogClient
0x00000001b1be7000 	/usr/lib/swift/libswiftCoreAudio.dylib
0x00000001cd447000 	/usr/lib/swift/libswiftCoreMedia.dylib
0x00000002845eb000 	/usr/lib/swift/libswiftVideoToolbox.dylib
0x00000001c69a8000 	/System/Library/PrivateFrameworks/BiomeStorage.framework/Versions/A/BiomeStorage
0x00000002561b3000 	/System/Library/PrivateFrameworks/IntelligencePlatformLibrary.framework/Versions/A/IntelligencePlatformLibrary
0x0000000263fec000 	/System/Library/PrivateFrameworks/PoirotSchematizer.framework/Versions/A/PoirotSchematizer
0x000000023c130000 	/System/Library/PrivateFrameworks/BiomeSync.framework/Versions/A/BiomeSync
0x000000023b8ce000 	/System/Library/PrivateFrameworks/BiomeDSL.framework/Versions/A/BiomeDSL
0x0000000264056000 	/System/Library/PrivateFrameworks/PoirotUDFs.framework/Versions/A/PoirotUDFs
0x0000000263fbb000 	/System/Library/PrivateFrameworks/PoirotSQLite.framework/Versions/A/PoirotSQLite
0x000000019f747000 	/System/Library/PrivateFrameworks/CoreTime.framework/Versions/A/CoreTime
0x0000000194d0a000 	/usr/lib/libiconv.2.dylib
0x0000000194c66000 	/usr/lib/libcharset.1.dylib
0x00000002846d1000 	/usr/lib/swift/libswift_RegexParser.dylib
0x000000023d741000 	/System/Library/PrivateFrameworks/CascadeSets.framework/Versions/A/CascadeSets
0x000000019953c000 	/System/Library/PrivateFrameworks/CorePhoneNumbers.framework/Versions/A/CorePhoneNumbers
0x0000000196cf8000 	/System/Library/PrivateFrameworks/AppleJPEG.framework/Versions/A/AppleJPEG
0x00000001966da000 	/usr/lib/libexpat.1.dylib
0x00000001974f4000 	/System/Library/Frameworks/ImageIO.framework/Versions/A/Resources/libPng.dylib
0x0000000197520000 	/System/Library/Frameworks/ImageIO.framework/Versions/A/Resources/libTIFF.dylib
0x000000019760a000 	/System/Library/Frameworks/ImageIO.framework/Versions/A/Resources/libGIF.dylib
0x0000000196d3d000 	/System/Library/Frameworks/ImageIO.framework/Versions/A/Resources/libJP2.dylib
0x00000001975b0000 	/System/Library/Frameworks/ImageIO.framework/Versions/A/Resources/libJPEG.dylib
0x00000001975a7000 	/System/Library/Frameworks/ImageIO.framework/Versions/A/Resources/libRadiance.dylib
0x000000024c991000 	/System/Library/PrivateFrameworks/GPUCompiler.framework/Versions/32023/Libraries/libllvm-flatbuffers.dylib
0x000000024729d000 	/System/Library/PrivateFrameworks/FramePacing.framework/Versions/A/FramePacing
0x00000002293c2000 	/System/Library/Frameworks/OpenGL.framework/Versions/A/Libraries/libCoreFSCache.dylib
0x00000002483de000 	/System/Library/PrivateFrameworks/GPUCompiler.framework/Versions/32023/Libraries/libGPUCompilerUtils.dylib
0x000000019f2f7000 	/System/Library/PrivateFrameworks/GraphicsServices.framework/Versions/A/GraphicsServices
0x00000001a2ed2000 	/System/Library/PrivateFrameworks/ASEProcessing.framework/Versions/A/ASEProcessing
0x00000001d2c49000 	/System/Library/PrivateFrameworks/Symbolication.framework/Versions/A/Symbolication
0x0000000263bd8000 	/System/Library/PrivateFrameworks/PhotosensitivityProcessing.framework/Versions/A/PhotosensitivityProcessing
0x0000000266d46000 	/System/Library/PrivateFrameworks/SILManager.framework/Versions/A/SILManager
0x000000019690c000 	/System/Library/PrivateFrameworks/GraphVisualizer.framework/Versions/A/GraphVisualizer
0x0000000229421000 	/System/Library/Frameworks/OpenGL.framework/Versions/A/Libraries/libGLU.dylib
0x00000002293e4000 	/System/Library/Frameworks/OpenGL.framework/Versions/A/Libraries/libGFXShared.dylib
0x00000002295b0000 	/System/Library/Frameworks/OpenGL.framework/Versions/A/Libraries/libGL.dylib
0x00000002293ed000 	/System/Library/Frameworks/OpenGL.framework/Versions/A/Libraries/libGLImage.dylib
0x00000002293e1000 	/System/Library/Frameworks/OpenGL.framework/Versions/A/Libraries/libCVMSPluginSupport.dylib
0x00000002293ca000 	/System/Library/Frameworks/OpenGL.framework/Versions/A/Libraries/libCoreVMClient.dylib
0x00000002471a8000 	/System/Library/PrivateFrameworks/FontServices.framework/Versions/A/FontServices
0x000000019691c000 	/System/Library/PrivateFrameworks/OTSVG.framework/Versions/A/OTSVG
0x000000018f3e6000 	/System/Library/Frameworks/ApplicationServices.framework/Versions/A/Frameworks/ATS.framework/Versions/A/Resources/libFontRegistry.dylib
0x0000000283751000 	/usr/lib/libhvf.dylib
0x0000000260a10000 	/System/Library/PrivateFrameworks/ParsingInternal.framework/Versions/A/ParsingInternal
0x00000002471ac000 	/System/Library/PrivateFrameworks/FontServices.framework/libXTFontStaticRegistryData.dylib
0x00000001928eb000 	/System/Library/Frameworks/MetalPerformanceShaders.framework/Versions/A/Frameworks/MPSCore.framework/Versions/A/MPSCore
0x0000000194620000 	/System/Library/Frameworks/MetalPerformanceShaders.framework/Versions/A/Frameworks/MPSImage.framework/Versions/A/MPSImage
0x0000000193ff1000 	/System/Library/Frameworks/MetalPerformanceShaders.framework/Versions/A/Frameworks/MPSNeuralNetwork.framework/Versions/A/MPSNeuralNetwork
0x0000000194429000 	/System/Library/Frameworks/MetalPerformanceShaders.framework/Versions/A/Frameworks/MPSMatrix.framework/Versions/A/MPSMatrix
0x000000019423e000 	/System/Library/Frameworks/MetalPerformanceShaders.framework/Versions/A/Frameworks/MPSRayIntersector.framework/Versions/A/MPSRayIntersector
0x000000019445b000 	/System/Library/Frameworks/MetalPerformanceShaders.framework/Versions/A/Frameworks/MPSNDArray.framework/Versions/A/MPSNDArray
0x000000022d559000 	/System/Library/Frameworks/MetalPerformanceShaders.framework/Versions/A/Frameworks/MPSFunctions.framework/Versions/A/MPSFunctions
0x000000022d53a000 	/System/Library/Frameworks/MetalPerformanceShaders.framework/Versions/A/Frameworks/MPSBenchmarkLoop.framework/Versions/A/MPSBenchmarkLoop
0x000000022d56e000 	/System/Library/Frameworks/MetalPerformanceShaders.framework/Versions/A/Frameworks/MPSHost.framework/Versions/A/MPSHost
0x0000000185aa5000 	/System/Library/PrivateFrameworks/MetalTools.framework/Versions/A/MetalTools
0x00000001b6d72000 	/System/Library/PrivateFrameworks/IOAccelMemoryInfo.framework/Versions/A/IOAccelMemoryInfo
0x00000001c4f78000 	/System/Library/PrivateFrameworks/kperf.framework/Versions/A/kperf
0x00000001b1be3000 	/System/Library/PrivateFrameworks/GPURawCounter.framework/Versions/A/GPURawCounter
0x000000019f630000 	/System/Library/PrivateFrameworks/CoreSymbolication.framework/Versions/A/CoreSymbolication
0x00000001b1b5a000 	/System/Library/PrivateFrameworks/MallocStackLogging.framework/Versions/A/MallocStackLogging
0x000000019f60d000 	/System/Library/PrivateFrameworks/DebugSymbols.framework/Versions/A/DebugSymbols
0x00000001c37de000 	/System/Library/PrivateFrameworks/OSAnalytics.framework/Versions/A/OSAnalytics
0x0000000245095000 	/System/Library/PrivateFrameworks/DeviceRecovery.framework/Versions/A/DeviceRecovery
0x000000022b370000 	/System/Library/Frameworks/ExtensionFoundation.framework/Versions/A/ExtensionFoundation
0x000000019695d000 	/System/Library/PrivateFrameworks/AppServerSupport.framework/Versions/A/AppServerSupport
0x000000022c6d8000 	/System/Library/Frameworks/LightweightCodeRequirements.framework/Versions/A/LightweightCodeRequirements
0x00000001965d9000 	/System/Library/PrivateFrameworks/PlugInKit.framework/Versions/A/PlugInKit
0x0000000193e5f000 	/System/Library/PrivateFrameworks/AssertionServices.framework/Versions/A/AssertionServices
0x00000001966ff000 	/System/Library/PrivateFrameworks/IconFoundation.framework/Versions/A/IconFoundation
0x00000002530b5000 	/System/Library/PrivateFrameworks/IconRendering.framework/Versions/A/IconRendering
0x0000000266cbe000 	/System/Library/PrivateFrameworks/SFSymbols.framework/Versions/A/SFSymbols
0x0000000187d18000 	/System/Library/PrivateFrameworks/AudioToolboxCore.framework/Versions/A/AudioToolboxCore
0x0000000198eaa000 	/System/Library/PrivateFrameworks/AudioSession.framework/Versions/A/AudioSession
0x00000001a411e000 	/System/Library/Frameworks/CoreMIDI.framework/Versions/A/CoreMIDI
0x0000000198f29000 	/usr/lib/libAudioStatistics.dylib
0x000000019188f000 	/System/Library/PrivateFrameworks/caulk.framework/Versions/A/caulk
0x00000001974ce000 	/usr/lib/libAudioToolboxUtility.dylib
0x00000001b8398000 	/usr/lib/swift/libswiftCoreMIDI.dylib
0x000000019933b000 	/System/Library/PrivateFrameworks/perfdata.framework/Versions/A/perfdata
0x00000001b0c01000 	/System/Library/PrivateFrameworks/SystemPolicy.framework/Versions/A/SystemPolicy
0x00000001991e0000 	/usr/lib/libSMC.dylib
0x0000000199349000 	/usr/lib/libperfcheck.dylib
0x000000023b215000 	/System/Library/PrivateFrameworks/AudioAnalytics.framework/Versions/A/AudioAnalytics
0x0000000284694000 	/usr/lib/swift/libswift_DarwinFoundation2.dylib
0x0000000284695000 	/usr/lib/swift/libswift_DarwinFoundation3.dylib
0x00000001d7177000 	/System/Library/Frameworks/OSLog.framework/Versions/A/OSLog
0x00000001b1b8c000 	/usr/lib/libmis.dylib
0x000000019681d000 	/System/Library/PrivateFrameworks/MediaExperience.framework/Versions/A/MediaExperience
0x0000000198c78000 	/System/Library/PrivateFrameworks/AudioSession.framework/libSessionUtility.dylib
0x0000000197610000 	/System/Library/PrivateFrameworks/CMCaptureCore.framework/Versions/A/CMCaptureCore
0x000000019e1c1000 	/System/Library/Frameworks/CoreBluetooth.framework/Versions/A/CoreBluetooth
0x0000000193ccb000 	/System/Library/PrivateFrameworks/CoreUtils.framework/Versions/A/CoreUtils
0x00000001a9b41000 	/System/Library/PrivateFrameworks/HID.framework/Versions/A/HID
0x0000000244492000 	/System/Library/PrivateFrameworks/CoreUtilsExtras.framework/Versions/A/CoreUtilsExtras
0x000000025300a000 	/System/Library/PrivateFrameworks/IO80211.framework/Versions/A/IO80211
0x000000019abfa000 	/System/Library/Frameworks/IOBluetooth.framework/Versions/A/IOBluetooth
0x000000023ae03000 	/System/Library/PrivateFrameworks/ArgumentParserInternal.framework/Versions/A/ArgumentParserInternal
0x0000000196479000 	/usr/lib/libIOReport.dylib
0x0000000193e6e000 	/System/Library/Frameworks/SecurityFoundation.framework/Versions/A/SecurityFoundation
0x0000000186469000 	/System/Library/PrivateFrameworks/Lexicon.framework/Versions/A/Lexicon
0x0000000193fd9000 	/usr/lib/libgermantok.dylib
0x0000000192ad7000 	/System/Library/PrivateFrameworks/LinguisticData.framework/Versions/A/LinguisticData
0x000000019e3c9000 	/System/Library/PrivateFrameworks/MediaKit.framework/Versions/A/MediaKit
0x000000019e314000 	/System/Library/Frameworks/DiscRecording.framework/Versions/A/DiscRecording
0x00000001966f5000 	/usr/lib/libheimdal-asn1.dylib
0x00000001a1cf0000 	/System/Library/Frameworks/AudioUnit.framework/Versions/A/AudioUnit
0x000000018f705000 	/System/Library/Frameworks/OpenDirectory.framework/Versions/A/OpenDirectory
0x000000018f713000 	/System/Library/Frameworks/OpenDirectory.framework/Versions/A/Frameworks/CFOpenDirectory.framework/Versions/A/CFOpenDirectory
0x0000000229934000 	/System/Library/Frameworks/AVFAudio.framework/Versions/A/AVFAudio
0x00000001aab12000 	/usr/lib/libAccessibility.dylib
0x0000000256d5a000 	/System/Library/PrivateFrameworks/IsolatedCoreAudioClient.framework/Versions/A/IsolatedCoreAudioClient
0x0000000274b94000 	/System/Library/PrivateFrameworks/Tightbeam.framework/Versions/A/Tightbeam
0x0000000240390000 	/System/Library/PrivateFrameworks/CoreAudioOrchestration.framework/Versions/A/CoreAudioOrchestration
0x00000001c9b52000 	/System/Library/PrivateFrameworks/AFKUser.framework/Versions/A/AFKUser
0x000000019d463000 	/System/Library/Frameworks/MediaAccessibility.framework/Versions/A/MediaAccessibility
0x0000000278db3000 	/System/Library/PrivateFrameworks/VideoToolboxParavirtualizationSupport.framework/Versions/A/VideoToolboxParavirtualizationSupport
0x0000000196691000 	/System/Library/PrivateFrameworks/AppleVA.framework/Versions/A/AppleVA
0x00000001975a2000 	/System/Library/PrivateFrameworks/GPUWrangler.framework/Versions/A/GPUWrangler
0x0000000197582000 	/System/Library/PrivateFrameworks/IOPresentment.framework/Versions/A/IOPresentment
0x00000001975aa000 	/System/Library/PrivateFrameworks/DSExternalDisplay.framework/Versions/A/DSExternalDisplay
0x000000023ac5a000 	/System/Library/PrivateFrameworks/AppleMobileFileIntegrity.framework/Versions/A/AppleMobileFileIntegrity
0x00000002832ce000 	/usr/lib/libTLE.dylib
0x00000001e847d000 	/System/Library/PrivateFrameworks/ConfigProfileHelper.framework/Versions/A/ConfigProfileHelper
0x00000001dd28a000 	/usr/lib/libedit.3.dylib
0x00000002582da000 	/System/Library/PrivateFrameworks/MIL.framework/Versions/A/MIL
0x00000001b6d35000 	/usr/lib/libncurses.5.4.dylib
0x0000000193c00000 	/System/Library/PrivateFrameworks/CoreEmoji.framework/Versions/A/CoreEmoji
0x0000000186785000 	/usr/lib/libCRFSuite.dylib
0x00000001929b5000 	/System/Library/PrivateFrameworks/CoreNLP.framework/Versions/A/CoreNLP
0x0000000193f78000 	/usr/lib/libmecab.dylib
0x0000000194e85000 	/usr/lib/libThaiTokenizer.dylib
0x00000001d7642000 	/System/Library/PrivateFrameworks/HIDDisplay.framework/Versions/A/HIDDisplay
0x00000001975dc000 	/System/Library/Frameworks/ApplicationServices.framework/Versions/A/Frameworks/ATSUI.framework/Versions/A/ATSUI
0x00000001992c1000 	/usr/lib/libcups.2.dylib
0x0000000199357000 	/System/Library/Frameworks/Kerberos.framework/Versions/A/Kerberos
0x0000000198fb8000 	/usr/lib/libresolv.9.dylib
0x0000000196971000 	/System/Library/PrivateFrameworks/Heimdal.framework/Versions/A/Heimdal
0x00000001a1cef000 	/System/Library/Frameworks/Kerberos.framework/Versions/A/Libraries/libHeimdalProxy.dylib
0x00000001993bb000 	/System/Library/PrivateFrameworks/CommonAuth.framework/Versions/A/CommonAuth
0x00000001aaa0d000 	/System/Library/PrivateFrameworks/AXCoreUtilities.framework/Versions/A/AXCoreUtilities
0x0000000282ce7000 	/usr/lib/libAXSafeCategoryBundle.dylib
0x0000000193ac6000 	/System/Library/Frameworks/Accelerate.framework/Versions/A/Frameworks/vecLib.framework/Versions/A/libvDSP.dylib
0x0000000194fd2000 	/System/Library/Frameworks/Accelerate.framework/Versions/A/Frameworks/vecLib.framework/Versions/A/libLAPACK.dylib
0x0000000193fdc000 	/System/Library/Frameworks/Accelerate.framework/Versions/A/Frameworks/vecLib.framework/Versions/A/libLinearAlgebra.dylib
0x0000000194ecb000 	/System/Library/Frameworks/Accelerate.framework/Versions/A/Frameworks/vecLib.framework/Versions/A/libSparseBLAS.dylib
0x0000000194fcd000 	/System/Library/Frameworks/Accelerate.framework/Versions/A/Frameworks/vecLib.framework/Versions/A/libQuadrature.dylib
0x0000000192ade000 	/System/Library/Frameworks/Accelerate.framework/Versions/A/Frameworks/vecLib.framework/Versions/A/libBNNS.dylib
0x000000018657e000 	/System/Library/Frameworks/Accelerate.framework/Versions/A/Frameworks/vecLib.framework/Versions/A/libSparse.dylib
0x0000000199320000 	/System/Library/PrivateFrameworks/NetAuth.framework/Versions/A/NetAuth
0x000000018f924000 	/System/Library/PrivateFrameworks/login.framework/Versions/A/Frameworks/loginsupport.framework/Versions/A/loginsupport
0x0000000193f42000 	/usr/lib/libCheckFix.dylib
0x000000018ea91000 	/System/Library/PrivateFrameworks/MetadataUtilities.framework/Versions/A/MetadataUtilities
0x0000000253ad2000 	/System/Library/PrivateFrameworks/InstalledContentLibrary.framework/Versions/A/InstalledContentLibrary
0x00000001894ff000 	/System/Library/PrivateFrameworks/CoreServicesStore.framework/Versions/A/CoreServicesStore
0x00000001c507f000 	/System/Library/PrivateFrameworks/MobileSystemServices.framework/Versions/A/MobileSystemServices
0x000000019633a000 	/usr/lib/libxslt.1.dylib
0x0000000193f01000 	/System/Library/PrivateFrameworks/BackgroundTaskManagement.framework/Versions/A/BackgroundTaskManagement
0x00000001a1399000 	/usr/lib/libcurl.4.dylib
0x0000000283507000 	/usr/lib/libcrypto.46.dylib
0x0000000284127000 	/usr/lib/libssl.48.dylib
0x00000001a106f000 	/System/Library/Frameworks/LDAP.framework/Versions/A/LDAP
0x00000001a10ab000 	/System/Library/PrivateFrameworks/TrustEvaluationAgent.framework/Versions/A/TrustEvaluationAgent
0x0000000198fd5000 	/usr/lib/libsasl2.2.dylib
0x00000001aeaad000 	/usr/lib/swift/libswiftCoreGraphics.dylib
0x000000019db5f000 	/usr/lib/swift/libswiftFoundation.dylib
0x00000001e7e39000 	/usr/lib/swift/libswiftSwiftOnoneSupport.dylib
0x0000000284806000 	/usr/lib/swift/libswiftsys_time.dylib
0x00000001d3406000 	/System/Library/PrivateFrameworks/CoreMaterial.framework/Versions/A/CoreMaterial
0x000000028454c000 	/usr/lib/swift/libswiftSpatial.dylib
0x00000002832cb000 	/usr/lib/libSpatial.dylib
0x0000000282c05000 	/System/Library/SubFrameworks/UIUtilities.framework/Versions/A/UIUtilities
0x000000010609c000 	/opt/homebrew/Cellar/openjdk@11/11.0.24/libexec/openjdk.jdk/Contents/Home/lib/server/libjvm.dylib
0x000000010097c000 	/opt/homebrew/Cellar/openjdk@11/11.0.24/libexec/openjdk.jdk/Contents/Home/lib/libverify.dylib
0x00000001009cc000 	/opt/homebrew/Cellar/openjdk@11/11.0.24/libexec/openjdk.jdk/Contents/Home/lib/libjava.dylib
0x0000000100994000 	/opt/homebrew/Cellar/openjdk@11/11.0.24/libexec/openjdk.jdk/Contents/Home/lib/libjimage.dylib
0x0000000100a04000 	/opt/homebrew/Cellar/openjdk@11/11.0.24/libexec/openjdk.jdk/Contents/Home/lib/libinstrument.dylib
0x0000000100a60000 	/opt/homebrew/Cellar/openjdk@11/11.0.24/libexec/openjdk.jdk/Contents/Home/lib/libzip.dylib
0x0000000100b24000 	/opt/homebrew/Cellar/openjdk@11/11.0.24/libexec/openjdk.jdk/Contents/Home/lib/libnio.dylib
0x0000000105e64000 	/opt/homebrew/Cellar/openjdk@11/11.0.24/libexec/openjdk.jdk/Contents/Home/lib/libnet.dylib
0x0000000100b14000 	/Users/sav/.gradle/native/c067742578af261105cb4f569cf0c3c89f3d7b1fecec35dd04571415982c5e48/osx-aarch64/libnative-platform.dylib
0x0000000105ef8000 	/Users/sav/.gradle/native/38dada09dfb8b06ba9b0570ebf7e218e3eb74d4ef43ca46872605cf95ebc2f47/osx-aarch64/libnative-platform-file-events.dylib
0x0000000100fe0000 	/opt/homebrew/Cellar/openjdk@11/11.0.24/libexec/openjdk.jdk/Contents/Home/lib/libmanagement.dylib
0x0000000105e88000 	/opt/homebrew/Cellar/openjdk@11/11.0.24/libexec/openjdk.jdk/Contents/Home/lib/libmanagement_ext.dylib
0x0000000105e9c000 	/opt/homebrew/Cellar/openjdk@11/11.0.24/libexec/openjdk.jdk/Contents/Home/lib/libextnet.dylib
0x0000000105ffc000 	/opt/homebrew/Cellar/openjdk@11/11.0.24/libexec/openjdk.jdk/Contents/Home/lib/librmi.dylib


VM Arguments:
jvm_args: --add-opens=java.base/java.util=ALL-UNNAMED --add-opens=java.base/java.lang=ALL-UNNAMED --add-opens=java.base/java.lang.invoke=ALL-UNNAMED --add-opens=java.prefs/java.util.prefs=ALL-UNNAMED --add-opens=java.base/java.nio.charset=ALL-UNNAMED --add-opens=java.base/java.net=ALL-UNNAMED --add-opens=java.base/java.util.concurrent.atomic=ALL-UNNAMED -Xmx2048m -Dfile.encoding=UTF-8 -Duser.country=GB -Duser.language=en -Duser.variant -javaagent:/Users/sav/.gradle/wrapper/dists/gradle-8.5-bin/5t9huq95ubn472n8rpzujfbqh/gradle-8.5/lib/agents/gradle-instrumentation-agent-8.5.jar 
java_command: org.gradle.launcher.daemon.bootstrap.GradleDaemon 8.5
java_class_path (initial): /Users/sav/.gradle/wrapper/dists/gradle-8.5-bin/5t9huq95ubn472n8rpzujfbqh/gradle-8.5/lib/gradle-launcher-8.5.jar
Launcher Type: SUN_STANDARD

[Global flags]
     intx CICompilerCount                          = 4                                         {product} {ergonomic}
     uint ConcGCThreads                            = 2                                         {product} {ergonomic}
     uint G1ConcRefinementThreads                  = 9                                         {product} {ergonomic}
   size_t G1HeapRegionSize                         = 1048576                                   {product} {ergonomic}
    uintx GCDrainStackTargetSize                   = 64                                        {product} {ergonomic}
   size_t InitialHeapSize                          = 268435456                                 {product} {ergonomic}
   size_t MarkStackSize                            = 4194304                                   {product} {ergonomic}
   size_t MaxHeapSize                              = 2147483648                                {product} {command line}
   size_t MaxNewSize                               = 1287651328                                {product} {ergonomic}
   size_t MinHeapDeltaBytes                        = 1048576                                   {product} {ergonomic}
    uintx NonNMethodCodeHeapSize                   = 5836492                                {pd product} {ergonomic}
    uintx NonProfiledCodeHeapSize                  = 122910874                              {pd product} {ergonomic}
    uintx ProfiledCodeHeapSize                     = 122910874                              {pd product} {ergonomic}
    uintx ReservedCodeCacheSize                    = 251658240                              {pd product} {ergonomic}
     bool SegmentedCodeCache                       = true                                      {product} {ergonomic}
     bool UseCompressedClassPointers               = true                                 {lp64_product} {ergonomic}
     bool UseCompressedOops                        = true                                 {lp64_product} {ergonomic}
     bool UseG1GC                                  = true                                      {product} {ergonomic}

Logging:
Log output configuration:
 #0: stdout all=warning uptime,level,tags
 #1: stderr all=off uptime,level,tags

Environment Variables:
JAVA_HOME=/opt/homebrew/Cellar/openjdk@11/11.0.24/libexec/openjdk.jdk/Contents/Home
PATH=/Users/sav/development/flutter/bin:/opt/homebrew/Cellar/openjdk@11/11.0.24/libexec/openjdk.jdk/Contents/Home/bin:/Library/Frameworks/Python.framework/Versions/3.13/bin:/opt/homebrew/bin:/opt/homebrew/sbin:/Library/Frameworks/Python.framework/Versions/3.12/bin:/usr/local/bin:/System/Cryptexes/App/usr/bin:/usr/bin:/bin:/usr/sbin:/sbin:/var/run/com.apple.security.cryptexd/codex.system/bootstrap/usr/local/bin:/var/run/com.apple.security.cryptexd/codex.system/bootstrap/usr/bin:/var/run/com.apple.security.cryptexd/codex.system/bootstrap/usr/appleinternal/bin:/opt/pmk/env/global/bin:/opt/X11/bin:/Library/Apple/usr/bin:/Library/TeX/texbin:/Users/sav/Library/Application Support/JetBrains/Toolbox/scripts
SHELL=/bin/zsh
DISPLAY=/private/tmp/com.apple.launchd.3NoL7moIoK/org.xquartz:0
LANG=C.UTF-8
LC_CTYPE=UTF-8
TERM=xterm-256color
TMPDIR=/var/folders/c6/h6kx5ng130x_z9dx25q0rny40000gn/T/

Signal Handlers:
SIGSEGV: [libjvm.dylib+0x701eb0], sa_mask[0]=11111111011111110111111111111111, sa_flags=SA_ONSTACK|SA_RESTART|SA_SIGINFO
SIGBUS: [libjvm.dylib+0x701eb0], sa_mask[0]=11111111011111110111111111111111, sa_flags=SA_RESTART|SA_SIGINFO
SIGFPE: [libjvm.dylib+0x701eb0], sa_mask[0]=11111111011111110111111111111111, sa_flags=SA_RESTART|SA_SIGINFO
SIGPIPE: [libjvm.dylib+0x56a5bc], sa_mask[0]=11111111011111110111111111111111, sa_flags=SA_RESTART|SA_SIGINFO
SIGXFSZ: [libjvm.dylib+0x56a5bc], sa_mask[0]=11111111011111110111111111111111, sa_flags=SA_RESTART|SA_SIGINFO
SIGILL: [libjvm.dylib+0x701eb0], sa_mask[0]=11111111011111110111111111111111, sa_flags=SA_RESTART|SA_SIGINFO
SIGUSR2: [libjvm.dylib+0x56abb8], sa_mask[0]=00100000000000000000000000000000, sa_flags=SA_RESTART|SA_SIGINFO
SIGHUP: [libjvm.dylib+0x569350], sa_mask[0]=11111111011111110111111111111111, sa_flags=SA_RESTART|SA_SIGINFO
SIGINT: [libjvm.dylib+0x569350], sa_mask[0]=11111111011111110111111111111111, sa_flags=SA_RESTART|SA_SIGINFO
SIGTERM: [libjvm.dylib+0x569350], sa_mask[0]=11111111011111110111111111111111, sa_flags=SA_RESTART|SA_SIGINFO
SIGQUIT: [libjvm.dylib+0x569350], sa_mask[0]=11111111011111110111111111111111, sa_flags=SA_RESTART|SA_SIGINFO


---------------  S Y S T E M  ---------------

OS:uname:Darwin 25.3.0 Darwin Kernel Version 25.3.0: Wed Jan 28 20:54:46 PST 2026; root:xnu-12377.91.3~2/RELEASE_ARM64_T6000 arm64
OS uptime: 4 days 6:29 hours
rlimit (soft/hard): STACK 8176k/65520k , CORE 0k/infinity , NPROC 2666/4000 , NOFILE 12544/infinity , AS infinity/infinity , CPU infinity/infinity , DATA infinity/infinity , FSIZE infinity/infinity , MEMLOCK infinity/infinity , RSS infinity/infinity
load average:9.73 9.28 9.40

CPU:total 10 (initial active 10) 0x61:0x0:0x1b588bb3:0, simd, crc, lse

Memory: 16k page, physical 16777216k(153968k free), swap 6291456k(979392k free)

vm_info: OpenJDK 64-Bit Server VM (11.0.24+0) for bsd-aarch64 JRE (11.0.24+0), built on Sep 30 2024 13:36:56 by "brew" with clang Homebrew Clang 19.1.0

END.
