#
# A fatal error has been detected by the Java Runtime Environment:
#
#  SIGSEGV (0xb) at pc=0x000000010abfd1b8, pid=27742, tid=77827
#
# JRE version: OpenJDK Runtime Environment Homebrew (11.0.24) (build 11.0.24+0)
# Java VM: OpenJDK 64-Bit Server VM Homebrew (11.0.24+0, mixed mode, tiered, compressed oops, g1 gc, bsd-aarch64)
# Problematic frame:
# V  [libjvm.dylib+0x6951b8]  ObjectSynchronizer::inflate(Thread*, oopDesc*, ObjectSynchronizer::InflateCause)+0x18c
#
# No core dump will be written. Core dumps have been disabled. To enable core dumping, try "ulimit -c unlimited" before starting Java again
#
# If you would like to submit a bug report, please visit:
#   https://github.com/Homebrew/homebrew-core/issues
#

---------------  S U M M A R Y ------------

Command Line: --add-opens=java.base/java.util=ALL-UNNAMED --add-opens=java.base/java.lang=ALL-UNNAMED --add-opens=java.base/java.lang.invoke=ALL-UNNAMED --add-opens=java.prefs/java.util.prefs=ALL-UNNAMED --add-opens=java.base/java.nio.charset=ALL-UNNAMED --add-opens=java.base/java.net=ALL-UNNAMED --add-opens=java.base/java.util.concurrent.atomic=ALL-UNNAMED -Xmx2048m -Dfile.encoding=UTF-8 -Duser.country=GB -Duser.language=en -Duser.variant -javaagent:/Users/sav/.gradle/wrapper/dists/gradle-8.5-bin/5t9huq95ubn472n8rpzujfbqh/gradle-8.5/lib/agents/gradle-instrumentation-agent-8.5.jar org.gradle.launcher.daemon.bootstrap.GradleDaemon 8.5

Host: MacBookPro18,3 arm64 1 MHz, 10 cores, 16G, Darwin 25.3.0
Time: Wed Mar 11 21:24:08 2026 CET elapsed time: 6.225868 seconds (0d 0h 0m 6s)

---------------  T H R E A D  ---------------

Current thread (0x0000000c8f845000):  JavaThread "Unconstrained build operations Thread 15" [_thread_in_vm, id=77827, stack(0x00000001762a4000,0x00000001764a7000)]

Stack: [0x00000001762a4000,0x00000001764a7000],  sp=0x00000001764a2800,  free space=2042k
Native frames: (J=compiled Java code, A=aot compiled Java code, j=interpreted, Vv=VM code, C=native code)
V  [libjvm.dylib+0x6951b8]  ObjectSynchronizer::inflate(Thread*, oopDesc*, ObjectSynchronizer::InflateCause)+0x18c
V  [libjvm.dylib+0x694fa0]  ObjectSynchronizer::slow_enter(Handle, BasicLock*, Thread*)+0xc8
V  [libjvm.dylib+0x5e9510]  SharedRuntime::monitor_enter_helper(oopDesc*, BasicLock*, JavaThread*, bool)+0xdc
V  [libjvm.dylib+0x5e957c]  SharedRuntime::complete_monitor_locking_C(oopDesc*, BasicLock*, JavaThread*)+0x50
v  ~RuntimeStub::_complete_monitor_locking_Java
V  [libjvm.dylib+0x32c20c]  JavaCalls::call_helper(JavaValue*, methodHandle const&, JavaCallArguments*, Thread*)+0x2d8
V  [libjvm.dylib+0x32b57c]  JavaCalls::call_virtual(JavaValue*, Klass*, Symbol*, Symbol*, JavaCallArguments*, Thread*)+0xec
V  [libjvm.dylib+0x32b6d4]  JavaCalls::call_virtual(JavaValue*, Handle, Klass*, Symbol*, Symbol*, Handle, Thread*)+0x68
V  [libjvm.dylib+0x6991c4]  SystemDictionary::load_instance_class(Symbol*, Handle, Thread*)+0xf0
V  [libjvm.dylib+0x698510]  SystemDictionary::resolve_instance_class_or_null(Symbol*, Handle, Handle, Thread*)+0x424
V  [libjvm.dylib+0x697cd8]  SystemDictionary::resolve_or_fail(Symbol*, Handle, Handle, bool, Thread*)+0x24
V  [libjvm.dylib+0x1f30e8]  ConstantPool::klass_at_impl(constantPoolHandle const&, int, bool, Thread*)+0x124
V  [libjvm.dylib+0x1f39c4]  ConstantPool::klass_at(int, Thread*)+0x64
V  [libjvm.dylib+0x48bcec]  LinkInfo::LinkInfo(constantPoolHandle const&, int, Thread*)+0x44
V  [libjvm.dylib+0x48fb48]  LinkResolver::resolve_invokeinterface(CallInfo&, Handle, constantPoolHandle const&, int, Thread*)+0x38
V  [libjvm.dylib+0x325fa4]  InterpreterRuntime::resolve_invoke(JavaThread*, Bytecodes::Code)+0x1d8
V  [libjvm.dylib+0x326544]  InterpreterRuntime::resolve_from_cache(JavaThread*, Bytecodes::Code)+0x6c
j  org.gradle.api.internal.artifacts.transform.AbstractTransformExecution.visitOutputs(Ljava/io/File;Lorg/gradle/internal/execution/UnitOfWork$OutputVisitor;)V+38
j  org.gradle.internal.execution.impl.DefaultOutputSnapshotter.snapshotOutputs(Lorg/gradle/internal/execution/UnitOfWork;Ljava/io/File;)Lcom/google/common/collect/ImmutableSortedMap;+15
j  org.gradle.internal.execution.steps.CaptureStateBeforeExecutionStep.lambda$captureExecutionState$1(Lorg/gradle/internal/execution/UnitOfWork;Lorg/gradle/internal/execution/steps/PreviousExecutionContext;Lorg/gradle/internal/operations/BuildOperationContext;)Lorg/gradle/internal/execution/history/BeforeExecutionState;+9
j  org.gradle.internal.execution.steps.CaptureStateBeforeExecutionStep$$Lambda$515.apply(Ljava/lang/Object;)Ljava/lang/Object;+16
j  org.gradle.internal.execution.steps.BuildOperationStep$1.call(Lorg/gradle/internal/operations/BuildOperationContext;)Ljava/lang/Object;+5
j  org.gradle.internal.operations.DefaultBuildOperationRunner$CallableBuildOperationWorker.execute(Lorg/gradle/internal/operations/CallableBuildOperation;Lorg/gradle/internal/operations/BuildOperationContext;)V+3
j  org.gradle.internal.operations.DefaultBuildOperationRunner$CallableBuildOperationWorker.execute(Lorg/gradle/internal/operations/BuildOperation;Lorg/gradle/internal/operations/BuildOperationContext;)V+6
j  org.gradle.internal.operations.DefaultBuildOperationRunner$2.execute(Lorg/gradle/internal/operations/BuildOperationDescriptor;Lorg/gradle/internal/operations/BuildOperationState;Lorg/gradle/internal/operations/BuildOperationState;Lorg/gradle/internal/operations/DefaultBuildOperationRunner$ReadableBuildOperationContext;Lorg/gradle/internal/operations/DefaultBuildOperationRunner$BuildOperationExecutionListener;)Lorg/gradle/internal/operations/BuildOperation;+22
j  org.gradle.internal.operations.DefaultBuildOperationRunner$2.execute(Lorg/gradle/internal/operations/BuildOperationDescriptor;Lorg/gradle/internal/operations/BuildOperationState;Lorg/gradle/internal/operations/BuildOperationState;Lorg/gradle/internal/operations/DefaultBuildOperationRunner$ReadableBuildOperationContext;Lorg/gradle/internal/operations/DefaultBuildOperationRunner$BuildOperationExecutionListener;)Ljava/lang/Object;+8
j  org.gradle.internal.operations.DefaultBuildOperationRunner.execute(Lorg/gradle/internal/operations/BuildOperationDescriptor$Builder;Lorg/gradle/internal/operations/BuildOperationState;Lorg/gradle/internal/operations/DefaultBuildOperationRunner$BuildOperationExecution;)Ljava/lang/Object;+141
J 8190 c1 org.gradle.internal.operations.DefaultBuildOperationRunner.call(Lorg/gradle/internal/operations/CallableBuildOperation;)Ljava/lang/Object; (24 bytes) @ 0x0000000114f2e698 [0x0000000114f2df40+0x0000000000000758]
J 8189 c1 org.gradle.internal.operations.DefaultBuildOperationExecutor.call(Lorg/gradle/internal/operations/CallableBuildOperation;)Ljava/lang/Object; (11 bytes) @ 0x0000000114f2da78 [0x0000000114f2d940+0x0000000000000138]
j  org.gradle.internal.execution.steps.BuildOperationStep.operation(Ljava/util/function/Function;Lorg/gradle/internal/operations/BuildOperationDescriptor$Builder;)Ljava/lang/Object;+14
j  org.gradle.internal.execution.steps.CaptureStateBeforeExecutionStep.captureExecutionState(Lorg/gradle/internal/execution/UnitOfWork;Lorg/gradle/internal/execution/steps/PreviousExecutionContext;)Lorg/gradle/internal/execution/history/BeforeExecutionState;+42
j  org.gradle.internal.execution.steps.CaptureStateBeforeExecutionStep.lambda$execute$0(Lorg/gradle/internal/execution/UnitOfWork;Lorg/gradle/internal/execution/steps/PreviousExecutionContext;Lorg/gradle/internal/execution/history/ExecutionHistoryStore;)Lorg/gradle/internal/execution/history/BeforeExecutionState;+3
j  org.gradle.internal.execution.steps.CaptureStateBeforeExecutionStep$$Lambda$514.apply(Ljava/lang/Object;)Ljava/lang/Object;+16
J 4135 c1 java.util.Optional.map(Ljava/util/function/Function;)Ljava/util/Optional; java.base@11.0.24 (30 bytes) @ 0x00000001147383c0 [0x0000000114738300+0x00000000000000c0]
j  org.gradle.internal.execution.steps.CaptureStateBeforeExecutionStep.execute(Lorg/gradle/internal/execution/UnitOfWork;Lorg/gradle/internal/execution/steps/PreviousExecutionContext;)Lorg/gradle/internal/execution/steps/CachingResult;+12
j  org.gradle.internal.execution.steps.CaptureStateBeforeExecutionStep.execute(Lorg/gradle/internal/execution/UnitOfWork;Lorg/gradle/internal/execution/steps/Context;)Lorg/gradle/internal/execution/steps/Result;+6
j  org.gradle.internal.execution.steps.SkipEmptyWorkStep.executeWithNonEmptySources(Lorg/gradle/internal/execution/UnitOfWork;Lorg/gradle/internal/execution/steps/PreviousExecutionContext;)Lorg/gradle/internal/execution/steps/CachingResult;+12
j  org.gradle.internal.execution.steps.SkipEmptyWorkStep.execute(Lorg/gradle/internal/execution/UnitOfWork;Lorg/gradle/internal/execution/steps/PreviousExecutionContext;)Lorg/gradle/internal/execution/steps/CachingResult;+42
j  org.gradle.internal.execution.steps.SkipEmptyWorkStep.execute(Lorg/gradle/internal/execution/UnitOfWork;Lorg/gradle/internal/execution/steps/Context;)Lorg/gradle/internal/execution/steps/Result;+6
j  org.gradle.internal.execution.steps.RemoveUntrackedExecutionStateStep.execute(Lorg/gradle/internal/execution/UnitOfWork;Lorg/gradle/internal/execution/steps/WorkspaceContext;)Lorg/gradle/internal/execution/steps/AfterExecutionResult;+6
j  org.gradle.internal.execution.steps.RemoveUntrackedExecutionStateStep.execute(Lorg/gradle/internal/execution/UnitOfWork;Lorg/gradle/internal/execution/steps/Context;)Lorg/gradle/internal/execution/steps/Result;+6
j  org.gradle.internal.execution.steps.legacy.MarkSnapshottingInputsStartedStep.execute(Lorg/gradle/internal/execution/UnitOfWork;Lorg/gradle/internal/execution/steps/Context;)Lorg/gradle/internal/execution/steps/Result;+12
j  org.gradle.internal.execution.steps.LoadPreviousExecutionStateStep.execute(Lorg/gradle/internal/execution/UnitOfWork;Lorg/gradle/internal/execution/steps/WorkspaceContext;)Lorg/gradle/internal/execution/steps/Result;+42
j  org.gradle.internal.execution.steps.LoadPreviousExecutionStateStep.execute(Lorg/gradle/internal/execution/UnitOfWork;Lorg/gradle/internal/execution/steps/Context;)Lorg/gradle/internal/execution/steps/Result;+6
j  org.gradle.internal.execution.steps.CleanupStaleOutputsStep.execute(Lorg/gradle/internal/execution/UnitOfWork;Lorg/gradle/internal/execution/steps/WorkspaceContext;)Lorg/gradle/internal/execution/steps/Result;+21
j  org.gradle.internal.execution.steps.CleanupStaleOutputsStep.execute(Lorg/gradle/internal/execution/UnitOfWork;Lorg/gradle/internal/execution/steps/Context;)Lorg/gradle/internal/execution/steps/Result;+6
j  org.gradle.internal.execution.steps.ExecuteWorkBuildOperationFiringStep.lambda$execute$0(Lorg/gradle/internal/execution/UnitOfWork;Lorg/gradle/internal/execution/steps/IdentityContext;Lorg/gradle/internal/operations/BuildOperationContext;)Lorg/gradle/internal/execution/steps/CachingResult;+6
j  org.gradle.internal.execution.steps.ExecuteWorkBuildOperationFiringStep$$Lambda$1612.apply(Ljava/lang/Object;)Ljava/lang/Object;+16
j  org.gradle.internal.execution.steps.BuildOperationStep$1.call(Lorg/gradle/internal/operations/BuildOperationContext;)Ljava/lang/Object;+5
j  org.gradle.internal.operations.DefaultBuildOperationRunner$CallableBuildOperationWorker.execute(Lorg/gradle/internal/operations/CallableBuildOperation;Lorg/gradle/internal/operations/BuildOperationContext;)V+3
j  org.gradle.internal.operations.DefaultBuildOperationRunner$CallableBuildOperationWorker.execute(Lorg/gradle/internal/operations/BuildOperation;Lorg/gradle/internal/operations/BuildOperationContext;)V+6
J 7490 c1 org.gradle.internal.operations.DefaultBuildOperationRunner$2.execute(Lorg/gradle/internal/operations/BuildOperationDescriptor;Lorg/gradle/internal/operations/BuildOperationState;Lorg/gradle/internal/operations/BuildOperationState;Lorg/gradle/internal/operations/DefaultBuildOperationRunner$ReadableBuildOperationContext;Lorg/gradle/internal/operations/DefaultBuildOperationRunner$BuildOperationExecutionListener;)Lorg/gradle/internal/operations/BuildOperation; (110 bytes) @ 0x0000000114dd899c [0x0000000114dd88c0+0x00000000000000dc]
J 7163 c1 org.gradle.internal.operations.DefaultBuildOperationRunner.execute(Lorg/gradle/internal/operations/BuildOperationDescriptor$Builder;Lorg/gradle/internal/operations/BuildOperationState;Lorg/gradle/internal/operations/DefaultBuildOperationRunner$BuildOperationExecution;)Ljava/lang/Object; (147 bytes) @ 0x0000000114d49400 [0x0000000114d48780+0x0000000000000c80]
J 8190 c1 org.gradle.internal.operations.DefaultBuildOperationRunner.call(Lorg/gradle/internal/operations/CallableBuildOperation;)Ljava/lang/Object; (24 bytes) @ 0x0000000114f2e698 [0x0000000114f2df40+0x0000000000000758]
J 8189 c1 org.gradle.internal.operations.DefaultBuildOperationExecutor.call(Lorg/gradle/internal/operations/CallableBuildOperation;)Ljava/lang/Object; (11 bytes) @ 0x0000000114f2da78 [0x0000000114f2d940+0x0000000000000138]
j  org.gradle.internal.execution.steps.BuildOperationStep.operation(Ljava/util/function/Function;Lorg/gradle/internal/operations/BuildOperationDescriptor$Builder;)Ljava/lang/Object;+14
j  org.gradle.internal.execution.steps.ExecuteWorkBuildOperationFiringStep.lambda$execute$1(Lorg/gradle/internal/execution/UnitOfWork;Lorg/gradle/internal/execution/steps/IdentityContext;Ljava/lang/String;)Lorg/gradle/internal/execution/steps/CachingResult;+34
j  org.gradle.internal.execution.steps.ExecuteWorkBuildOperationFiringStep$$Lambda$648.apply(Ljava/lang/Object;)Ljava/lang/Object;+16
J 4135 c1 java.util.Optional.map(Ljava/util/function/Function;)Ljava/util/Optional; java.base@11.0.24 (30 bytes) @ 0x00000001147383c0 [0x0000000114738300+0x00000000000000c0]
j  org.gradle.internal.execution.steps.ExecuteWorkBuildOperationFiringStep.execute(Lorg/gradle/internal/execution/UnitOfWork;Lorg/gradle/internal/execution/steps/IdentityContext;)Lorg/gradle/internal/execution/steps/CachingResult;+14
j  org.gradle.internal.execution.steps.ExecuteWorkBuildOperationFiringStep.execute(Lorg/gradle/internal/execution/UnitOfWork;Lorg/gradle/internal/execution/steps/Context;)Lorg/gradle/internal/execution/steps/Result;+6
j  org.gradle.internal.execution.steps.AssignWorkspaceStep.lambda$execute$0(Lorg/gradle/internal/execution/UnitOfWork;Lorg/gradle/internal/execution/steps/IdentityContext;Ljava/io/File;Lorg/gradle/internal/execution/history/ExecutionHistoryStore;)Lorg/gradle/internal/execution/steps/Result;+16
j  org.gradle.internal.execution.steps.AssignWorkspaceStep$$Lambda$506.executeInWorkspace(Ljava/io/File;Lorg/gradle/internal/execution/history/ExecutionHistoryStore;)Ljava/lang/Object;+14
j  org.gradle.internal.execution.workspace.impl.DefaultImmutableWorkspaceProvider.lambda$withWorkspace$3(Ljava/lang/String;Lorg/gradle/internal/execution/workspace/WorkspaceProvider$WorkspaceAction;)Ljava/lang/Object;+27
j  org.gradle.internal.execution.workspace.impl.DefaultImmutableWorkspaceProvider$$Lambda$507.create()Ljava/lang/Object;+12
J 5576 c1 org.gradle.cache.internal.LockOnDemandCrossProcessCacheAccess.withFileLock(Lorg/gradle/internal/Factory;)Ljava/lang/Object; (24 bytes) @ 0x000000011497dae8 [0x000000011497d980+0x0000000000000168]
j  org.gradle.cache.internal.DefaultCacheCoordinator.withFileLock(Lorg/gradle/internal/Factory;)Ljava/lang/Object;+5
j  org.gradle.cache.internal.DefaultPersistentDirectoryStore.withFileLock(Lorg/gradle/internal/Factory;)Ljava/lang/Object;+5
j  org.gradle.cache.internal.DefaultCacheFactory$ReferenceTrackingCache.withFileLock(Lorg/gradle/internal/Factory;)Ljava/lang/Object;+8
j  org.gradle.internal.execution.workspace.impl.DefaultImmutableWorkspaceProvider.withWorkspace(Ljava/lang/String;Lorg/gradle/internal/execution/workspace/WorkspaceProvider$WorkspaceAction;)Ljava/lang/Object;+12
j  org.gradle.internal.execution.steps.AssignWorkspaceStep.execute(Lorg/gradle/internal/execution/UnitOfWork;Lorg/gradle/internal/execution/steps/IdentityContext;)Lorg/gradle/internal/execution/steps/Result;+23
j  org.gradle.internal.execution.steps.AssignWorkspaceStep.execute(Lorg/gradle/internal/execution/UnitOfWork;Lorg/gradle/internal/execution/steps/Context;)Lorg/gradle/internal/execution/steps/Result;+6
j  org.gradle.internal.execution.steps.IdentityCacheStep.execute(Lorg/gradle/internal/execution/UnitOfWork;Lorg/gradle/internal/execution/steps/IdentityContext;)Lorg/gradle/internal/execution/steps/Result;+6
j  org.gradle.internal.execution.steps.IdentityCacheStep.lambda$executeDeferred$0(Lorg/gradle/internal/execution/UnitOfWork;Lorg/gradle/internal/execution/steps/IdentityContext;)Lorg/gradle/internal/Try;+3
j  org.gradle.internal.execution.steps.IdentityCacheStep$$Lambda$1603.get()Ljava/lang/Object;+12
J 9756 c1 org.gradle.cache.Cache$$Lambda$83.apply(Ljava/lang/Object;)Ljava/lang/Object; (9 bytes) @ 0x000000011526b0d0 [0x000000011526b040+0x0000000000000090]
J 8114 c1 java.util.concurrent.ConcurrentHashMap.computeIfAbsent(Ljava/lang/Object;Ljava/util/function/Function;)Ljava/lang/Object; java.base@11.0.24 (576 bytes) @ 0x0000000114f00de8 [0x0000000114f00540+0x00000000000008a8]
j  org.gradle.cache.ManualEvictionInMemoryCache.get(Ljava/lang/Object;Ljava/util/function/Function;)Ljava/lang/Object;+6
j  org.gradle.cache.internal.DefaultCrossBuildInMemoryCacheFactory$CrossBuildCacheRetainingDataFromPreviousBuild.get(Ljava/lang/Object;Ljava/util/function/Function;)Ljava/lang/Object;+6
J 6074 c1 org.gradle.cache.Cache.get(Ljava/lang/Object;Ljava/util/function/Supplier;)Ljava/lang/Object; (14 bytes) @ 0x0000000114ad3cbc [0x0000000114ad37c0+0x00000000000004fc]
j  org.gradle.internal.execution.steps.IdentityCacheStep.lambda$executeDeferred$1(Lorg/gradle/cache/Cache;Lorg/gradle/internal/execution/UnitOfWork$Identity;Lorg/gradle/internal/execution/UnitOfWork;Lorg/gradle/internal/execution/steps/IdentityContext;)Lorg/gradle/internal/Try;+11
j  org.gradle.internal.execution.steps.IdentityCacheStep$$Lambda$1540.get()Ljava/lang/Object;+20
j  org.gradle.internal.Deferrable$3.completeAndGet()Ljava/lang/Object;+23
j  org.gradle.internal.Deferrable$1.completeAndGet()Ljava/lang/Object;+5
j  org.gradle.internal.Deferrable$1.completeAndGet()Ljava/lang/Object;+5
j  org.gradle.internal.Deferrable.lambda$flatMap$0(Ljava/util/function/Function;)Ljava/lang/Object;+2
j  org.gradle.internal.Deferrable$$Lambda$1598.get()Ljava/lang/Object;+8
j  org.gradle.internal.Deferrable$3.completeAndGet()Ljava/lang/Object;+23
j  org.gradle.internal.Deferrable.lambda$flatMap$0(Ljava/util/function/Function;)Ljava/lang/Object;+2
j  org.gradle.internal.Deferrable$$Lambda$1598.get()Ljava/lang/Object;+8
j  org.gradle.internal.Deferrable$3.completeAndGet()Ljava/lang/Object;+23
j  org.gradle.api.internal.artifacts.transform.TransformingAsyncArtifactListener$TransformedArtifact.finalizeValue()Lorg/gradle/internal/Try;+139
j  org.gradle.api.internal.artifacts.transform.TransformingAsyncArtifactListener$TransformedArtifact.run(Lorg/gradle/internal/operations/BuildOperationContext;)V+1
j  org.gradle.internal.operations.DefaultBuildOperationExecutor$$Lambda$824.execute(Lorg/gradle/internal/operations/BuildOperation;Lorg/gradle/internal/operations/BuildOperationContext;)V+5
J 7490 c1 org.gradle.internal.operations.DefaultBuildOperationRunner$2.execute(Lorg/gradle/internal/operations/BuildOperationDescriptor;Lorg/gradle/internal/operations/BuildOperationState;Lorg/gradle/internal/operations/BuildOperationState;Lorg/gradle/internal/operations/DefaultBuildOperationRunner$ReadableBuildOperationContext;Lorg/gradle/internal/operations/DefaultBuildOperationRunner$BuildOperationExecutionListener;)Lorg/gradle/internal/operations/BuildOperation; (110 bytes) @ 0x0000000114dd899c [0x0000000114dd88c0+0x00000000000000dc]
J 7163 c1 org.gradle.internal.operations.DefaultBuildOperationRunner.execute(Lorg/gradle/internal/operations/BuildOperationDescriptor$Builder;Lorg/gradle/internal/operations/BuildOperationState;Lorg/gradle/internal/operations/DefaultBuildOperationRunner$BuildOperationExecution;)Ljava/lang/Object; (147 bytes) @ 0x0000000114d49400 [0x0000000114d48780+0x0000000000000c80]
J 6699 c1 org.gradle.internal.operations.DefaultBuildOperationRunner.execute(Lorg/gradle/internal/operations/BuildOperation;Lorg/gradle/internal/operations/BuildOperationWorker;Lorg/gradle/internal/operations/BuildOperationState;)V (23 bytes) @ 0x0000000114c4a568 [0x0000000114c4a400+0x0000000000000168]
j  org.gradle.internal.operations.DefaultBuildOperationExecutor$QueueWorker.execute(Lorg/gradle/internal/operations/BuildOperation;)V+16
j  org.gradle.internal.operations.DefaultBuildOperationQueue$WorkerRunnable.runOperation(Lorg/gradle/internal/operations/BuildOperation;)V+8
j  org.gradle.internal.operations.DefaultBuildOperationQueue$WorkerRunnable.doRunBatch(Lorg/gradle/internal/operations/BuildOperation;)I+28
...<more frames>...

Java frames: (J=compiled Java code, j=interpreted, Vv=VM code)
v  ~RuntimeStub::_complete_monitor_locking_Java
J 7896 c2 java.lang.ClassLoader.loadClass(Ljava/lang/String;Z)Ljava/lang/Class; java.base@11.0.24 (122 bytes) @ 0x000000011b74014c [0x000000011b73fb80+0x00000000000005cc]
J 2768 c2 java.lang.ClassLoader.loadClass(Ljava/lang/String;)Ljava/lang/Class; java.base@11.0.24 (7 bytes) @ 0x000000011b4d8f88 [0x000000011b4d8f40+0x0000000000000048]
v  ~StubRoutines::call_stub
j  org.gradle.api.internal.artifacts.transform.AbstractTransformExecution.visitOutputs(Ljava/io/File;Lorg/gradle/internal/execution/UnitOfWork$OutputVisitor;)V+38
j  org.gradle.internal.execution.impl.DefaultOutputSnapshotter.snapshotOutputs(Lorg/gradle/internal/execution/UnitOfWork;Ljava/io/File;)Lcom/google/common/collect/ImmutableSortedMap;+15
j  org.gradle.internal.execution.steps.CaptureStateBeforeExecutionStep.lambda$captureExecutionState$1(Lorg/gradle/internal/execution/UnitOfWork;Lorg/gradle/internal/execution/steps/PreviousExecutionContext;Lorg/gradle/internal/operations/BuildOperationContext;)Lorg/gradle/internal/execution/history/BeforeExecutionState;+9
j  org.gradle.internal.execution.steps.CaptureStateBeforeExecutionStep$$Lambda$515.apply(Ljava/lang/Object;)Ljava/lang/Object;+16
j  org.gradle.internal.execution.steps.BuildOperationStep$1.call(Lorg/gradle/internal/operations/BuildOperationContext;)Ljava/lang/Object;+5
j  org.gradle.internal.operations.DefaultBuildOperationRunner$CallableBuildOperationWorker.execute(Lorg/gradle/internal/operations/CallableBuildOperation;Lorg/gradle/internal/operations/BuildOperationContext;)V+3
j  org.gradle.internal.operations.DefaultBuildOperationRunner$CallableBuildOperationWorker.execute(Lorg/gradle/internal/operations/BuildOperation;Lorg/gradle/internal/operations/BuildOperationContext;)V+6
j  org.gradle.internal.operations.DefaultBuildOperationRunner$2.execute(Lorg/gradle/internal/operations/BuildOperationDescriptor;Lorg/gradle/internal/operations/BuildOperationState;Lorg/gradle/internal/operations/BuildOperationState;Lorg/gradle/internal/operations/DefaultBuildOperationRunner$ReadableBuildOperationContext;Lorg/gradle/internal/operations/DefaultBuildOperationRunner$BuildOperationExecutionListener;)Lorg/gradle/internal/operations/BuildOperation;+22
j  org.gradle.internal.operations.DefaultBuildOperationRunner$2.execute(Lorg/gradle/internal/operations/BuildOperationDescriptor;Lorg/gradle/internal/operations/BuildOperationState;Lorg/gradle/internal/operations/BuildOperationState;Lorg/gradle/internal/operations/DefaultBuildOperationRunner$ReadableBuildOperationContext;Lorg/gradle/internal/operations/DefaultBuildOperationRunner$BuildOperationExecutionListener;)Ljava/lang/Object;+8
j  org.gradle.internal.operations.DefaultBuildOperationRunner.execute(Lorg/gradle/internal/operations/BuildOperationDescriptor$Builder;Lorg/gradle/internal/operations/BuildOperationState;Lorg/gradle/internal/operations/DefaultBuildOperationRunner$BuildOperationExecution;)Ljava/lang/Object;+141
J 8190 c1 org.gradle.internal.operations.DefaultBuildOperationRunner.call(Lorg/gradle/internal/operations/CallableBuildOperation;)Ljava/lang/Object; (24 bytes) @ 0x0000000114f2e698 [0x0000000114f2df40+0x0000000000000758]
J 8189 c1 org.gradle.internal.operations.DefaultBuildOperationExecutor.call(Lorg/gradle/internal/operations/CallableBuildOperation;)Ljava/lang/Object; (11 bytes) @ 0x0000000114f2da78 [0x0000000114f2d940+0x0000000000000138]
j  org.gradle.internal.execution.steps.BuildOperationStep.operation(Ljava/util/function/Function;Lorg/gradle/internal/operations/BuildOperationDescriptor$Builder;)Ljava/lang/Object;+14
j  org.gradle.internal.execution.steps.CaptureStateBeforeExecutionStep.captureExecutionState(Lorg/gradle/internal/execution/UnitOfWork;Lorg/gradle/internal/execution/steps/PreviousExecutionContext;)Lorg/gradle/internal/execution/history/BeforeExecutionState;+42
j  org.gradle.internal.execution.steps.CaptureStateBeforeExecutionStep.lambda$execute$0(Lorg/gradle/internal/execution/UnitOfWork;Lorg/gradle/internal/execution/steps/PreviousExecutionContext;Lorg/gradle/internal/execution/history/ExecutionHistoryStore;)Lorg/gradle/internal/execution/history/BeforeExecutionState;+3
j  org.gradle.internal.execution.steps.CaptureStateBeforeExecutionStep$$Lambda$514.apply(Ljava/lang/Object;)Ljava/lang/Object;+16
J 4135 c1 java.util.Optional.map(Ljava/util/function/Function;)Ljava/util/Optional; java.base@11.0.24 (30 bytes) @ 0x00000001147383c0 [0x0000000114738300+0x00000000000000c0]
j  org.gradle.internal.execution.steps.CaptureStateBeforeExecutionStep.execute(Lorg/gradle/internal/execution/UnitOfWork;Lorg/gradle/internal/execution/steps/PreviousExecutionContext;)Lorg/gradle/internal/execution/steps/CachingResult;+12
j  org.gradle.internal.execution.steps.CaptureStateBeforeExecutionStep.execute(Lorg/gradle/internal/execution/UnitOfWork;Lorg/gradle/internal/execution/steps/Context;)Lorg/gradle/internal/execution/steps/Result;+6
j  org.gradle.internal.execution.steps.SkipEmptyWorkStep.executeWithNonEmptySources(Lorg/gradle/internal/execution/UnitOfWork;Lorg/gradle/internal/execution/steps/PreviousExecutionContext;)Lorg/gradle/internal/execution/steps/CachingResult;+12
j  org.gradle.internal.execution.steps.SkipEmptyWorkStep.execute(Lorg/gradle/internal/execution/UnitOfWork;Lorg/gradle/internal/execution/steps/PreviousExecutionContext;)Lorg/gradle/internal/execution/steps/CachingResult;+42
j  org.gradle.internal.execution.steps.SkipEmptyWorkStep.execute(Lorg/gradle/internal/execution/UnitOfWork;Lorg/gradle/internal/execution/steps/Context;)Lorg/gradle/internal/execution/steps/Result;+6
j  org.gradle.internal.execution.steps.RemoveUntrackedExecutionStateStep.execute(Lorg/gradle/internal/execution/UnitOfWork;Lorg/gradle/internal/execution/steps/WorkspaceContext;)Lorg/gradle/internal/execution/steps/AfterExecutionResult;+6
j  org.gradle.internal.execution.steps.RemoveUntrackedExecutionStateStep.execute(Lorg/gradle/internal/execution/UnitOfWork;Lorg/gradle/internal/execution/steps/Context;)Lorg/gradle/internal/execution/steps/Result;+6
j  org.gradle.internal.execution.steps.legacy.MarkSnapshottingInputsStartedStep.execute(Lorg/gradle/internal/execution/UnitOfWork;Lorg/gradle/internal/execution/steps/Context;)Lorg/gradle/internal/execution/steps/Result;+12
j  org.gradle.internal.execution.steps.LoadPreviousExecutionStateStep.execute(Lorg/gradle/internal/execution/UnitOfWork;Lorg/gradle/internal/execution/steps/WorkspaceContext;)Lorg/gradle/internal/execution/steps/Result;+42
j  org.gradle.internal.execution.steps.LoadPreviousExecutionStateStep.execute(Lorg/gradle/internal/execution/UnitOfWork;Lorg/gradle/internal/execution/steps/Context;)Lorg/gradle/internal/execution/steps/Result;+6
j  org.gradle.internal.execution.steps.CleanupStaleOutputsStep.execute(Lorg/gradle/internal/execution/UnitOfWork;Lorg/gradle/internal/execution/steps/WorkspaceContext;)Lorg/gradle/internal/execution/steps/Result;+21
j  org.gradle.internal.execution.steps.CleanupStaleOutputsStep.execute(Lorg/gradle/internal/execution/UnitOfWork;Lorg/gradle/internal/execution/steps/Context;)Lorg/gradle/internal/execution/steps/Result;+6
j  org.gradle.internal.execution.steps.ExecuteWorkBuildOperationFiringStep.lambda$execute$0(Lorg/gradle/internal/execution/UnitOfWork;Lorg/gradle/internal/execution/steps/IdentityContext;Lorg/gradle/internal/operations/BuildOperationContext;)Lorg/gradle/internal/execution/steps/CachingResult;+6
j  org.gradle.internal.execution.steps.ExecuteWorkBuildOperationFiringStep$$Lambda$1612.apply(Ljava/lang/Object;)Ljava/lang/Object;+16
j  org.gradle.internal.execution.steps.BuildOperationStep$1.call(Lorg/gradle/internal/operations/BuildOperationContext;)Ljava/lang/Object;+5
j  org.gradle.internal.operations.DefaultBuildOperationRunner$CallableBuildOperationWorker.execute(Lorg/gradle/internal/operations/CallableBuildOperation;Lorg/gradle/internal/operations/BuildOperationContext;)V+3
j  org.gradle.internal.operations.DefaultBuildOperationRunner$CallableBuildOperationWorker.execute(Lorg/gradle/internal/operations/BuildOperation;Lorg/gradle/internal/operations/BuildOperationContext;)V+6
J 7490 c1 org.gradle.internal.operations.DefaultBuildOperationRunner$2.execute(Lorg/gradle/internal/operations/BuildOperationDescriptor;Lorg/gradle/internal/operations/BuildOperationState;Lorg/gradle/internal/operations/BuildOperationState;Lorg/gradle/internal/operations/DefaultBuildOperationRunner$ReadableBuildOperationContext;Lorg/gradle/internal/operations/DefaultBuildOperationRunner$BuildOperationExecutionListener;)Lorg/gradle/internal/operations/BuildOperation; (110 bytes) @ 0x0000000114dd899c [0x0000000114dd88c0+0x00000000000000dc]
J 7163 c1 org.gradle.internal.operations.DefaultBuildOperationRunner.execute(Lorg/gradle/internal/operations/BuildOperationDescriptor$Builder;Lorg/gradle/internal/operations/BuildOperationState;Lorg/gradle/internal/operations/DefaultBuildOperationRunner$BuildOperationExecution;)Ljava/lang/Object; (147 bytes) @ 0x0000000114d49400 [0x0000000114d48780+0x0000000000000c80]
J 8190 c1 org.gradle.internal.operations.DefaultBuildOperationRunner.call(Lorg/gradle/internal/operations/CallableBuildOperation;)Ljava/lang/Object; (24 bytes) @ 0x0000000114f2e698 [0x0000000114f2df40+0x0000000000000758]
J 8189 c1 org.gradle.internal.operations.DefaultBuildOperationExecutor.call(Lorg/gradle/internal/operations/CallableBuildOperation;)Ljava/lang/Object; (11 bytes) @ 0x0000000114f2da78 [0x0000000114f2d940+0x0000000000000138]
j  org.gradle.internal.execution.steps.BuildOperationStep.operation(Ljava/util/function/Function;Lorg/gradle/internal/operations/BuildOperationDescriptor$Builder;)Ljava/lang/Object;+14
j  org.gradle.internal.execution.steps.ExecuteWorkBuildOperationFiringStep.lambda$execute$1(Lorg/gradle/internal/execution/UnitOfWork;Lorg/gradle/internal/execution/steps/IdentityContext;Ljava/lang/String;)Lorg/gradle/internal/execution/steps/CachingResult;+34
j  org.gradle.internal.execution.steps.ExecuteWorkBuildOperationFiringStep$$Lambda$648.apply(Ljava/lang/Object;)Ljava/lang/Object;+16
J 4135 c1 java.util.Optional.map(Ljava/util/function/Function;)Ljava/util/Optional; java.base@11.0.24 (30 bytes) @ 0x00000001147383c0 [0x0000000114738300+0x00000000000000c0]
j  org.gradle.internal.execution.steps.ExecuteWorkBuildOperationFiringStep.execute(Lorg/gradle/internal/execution/UnitOfWork;Lorg/gradle/internal/execution/steps/IdentityContext;)Lorg/gradle/internal/execution/steps/CachingResult;+14
j  org.gradle.internal.execution.steps.ExecuteWorkBuildOperationFiringStep.execute(Lorg/gradle/internal/execution/UnitOfWork;Lorg/gradle/internal/execution/steps/Context;)Lorg/gradle/internal/execution/steps/Result;+6
j  org.gradle.internal.execution.steps.AssignWorkspaceStep.lambda$execute$0(Lorg/gradle/internal/execution/UnitOfWork;Lorg/gradle/internal/execution/steps/IdentityContext;Ljava/io/File;Lorg/gradle/internal/execution/history/ExecutionHistoryStore;)Lorg/gradle/internal/execution/steps/Result;+16
j  org.gradle.internal.execution.steps.AssignWorkspaceStep$$Lambda$506.executeInWorkspace(Ljava/io/File;Lorg/gradle/internal/execution/history/ExecutionHistoryStore;)Ljava/lang/Object;+14
j  org.gradle.internal.execution.workspace.impl.DefaultImmutableWorkspaceProvider.lambda$withWorkspace$3(Ljava/lang/String;Lorg/gradle/internal/execution/workspace/WorkspaceProvider$WorkspaceAction;)Ljava/lang/Object;+27
j  org.gradle.internal.execution.workspace.impl.DefaultImmutableWorkspaceProvider$$Lambda$507.create()Ljava/lang/Object;+12
J 5576 c1 org.gradle.cache.internal.LockOnDemandCrossProcessCacheAccess.withFileLock(Lorg/gradle/internal/Factory;)Ljava/lang/Object; (24 bytes) @ 0x000000011497dae8 [0x000000011497d980+0x0000000000000168]
j  org.gradle.cache.internal.DefaultCacheCoordinator.withFileLock(Lorg/gradle/internal/Factory;)Ljava/lang/Object;+5
j  org.gradle.cache.internal.DefaultPersistentDirectoryStore.withFileLock(Lorg/gradle/internal/Factory;)Ljava/lang/Object;+5
j  org.gradle.cache.internal.DefaultCacheFactory$ReferenceTrackingCache.withFileLock(Lorg/gradle/internal/Factory;)Ljava/lang/Object;+8
j  org.gradle.internal.execution.workspace.impl.DefaultImmutableWorkspaceProvider.withWorkspace(Ljava/lang/String;Lorg/gradle/internal/execution/workspace/WorkspaceProvider$WorkspaceAction;)Ljava/lang/Object;+12
j  org.gradle.internal.execution.steps.AssignWorkspaceStep.execute(Lorg/gradle/internal/execution/UnitOfWork;Lorg/gradle/internal/execution/steps/IdentityContext;)Lorg/gradle/internal/execution/steps/Result;+23
j  org.gradle.internal.execution.steps.AssignWorkspaceStep.execute(Lorg/gradle/internal/execution/UnitOfWork;Lorg/gradle/internal/execution/steps/Context;)Lorg/gradle/internal/execution/steps/Result;+6
j  org.gradle.internal.execution.steps.IdentityCacheStep.execute(Lorg/gradle/internal/execution/UnitOfWork;Lorg/gradle/internal/execution/steps/IdentityContext;)Lorg/gradle/internal/execution/steps/Result;+6
j  org.gradle.internal.execution.steps.IdentityCacheStep.lambda$executeDeferred$0(Lorg/gradle/internal/execution/UnitOfWork;Lorg/gradle/internal/execution/steps/IdentityContext;)Lorg/gradle/internal/Try;+3
j  org.gradle.internal.execution.steps.IdentityCacheStep$$Lambda$1603.get()Ljava/lang/Object;+12
J 9756 c1 org.gradle.cache.Cache$$Lambda$83.apply(Ljava/lang/Object;)Ljava/lang/Object; (9 bytes) @ 0x000000011526b0d0 [0x000000011526b040+0x0000000000000090]
J 8114 c1 java.util.concurrent.ConcurrentHashMap.computeIfAbsent(Ljava/lang/Object;Ljava/util/function/Function;)Ljava/lang/Object; java.base@11.0.24 (576 bytes) @ 0x0000000114f00de8 [0x0000000114f00540+0x00000000000008a8]
j  org.gradle.cache.ManualEvictionInMemoryCache.get(Ljava/lang/Object;Ljava/util/function/Function;)Ljava/lang/Object;+6
j  org.gradle.cache.internal.DefaultCrossBuildInMemoryCacheFactory$CrossBuildCacheRetainingDataFromPreviousBuild.get(Ljava/lang/Object;Ljava/util/function/Function;)Ljava/lang/Object;+6
J 6074 c1 org.gradle.cache.Cache.get(Ljava/lang/Object;Ljava/util/function/Supplier;)Ljava/lang/Object; (14 bytes) @ 0x0000000114ad3cbc [0x0000000114ad37c0+0x00000000000004fc]
j  org.gradle.internal.execution.steps.IdentityCacheStep.lambda$executeDeferred$1(Lorg/gradle/cache/Cache;Lorg/gradle/internal/execution/UnitOfWork$Identity;Lorg/gradle/internal/execution/UnitOfWork;Lorg/gradle/internal/execution/steps/IdentityContext;)Lorg/gradle/internal/Try;+11
j  org.gradle.internal.execution.steps.IdentityCacheStep$$Lambda$1540.get()Ljava/lang/Object;+20
j  org.gradle.internal.Deferrable$3.completeAndGet()Ljava/lang/Object;+23
j  org.gradle.internal.Deferrable$1.completeAndGet()Ljava/lang/Object;+5
j  org.gradle.internal.Deferrable$1.completeAndGet()Ljava/lang/Object;+5
j  org.gradle.internal.Deferrable.lambda$flatMap$0(Ljava/util/function/Function;)Ljava/lang/Object;+2
j  org.gradle.internal.Deferrable$$Lambda$1598.get()Ljava/lang/Object;+8
j  org.gradle.internal.Deferrable$3.completeAndGet()Ljava/lang/Object;+23
j  org.gradle.internal.Deferrable.lambda$flatMap$0(Ljava/util/function/Function;)Ljava/lang/Object;+2
j  org.gradle.internal.Deferrable$$Lambda$1598.get()Ljava/lang/Object;+8
j  org.gradle.internal.Deferrable$3.completeAndGet()Ljava/lang/Object;+23
j  org.gradle.api.internal.artifacts.transform.TransformingAsyncArtifactListener$TransformedArtifact.finalizeValue()Lorg/gradle/internal/Try;+139
j  org.gradle.api.internal.artifacts.transform.TransformingAsyncArtifactListener$TransformedArtifact.run(Lorg/gradle/internal/operations/BuildOperationContext;)V+1
j  org.gradle.internal.operations.DefaultBuildOperationExecutor$$Lambda$824.execute(Lorg/gradle/internal/operations/BuildOperation;Lorg/gradle/internal/operations/BuildOperationContext;)V+5
J 7490 c1 org.gradle.internal.operations.DefaultBuildOperationRunner$2.execute(Lorg/gradle/internal/operations/BuildOperationDescriptor;Lorg/gradle/internal/operations/BuildOperationState;Lorg/gradle/internal/operations/BuildOperationState;Lorg/gradle/internal/operations/DefaultBuildOperationRunner$ReadableBuildOperationContext;Lorg/gradle/internal/operations/DefaultBuildOperationRunner$BuildOperationExecutionListener;)Lorg/gradle/internal/operations/BuildOperation; (110 bytes) @ 0x0000000114dd899c [0x0000000114dd88c0+0x00000000000000dc]
J 7163 c1 org.gradle.internal.operations.DefaultBuildOperationRunner.execute(Lorg/gradle/internal/operations/BuildOperationDescriptor$Builder;Lorg/gradle/internal/operations/BuildOperationState;Lorg/gradle/internal/operations/DefaultBuildOperationRunner$BuildOperationExecution;)Ljava/lang/Object; (147 bytes) @ 0x0000000114d49400 [0x0000000114d48780+0x0000000000000c80]
J 6699 c1 org.gradle.internal.operations.DefaultBuildOperationRunner.execute(Lorg/gradle/internal/operations/BuildOperation;Lorg/gradle/internal/operations/BuildOperationWorker;Lorg/gradle/internal/operations/BuildOperationState;)V (23 bytes) @ 0x0000000114c4a568 [0x0000000114c4a400+0x0000000000000168]
j  org.gradle.internal.operations.DefaultBuildOperationExecutor$QueueWorker.execute(Lorg/gradle/internal/operations/BuildOperation;)V+16
j  org.gradle.internal.operations.DefaultBuildOperationQueue$WorkerRunnable.runOperation(Lorg/gradle/internal/operations/BuildOperation;)V+8
j  org.gradle.internal.operations.DefaultBuildOperationQueue$WorkerRunnable.doRunBatch(Lorg/gradle/internal/operations/BuildOperation;)I+28
j  org.gradle.internal.operations.DefaultBuildOperationQueue$WorkerRunnable.lambda$runBatch$0(Lorg/gradle/internal/operations/BuildOperation;)Ljava/lang/Integer;+2
j  org.gradle.internal.operations.DefaultBuildOperationQueue$WorkerRunnable$$Lambda$835.create()Ljava/lang/Object;+8
j  org.gradle.internal.resources.AbstractResourceLockRegistry.whileDisallowingLockChanges(Lorg/gradle/internal/Factory;)Ljava/lang/Object;+17
j  org.gradle.internal.work.DefaultWorkerLeaseService.whileDisallowingProjectLockChanges(Lorg/gradle/internal/Factory;)Ljava/lang/Object;+14
j  org.gradle.internal.operations.DefaultBuildOperationQueue$WorkerRunnable.lambda$runBatch$1(Lorg/gradle/internal/operations/BuildOperation;)Ljava/lang/Integer;+33
j  org.gradle.internal.operations.DefaultBuildOperationQueue$WorkerRunnable$$Lambda$829.create()Ljava/lang/Object;+8
j  org.gradle.internal.work.DefaultWorkerLeaseService.withLocks(Ljava/util/Collection;Lorg/gradle/internal/Factory;)Ljava/lang/Object;+28
j  org.gradle.internal.work.DefaultWorkerLeaseService.runAsWorkerThread(Lorg/gradle/internal/Factory;)Ljava/lang/Object;+33
j  org.gradle.internal.operations.DefaultBuildOperationQueue$WorkerRunnable.runBatch(Lorg/gradle/internal/operations/BuildOperation;)V+18
j  org.gradle.internal.operations.DefaultBuildOperationQueue$WorkerRunnable.run()V+11
J 5288 c1 org.gradle.internal.concurrent.ExecutorPolicy$CatchAndRecordFailures.onExecute(Ljava/lang/Runnable;)V (29 bytes) @ 0x00000001148e2efc [0x00000001148e2dc0+0x000000000000013c]
j  org.gradle.internal.concurrent.AbstractManagedExecutor$1.run()V+25
j  java.util.concurrent.ThreadPoolExecutor.runWorker(Ljava/util/concurrent/ThreadPoolExecutor$Worker;)V+92 java.base@11.0.24
j  java.util.concurrent.ThreadPoolExecutor$Worker.run()V+5 java.base@11.0.24
j  java.lang.Thread.run()V+11 java.base@11.0.24
v  ~StubRoutines::call_stub

siginfo: si_signo: 11 (SIGSEGV), si_code: 2 (SEGV_ACCERR), si_addr: 0x0000000000000000

Register to memory mapping:

 x0=0x0 is NULL
 x1=0x0000000c8f864d00 points into unknown readable memory: 0x0000000000000001 | 01 00 00 00 00 00 00 00
 x2=0x0000000000000001 is an unknown value
 x3=0x0000000c8f845000 is a thread
 x4=0xfffffffffffffffe is an unknown value
 x5=0x000000004cd51c6a is an unknown value
 x6=0x0000000000001c6a is an unknown value
 x7=0x00000000000071b8 is an unknown value
 x8=0x0 is NULL
 x9=0x0000000c8f864d00 points into unknown readable memory: 0x0000000000000001 | 01 00 00 00 00 00 00 00
x10=0x0 is NULL
x11=0xffffffffff7d0040 is an unknown value
x12=0x00000001764a29d0 is pointing into the stack for thread: 0x0000000c8f845000
x13=0x000000074c7ef280 is an oop: java.lang.String 
{0x000000074c7ef280} - klass: 'java/lang/String'
 - string: "org.gradle.internal.execution.UnitOfWork$OutputVisitor"
x14=0x00000000ccd5d04d is an unknown value
x15=0x0000000104f40000 points into unknown readable memory: 0x0000000000000000 | 00 00 00 00 00 00 00 00
x16=0x00000001852009d0: pthread_jit_write_protect_np+0 in /usr/lib/system/libsystem_pthread.dylib at 0x00000001851f9000
x17=0x000000074caeebf0 is an oop: java.lang.Object 
{0x000000074caeebf0} - klass: 'java/lang/Object'
 - ---- fields (total size 2 words):
x18=0x0 is NULL
x19=0x0000000000000001 is an unknown value
x20=0x000000074caeebf0 is an oop: java.lang.Object 
{0x000000074caeebf0} - klass: 'java/lang/Object'
 - ---- fields (total size 2 words):
x21=0x0000000c8f864d00 points into unknown readable memory: 0x0000000000000001 | 01 00 00 00 00 00 00 00
x22=0x0000000c8f845000 is a thread
x23=0x0 is NULL
x24=0x000000010adf3a84: _ZN13ObjectMonitor14Knob_SpinLimitE+0 in /opt/homebrew/Cellar/openjdk@11/11.0.24/libexec/openjdk.jdk/Contents/Home/lib/server/libjvm.dylib at 0x000000010a568000
x25=0x0 is NULL
x26=0x0000000c96bf8430 points into unknown readable memory: 0x000000074074a270 | 70 a2 74 40 07 00 00 00
x27=0x0 is NULL
x28=0x0000000c8f845000 is a thread


Registers:
 x0=0x0000000000000000  x1=0x0000000c8f864d00  x2=0x0000000000000001  x3=0x0000000c8f845000
 x4=0xfffffffffffffffe  x5=0x000000004cd51c6a  x6=0x0000000000001c6a  x7=0x00000000000071b8
 x8=0x0000000000000000  x9=0x0000000c8f864d00 x10=0x0000000000000000 x11=0xffffffffff7d0040
x12=0x00000001764a29d0 x13=0x000000074c7ef280 x14=0x00000000ccd5d04d x15=0x0000000104f40000
x16=0x00000001852009d0 x17=0x000000074caeebf0 x18=0x0000000000000000 x19=0x0000000000000001
x20=0x000000074caeebf0 x21=0x0000000c8f864d00 x22=0x0000000c8f845000 x23=0x0000000000000000
x24=0x000000010adf3a84 x25=0x0000000000000000 x26=0x0000000c96bf8430 x27=0x0000000000000000
x28=0x0000000c8f845000  fp=0x00000001764a28b0  lr=0x000000010abfd1b4  sp=0x00000001764a2800
pc=0x000000010abfd1b8 cpsr=0x0000000060001000
Top of Stack: (sp=0x00000001764a2800)
0x00000001764a2800:   000000010adde000 0000000128d02748
0x00000001764a2810:   0000000800002510 0000000c9306b7a8
0x00000001764a2820:   00000001764a28d0 0000000000000000
0x00000001764a2830:   00000000fffffffe 0000000c8f845000
0x00000001764a2840:   0000000000000000 0000000000000000
0x00000001764a2850:   00000001764a2800 000000010a87bb10
0x00000001764a2860:   000000007906f7d1 0000000000000000
0x00000001764a2870:   0000000c96bf8430 000000000000000c
0x00000001764a2880:   000000011391d680 0000000175c729d0
0x00000001764a2890:   0000000175c729d0 0000000c96bf8450
0x00000001764a28a0:   00000001764a29d0 0000000c8f845000
0x00000001764a28b0:   00000001764a28f0 000000010abfcfa0
0x00000001764a28c0:   000000011391d680 0000000000000000
0x00000001764a28d0:   000000074caeebf0 0000000000000001
0x00000001764a28e0:   00000001764a29d0 0000000c8f845000
0x00000001764a28f0:   00000001764a2930 000000010ab51510
0x00000001764a2900:   000000074c7ef280 0000000c8f845000
0x00000001764a2910:   000000074caeebf0 00000001764a29d0
0x00000001764a2920:   0000000000000001 0000000c8f845000
0x00000001764a2930:   00000001764a2960 000000010ab5157c
0x00000001764a2940:   00000001764a2cd8 00000001764a2bf8
0x00000001764a2950:   00000001764a2a20 0000000c8f845000
0x00000001764a2960:   00000001764a2b00 00000001139d6ff8
0x00000001764a2970:   0000000000000000 00000001139d6ff8
0x00000001764a2980:   00000001764a2b00 000000011b74014c
0x00000001764a2990:   000000074c7ef280 0000000100000000
0x00000001764a29a0:   000000074074a270 000000074caeebf0
0x00000001764a29b0:   0000000742752528 000000074074a270
0x00000001764a29c0:   0000000000000000 0000000000000000
0x00000001764a29d0:   0000000000000003 0000000000000000
0x00000001764a29e0:   0000000000000000 0000000000000000
0x00000001764a29f0:   00000001764a2b00 000000011b4d8f88 

Instructions: (pc=0x000000010abfd1b8)
0x000000010abfd0b8:   1f 30 00 f9 1f 44 00 f9 1f 28 00 f9 79 03 00 b4
0x000000010abfd0c8:   b7 02 00 f9 bf 22 00 f9 bf 2a 00 f9 b4 06 00 f9
0x000000010abfd0d8:   bf 2a 00 f9 bf 3a 00 f9 08 03 40 b9 a8 7e 00 b9
0x000000010abfd0e8:   a9 02 7f b2 bf 3b 03 d5 e8 03 17 aa 89 7e a8 c8
0x000000010abfd0f8:   bf 3b 03 d5 1f 01 17 eb 60 08 00 54 ff 02 08 eb
0x000000010abfd108:   20 08 00 54 bf 06 00 f9 bf 22 00 f9 bf 2a 00 f9
0x000000010abfd118:   bf 36 00 f9 bf 2e 00 f9 bf 32 00 f9 bf 46 00 f9
0x000000010abfd128:   bf 2a 00 f9 0d 00 00 14 bf 3a 00 f9 bf 2a 00 f9
0x000000010abfd138:   08 03 40 b9 a8 7e 00 b9 bf 3b 03 d5 e8 03 17 aa
0x000000010abfd148:   9f 7e a8 c8 bf 3b 03 d5 1f 01 17 eb c0 02 00 54
0x000000010abfd158:   ff 02 08 eb 80 02 00 54 e0 03 16 aa e1 03 15 aa
0x000000010abfd168:   22 00 80 52 9c 05 00 94 97 02 40 f9 e0 03 17 aa
0x000000010abfd178:   52 ba ed 97 e0 f8 0f 36 e0 03 17 aa 4f ba ed 97
0x000000010abfd188:   15 00 7f d2 e0 03 15 aa fd 7b 4b a9 f4 4f 4a a9
0x000000010abfd198:   f6 57 49 a9 f8 5f 48 a9 fa 67 47 a9 ff 03 03 91
0x000000010abfd1a8:   c0 03 5f d6 e0 03 17 aa 44 ba ed 97 08 f8 7e 92
0x000000010abfd1b8:   08 01 40 f9 a8 02 00 f9 e0 03 17 aa 3f ba ed 97
0x000000010abfd1c8:   a0 22 00 f9 bf 2a 00 f9 b4 06 00 f9 88 02 40 f9
0x000000010abfd1d8:   48 01 00 b4 e0 07 00 90 00 d0 3b 91 e2 07 00 b0
0x000000010abfd1e8:   42 64 01 91 03 05 00 90 63 60 0c 91 01 bd 80 52
0x000000010abfd1f8:   a0 9e ed 97 49 4a fb 97 a8 02 7f b2 bf 3b 03 d5
0x000000010abfd208:   88 02 00 f9 08 11 00 d0 08 61 0b 91 08 01 40 f9
0x000000010abfd218:   48 01 00 b4 09 11 00 d0 29 01 2c 91 29 01 40 39
0x000000010abfd228:   3f 05 00 71 a1 00 00 54 08 15 40 f9 09 01 40 f9
0x000000010abfd238:   29 05 00 91 09 01 00 f9 c8 0f 00 f0 08 e5 43 f9
0x000000010abfd248:   28 06 00 b4 c8 10 00 d0 08 e5 37 91 08 01 40 39
0x000000010abfd258:   1f 05 00 71 21 01 00 54 89 0a 40 b9 ca 0f 00 f0
0x000000010abfd268:   4a 61 2b 91 4b 09 40 b9 4a 01 40 f9 2b 21 cb 9a
0x000000010abfd278:   6a 01 0a 8b 03 00 00 14 8a 06 40 f9 e9 03 0a aa
0x000000010abfd288:   4a 09 40 b9 5f 05 00 71 eb 03 00 54 80 10 00 d0
0x000000010abfd298:   00 80 27 91 0a 00 40 f9 40 01 3f d6 0a 00 40 f9
0x000000010abfd2a8:   4a 3d 41 f9 ea 0f 00 f9 40 05 c0 3d e0 03 82 3c 


Stack slot to memory mapping:
stack at sp + 0 slots: 0x000000010adde000: _ZN12Dependencies9_dep_argsE+0x10 in /opt/homebrew/Cellar/openjdk@11/11.0.24/libexec/openjdk.jdk/Contents/Home/lib/server/libjvm.dylib at 0x000000010a568000
stack at sp + 1 slots: 0x0000000128d02748 is pointing into metadata
stack at sp + 2 slots: 0x0000000800002510 is a pointer to class: 
java.lang.ClassLoader {0x0000000800002510}
 - instance size:     11
 - klass size:        96
 - access:            public synchronized abstract 
 - state:             fully_initialized
 - name:              'java/lang/ClassLoader'
 - super:             'java/lang/Object'
 - sub:               'org/gradle/internal/classloader/CachingClassLoader'   'org/gradle/internal/classloader/MultiParentClassLoader'   'org/gradle/internal/classloader/FilteringClassLoader$RetrieveSystemPackagesClassLoader'   'org/gradle/internal/classloader/FilteringClassLoader'   (3 more klasses...)
 - arrays:            'java/lang/ClassLoader'[]
 - methods:           Array<T>(0x0000000128d02748)
 - method ordering:   Array<T>(0x0000000128ce8058)
 - default_methods:   Array<T>(0x0000000000000000)
 - local interfaces:  Array<T>(0x0000000128ce80a0)
 - trans. interfaces: Array<T>(0x0000000128ce80a0)
 - constants:         constant pool [1186]/operands[35] {0x0000000128cffe38} for 'java/lang/ClassLoader' cache=0x0000000128de6750
 - class loader data:  loader data: 0x0000000c94854820 of 'bootstrap'
 - host class:        
[error occurred during error reporting (inspecting top of stack), id 0xb, SIGSEGV (0xb) at pc=0x000000010a87ea74]


---------------  P R O C E S S  ---------------

Threads class SMR info:
_java_thread_list=0x0000000c8f840260, length=75, elements={
0x0000000104f9e800, 0x0000000c94c58000, 0x0000000c94c59000, 0x0000000c94c5a000,
0x0000000c94c5b000, 0x0000000c948ec000, 0x0000000c948ed000, 0x0000000c948ee000,
0x0000000c948ef000, 0x0000000c94ab4000, 0x0000000c94ab6000, 0x0000000c926f5000,
0x0000000c926f6000, 0x0000000c926f7000, 0x0000000c92705000, 0x0000000c92706000,
0x0000000c94ab7000, 0x0000000c92718000, 0x0000000c92719000, 0x0000000c9271b000,
0x0000000c92707000, 0x0000000c91814000, 0x0000000c91815000, 0x0000000c91817000,
0x0000000c91816000, 0x0000000c91528000, 0x0000000c91529000, 0x0000000c9152a000,
0x0000000c9152b000, 0x0000000c91108000, 0x0000000c9120a000, 0x0000000c91209000,
0x0000000c912a4000, 0x0000000c912a5000, 0x0000000c912a7000, 0x0000000c9110b000,
0x0000000c913bc000, 0x0000000c913be000, 0x0000000c912a6000, 0x0000000c908a8000,
0x0000000c908a9000, 0x0000000c908aa000, 0x0000000c908ab000, 0x0000000c908b0000,
0x0000000c908b1000, 0x0000000c908b2000, 0x0000000c913bf000, 0x0000000c916a9000,
0x0000000c916aa000, 0x0000000c908c0000, 0x0000000c908c1000, 0x0000000c908c2000,
0x0000000c90b6d000, 0x0000000c8fd81000, 0x0000000c8fd82000, 0x0000000c8fd83000,
0x0000000c90686000, 0x0000000c8fe04000, 0x0000000c8fe05000, 0x0000000c8fe06000,
0x0000000c8fe07000, 0x0000000c8f810000, 0x0000000c8f811000, 0x0000000c8f812000,
0x0000000c8f813000, 0x0000000c8f814000, 0x0000000c8feac000, 0x0000000c8feae000,
0x0000000c8feaf000, 0x0000000c8f817000, 0x0000000c8f844000, 0x0000000c8f845000,
0x0000000c8f846000, 0x0000000c8f847000, 0x0000000c8feb0000
}

Java Threads: ( => current thread )
  0x0000000104f9e800 JavaThread "main" [_thread_blocked, id=4867, stack(0x000000016af78000,0x000000016b17b000)]
  0x0000000c94c58000 JavaThread "Reference Handler" daemon [_thread_blocked, id=21251, stack(0x000000016bdcc000,0x000000016bfcf000)]
  0x0000000c94c59000 JavaThread "Finalizer" daemon [_thread_blocked, id=20739, stack(0x000000016bfd8000,0x000000016c1db000)]
  0x0000000c94c5a000 JavaThread "Signal Dispatcher" daemon [_thread_blocked, id=21763, stack(0x000000016c2fc000,0x000000016c4ff000)]
  0x0000000c94c5b000 JavaThread "Service Thread" daemon [_thread_blocked, id=22275, stack(0x000000016c508000,0x000000016c70b000)]
  0x0000000c948ec000 JavaThread "C2 CompilerThread0" daemon [_thread_blocked, id=32003, stack(0x000000016c714000,0x000000016c917000)]
  0x0000000c948ed000 JavaThread "C1 CompilerThread0" daemon [_thread_blocked, id=23043, stack(0x000000016c920000,0x000000016cb23000)]
  0x0000000c948ee000 JavaThread "Sweeper thread" daemon [_thread_blocked, id=23555, stack(0x000000016cb2c000,0x000000016cd2f000)]
  0x0000000c948ef000 JavaThread "Common-Cleaner" daemon [_thread_blocked, id=23811, stack(0x000000016cd38000,0x000000016cf3b000)]
  0x0000000c94ab4000 JavaThread "Daemon health stats" [_thread_blocked, id=26627, stack(0x000000016db8c000,0x000000016dd8f000)]
  0x0000000c94ab6000 JavaThread "Incoming local TCP Connector on port 58323" [_thread_in_native, id=27139, stack(0x000000016dd98000,0x000000016df9b000)]
  0x0000000c926f5000 JavaThread "Daemon periodic checks" [_thread_blocked, id=27651, stack(0x000000016dfa4000,0x000000016e1a7000)]
  0x0000000c926f6000 JavaThread "Daemon" [_thread_blocked, id=28931, stack(0x000000016e1b0000,0x000000016e3b3000)]
  0x0000000c926f7000 JavaThread "Handler for socket connection from /127.0.0.1:58323 to /127.0.0.1:58324" [_thread_in_native, id=28419, stack(0x000000016e3bc000,0x000000016e5bf000)]
  0x0000000c92705000 JavaThread "Cancel handler" [_thread_blocked, id=43011, stack(0x000000016e5c8000,0x000000016e7cb000)]
  0x0000000c92706000 JavaThread "Daemon worker" [_thread_blocked, id=33283, stack(0x000000016e7d4000,0x000000016e9d7000)]
  0x0000000c94ab7000 JavaThread "Asynchronous log dispatcher for DefaultDaemonConnection: socket connection from /127.0.0.1:58323 to /127.0.0.1:58324" [_thread_blocked, id=42243, stack(0x000000016e9e0000,0x000000016ebe3000)]
  0x0000000c92718000 JavaThread "Stdin handler" [_thread_blocked, id=41987, stack(0x000000016ebec000,0x000000016edef000)]
  0x0000000c92719000 JavaThread "Daemon client event forwarder" [_thread_blocked, id=34307, stack(0x000000016edf8000,0x000000016effb000)]
  0x0000000c9271b000 JavaThread "Cache worker for journal cache (/Users/sav/.gradle/caches/journal-1)" [_thread_blocked, id=39939, stack(0x000000016f834000,0x000000016fa37000)]
  0x0000000c92707000 JavaThread "File lock request listener" [_thread_in_native, id=36099, stack(0x000000016fa40000,0x000000016fc43000)]
  0x0000000c91814000 JavaThread "Cache worker for file hash cache (/Users/sav/.gradle/caches/8.5/fileHashes)" [_thread_blocked, id=39427, stack(0x000000016fc4c000,0x000000016fe4f000)]
  0x0000000c91815000 JavaThread "File watcher server" daemon [_thread_in_native, id=37123, stack(0x000000016fe58000,0x000000017005b000)]
  0x0000000c91817000 JavaThread "File watcher consumer" daemon [_thread_blocked, id=38403, stack(0x0000000170064000,0x0000000170267000)]
  0x0000000c91816000 JavaThread "Cache worker for checksums cache (/Users/sav/Documents/GitHub/Sav22999/sav-pdf-viewer-pro/.gradle/8.5/checksums)" [_thread_blocked, id=65283, stack(0x0000000170270000,0x0000000170473000)]
  0x0000000c91528000 JavaThread "Cache worker for file hash cache (/Users/sav/Documents/GitHub/Sav22999/sav-pdf-viewer-pro/.gradle/8.5/fileHashes)" [_thread_blocked, id=64771, stack(0x000000017047c000,0x000000017067f000)]
  0x0000000c91529000 JavaThread "Cache worker for cache directory md-supplier (/Users/sav/.gradle/caches/8.5/md-supplier)" [_thread_blocked, id=64259, stack(0x0000000170688000,0x000000017088b000)]
  0x0000000c9152a000 JavaThread "Cache worker for cache directory md-rule (/Users/sav/.gradle/caches/8.5/md-rule)" [_thread_blocked, id=63747, stack(0x0000000170894000,0x0000000170a97000)]
  0x0000000c9152b000 JavaThread "Cache worker for file content cache (/Users/sav/.gradle/caches/8.5/fileContent)" [_thread_blocked, id=63235, stack(0x0000000170aa0000,0x0000000170ca3000)]
  0x0000000c91108000 JavaThread "Cache worker for execution history cache (/Users/sav/.gradle/caches/8.5/executionHistory)" [_thread_blocked, id=62979, stack(0x0000000170cac000,0x0000000170eaf000)]
  0x0000000c9120a000 JavaThread "Cache worker for kotlin-dsl (/Users/sav/.gradle/caches/8.5/kotlin-dsl)" [_thread_blocked, id=62723, stack(0x0000000170eb8000,0x00000001710bb000)]
  0x0000000c91209000 JavaThread "jar transforms" [_thread_blocked, id=46339, stack(0x00000001710c4000,0x00000001712c7000)]
  0x0000000c912a4000 JavaThread "jar transforms Thread 2" [_thread_blocked, id=46851, stack(0x00000001712d0000,0x00000001714d3000)]
  0x0000000c912a5000 JavaThread "Cache worker for dependencies-accessors (/Users/sav/Documents/GitHub/Sav22999/sav-pdf-viewer-pro/.gradle/8.5/dependencies-accessors)" [_thread_blocked, id=61699, stack(0x00000001714dc000,0x00000001716df000)]
  0x0000000c912a7000 JavaThread "Cache worker for Build Output Cleanup Cache (/Users/sav/Documents/GitHub/Sav22999/sav-pdf-viewer-pro/.gradle/buildOutputCleanup)" [_thread_blocked, id=61187, stack(0x00000001716e8000,0x00000001718eb000)]
  0x0000000c9110b000 JavaThread "jar transforms Thread 3" [_thread_blocked, id=48131, stack(0x00000001718f4000,0x0000000171af7000)]
  0x0000000c913bc000 JavaThread "jar transforms Thread 4" [_thread_blocked, id=48643, stack(0x0000000171b00000,0x0000000171d03000)]
  0x0000000c913be000 JavaThread "Unconstrained build operations" [_thread_blocked, id=60419, stack(0x0000000171d0c000,0x0000000171f0f000)]
  0x0000000c912a6000 JavaThread "Unconstrained build operations Thread 2" [_thread_blocked, id=49411, stack(0x0000000171f18000,0x000000017211b000)]
  0x0000000c908a8000 JavaThread "Unconstrained build operations Thread 3" [_thread_blocked, id=49923, stack(0x0000000172124000,0x0000000172327000)]
  0x0000000c908a9000 JavaThread "Unconstrained build operations Thread 4" [_thread_blocked, id=50179, stack(0x0000000172330000,0x0000000172533000)]
  0x0000000c908aa000 JavaThread "Unconstrained build operations Thread 5" [_thread_blocked, id=58883, stack(0x000000017253c000,0x000000017273f000)]
  0x0000000c908ab000 JavaThread "Unconstrained build operations Thread 6" [_thread_blocked, id=58371, stack(0x0000000172748000,0x000000017294b000)]
  0x0000000c908b0000 JavaThread "Unconstrained build operations Thread 7" [_thread_blocked, id=51459, stack(0x0000000172954000,0x0000000172b57000)]
  0x0000000c908b1000 JavaThread "Unconstrained build operations Thread 8" [_thread_blocked, id=58115, stack(0x0000000172b60000,0x0000000172d63000)]
  0x0000000c908b2000 JavaThread "Unconstrained build operations Thread 9" [_thread_blocked, id=52483, stack(0x0000000172d6c000,0x0000000172f6f000)]
  0x0000000c913bf000 JavaThread "jar transforms Thread 5" [_thread_blocked, id=53251, stack(0x0000000172f78000,0x000000017317b000)]
  0x0000000c916a9000 JavaThread "jar transforms Thread 6" [_thread_blocked, id=57347, stack(0x0000000173184000,0x0000000173387000)]
  0x0000000c916aa000 JavaThread "jar transforms Thread 7" [_thread_blocked, id=54019, stack(0x0000000173390000,0x0000000173593000)]
  0x0000000c908c0000 JavaThread "jar transforms Thread 8" [_thread_blocked, id=56579, stack(0x000000017359c000,0x000000017379f000)]
  0x0000000c908c1000 JavaThread "jar transforms Thread 9" [_thread_blocked, id=55811, stack(0x00000001737a8000,0x00000001739ab000)]
  0x0000000c908c2000 JavaThread "jar transforms Thread 10" [_thread_blocked, id=55043, stack(0x00000001739b4000,0x0000000173bb7000)]
  0x0000000c90b6d000 JavaThread "Memory manager" [_thread_blocked, id=65539, stack(0x0000000173bc0000,0x0000000173dc3000)]
  0x0000000c8fd81000 JavaThread "pool-3-thread-1" [_thread_blocked, id=86787, stack(0x0000000173dcc000,0x0000000173fcf000)]
  0x0000000c8fd82000 JavaThread "build event listener" [_thread_blocked, id=66051, stack(0x0000000173fd8000,0x00000001741db000)]
  0x0000000c8fd83000 JavaThread "included builds" [_thread_blocked, id=66307, stack(0x00000001741e4000,0x00000001743e7000)]
  0x0000000c90686000 JavaThread "Execution worker" [_thread_blocked, id=85507, stack(0x00000001743f0000,0x00000001745f3000)]
  0x0000000c8fe04000 JavaThread "Execution worker Thread 2" [_thread_blocked, id=84739, stack(0x00000001745fc000,0x00000001747ff000)]
  0x0000000c8fe05000 JavaThread "Execution worker Thread 3" [_thread_blocked, id=84483, stack(0x0000000174808000,0x0000000174a0b000)]
  0x0000000c8fe06000 JavaThread "Execution worker Thread 4" [_thread_blocked, id=83715, stack(0x0000000174a14000,0x0000000174c17000)]
  0x0000000c8fe07000 JavaThread "Execution worker Thread 5" [_thread_blocked, id=67843, stack(0x0000000174c20000,0x0000000174e23000)]
  0x0000000c8f810000 JavaThread "Execution worker Thread 6" [_thread_blocked, id=83203, stack(0x0000000174e2c000,0x000000017502f000)]
  0x0000000c8f811000 JavaThread "Execution worker Thread 7" [_thread_blocked, id=82947, stack(0x0000000175038000,0x000000017523b000)]
  0x0000000c8f812000 JavaThread "Execution worker Thread 8" [_thread_blocked, id=82435, stack(0x0000000175244000,0x0000000175447000)]
  0x0000000c8f813000 JavaThread "Execution worker Thread 9" [_thread_blocked, id=69635, stack(0x0000000175450000,0x0000000175653000)]
  0x0000000c8f814000 JavaThread "Cache worker for execution history cache (/Users/sav/Documents/GitHub/Sav22999/sav-pdf-viewer-pro/.gradle/8.5/executionHistory)" [_thread_blocked, id=81667, stack(0x000000017565c000,0x000000017585f000)]
  0x0000000c8feac000 JavaThread "Unconstrained build operations Thread 10" [_thread_blocked, id=80387, stack(0x0000000175868000,0x0000000175a6b000)]
  0x0000000c8feae000 JavaThread "Unconstrained build operations Thread 11" [_thread_blocked, id=70915, stack(0x0000000175a74000,0x0000000175c77000)]
  0x0000000c8feaf000 JavaThread "Unconstrained build operations Thread 12" [_thread_blocked, id=79363, stack(0x0000000175c80000,0x0000000175e83000)]
  0x0000000c8f817000 JavaThread "Unconstrained build operations Thread 13" [_thread_blocked, id=71683, stack(0x0000000175e8c000,0x000000017608f000)]
  0x0000000c8f844000 JavaThread "Unconstrained build operations Thread 14" [_thread_blocked, id=78595, stack(0x0000000176098000,0x000000017629b000)]
=>0x0000000c8f845000 JavaThread "Unconstrained build operations Thread 15" [_thread_in_vm, id=77827, stack(0x00000001762a4000,0x00000001764a7000)]
  0x0000000c8f846000 JavaThread "Unconstrained build operations Thread 16" [_thread_blocked, id=72707, stack(0x00000001764b0000,0x00000001766b3000)]
  0x0000000c8f847000 JavaThread "Unconstrained build operations Thread 17" [_thread_blocked, id=73219, stack(0x00000001766bc000,0x00000001768bf000)]
  0x0000000c8feb0000 JavaThread "Unconstrained build operations Thread 18" [_thread_blocked, id=73731, stack(0x00000001768c8000,0x0000000176acb000)]

Other Threads:
  0x0000000c95038000 VMThread "VM Thread" [stack: 0x000000016bbc0000,0x000000016bdc3000] [id=16643]
  0x0000000c95039800 WatcherThread [stack: 0x000000016cf44000,0x000000016d147000] [id=24323]
  0x0000000c95448000 GCTaskThread "GC Thread#0" [stack: 0x000000016b184000,0x000000016b387000] [id=11267]
  0x0000000c9503b000 GCTaskThread "GC Thread#1" [stack: 0x000000016d150000,0x000000016d353000] [id=30467]
  0x0000000c95684000 GCTaskThread "GC Thread#2" [stack: 0x000000016d35c000,0x000000016d55f000] [id=24835]
  0x0000000c95685000 GCTaskThread "GC Thread#3" [stack: 0x000000016d568000,0x000000016d76b000] [id=30211]
  0x0000000c95685800 GCTaskThread "GC Thread#4" [stack: 0x000000016d774000,0x000000016d977000] [id=29955]
  0x0000000c95686800 GCTaskThread "GC Thread#5" [stack: 0x000000016d980000,0x000000016db83000] [id=25859]
  0x0000000c95db8000 GCTaskThread "GC Thread#6" [stack: 0x000000016f004000,0x000000016f207000] [id=34563]
  0x0000000c95db9000 GCTaskThread "GC Thread#7" [stack: 0x000000016f210000,0x000000016f413000] [id=34819]
  0x0000000c95db9800 GCTaskThread "GC Thread#8" [stack: 0x000000016f41c000,0x000000016f61f000] [id=35075]
  0x0000000c95449000 ConcurrentGCThread "G1 Main Marker" [stack: 0x000000016b390000,0x000000016b593000] [id=14595]
  0x0000000c95449800 ConcurrentGCThread "G1 Conc#0" [stack: 0x000000016b59c000,0x000000016b79f000] [id=12035]
  0x0000000c95dba800 ConcurrentGCThread "G1 Conc#1" [stack: 0x000000016f628000,0x000000016f82b000] [id=40451]
  0x0000000c9544a800 ConcurrentGCThread "G1 Refine#0" [stack: 0x000000016b7a8000,0x000000016b9ab000] [id=13827]
  0x0000000c9544b000 ConcurrentGCThread "G1 Young RemSet Sampling" [stack: 0x000000016b9b4000,0x000000016bbb7000] [id=12291]

Threads with active compile tasks:
C2 CompilerThread0     6249 8945       4       org.gradle.model.internal.asm.ClassVisitorScope::addMethod (34 bytes)
C1 CompilerThread0     6249 10199       2       sun.nio.fs.UnixPath::isAbsolute (25 bytes)

VM state:synchronizing (normal execution)

VM Mutex/Monitor currently owned by a thread:  ([mutex/lock_event])
[0x0000000c9480d800] Threads_lock - owner thread: 0x0000000c95038000

Heap address: 0x0000000740000000, size: 2048 MB, Compressed Oops mode: Zero based, Oop shift amount: 3
Narrow klass base: 0x0000000800000000, Narrow klass shift: 0
Compressed class space size: 1073741824 Address: 0x0000000800000000

Heap:
 garbage-first heap   total 315392K, used 195414K [0x0000000740000000, 0x00000007c0000000)
  region size 1024K, 125 young (128000K), 13 survivors (13312K)
 Metaspace       used 95808K, capacity 98693K, committed 99008K, reserved 1134592K
  class space    used 12895K, capacity 14074K, committed 14144K, reserved 1048576K
Heap Regions: E=young(eden), S=young(survivor), O=old, HS=humongous(starts), HC=humongous(continues), CS=collection set, F=free, A=archive, TAMS=top-at-mark-start (previous, next)
|   0|0x0000000740000000, 0x0000000740100000, 0x0000000740100000|100%|HS|  |TAMS 0x0000000740100000, 0x0000000740000000| Complete 
|   1|0x0000000740100000, 0x0000000740200000, 0x0000000740200000|100%|HC|  |TAMS 0x0000000740200000, 0x0000000740100000| Complete 
|   2|0x0000000740200000, 0x0000000740300000, 0x0000000740300000|100%|HC|  |TAMS 0x0000000740300000, 0x0000000740200000| Complete 
|   3|0x0000000740300000, 0x0000000740400000, 0x0000000740400000|100%|HC|  |TAMS 0x0000000740400000, 0x0000000740300000| Complete 
|   4|0x0000000740400000, 0x0000000740500000, 0x0000000740500000|100%| O|  |TAMS 0x0000000740500000, 0x0000000740400000| Untracked 
|   5|0x0000000740500000, 0x0000000740600000, 0x0000000740600000|100%| O|  |TAMS 0x0000000740600000, 0x0000000740500000| Untracked 
|   6|0x0000000740600000, 0x0000000740700000, 0x0000000740700000|100%| O|  |TAMS 0x0000000740700000, 0x0000000740600000| Untracked 
|   7|0x0000000740700000, 0x0000000740800000, 0x0000000740800000|100%| O|  |TAMS 0x0000000740800000, 0x0000000740700000| Untracked 
|   8|0x0000000740800000, 0x0000000740900000, 0x0000000740900000|100%| O|  |TAMS 0x0000000740900000, 0x0000000740800000| Untracked 
|   9|0x0000000740900000, 0x0000000740a00000, 0x0000000740a00000|100%| O|  |TAMS 0x0000000740a00000, 0x0000000740900000| Untracked 
|  10|0x0000000740a00000, 0x0000000740b00000, 0x0000000740b00000|100%| O|  |TAMS 0x0000000740b00000, 0x0000000740a00000| Untracked 
|  11|0x0000000740b00000, 0x0000000740c00000, 0x0000000740c00000|100%| O|  |TAMS 0x0000000740c00000, 0x0000000740b00000| Untracked 
|  12|0x0000000740c00000, 0x0000000740d00000, 0x0000000740d00000|100%| O|  |TAMS 0x0000000740d00000, 0x0000000740c00000| Untracked 
|  13|0x0000000740d00000, 0x0000000740e00000, 0x0000000740e00000|100%| O|  |TAMS 0x0000000740e00000, 0x0000000740d00000| Untracked 
|  14|0x0000000740e00000, 0x0000000740f00000, 0x0000000740f00000|100%| O|  |TAMS 0x0000000740f00000, 0x0000000740e00000| Untracked 
|  15|0x0000000740f00000, 0x0000000741000000, 0x0000000741000000|100%| O|  |TAMS 0x0000000741000000, 0x0000000740f00000| Untracked 
|  16|0x0000000741000000, 0x0000000741100000, 0x0000000741100000|100%| O|  |TAMS 0x0000000741100000, 0x0000000741000000| Untracked 
|  17|0x0000000741100000, 0x0000000741200000, 0x0000000741200000|100%| O|  |TAMS 0x0000000741200000, 0x0000000741100000| Untracked 
|  18|0x0000000741200000, 0x0000000741300000, 0x0000000741300000|100%| O|  |TAMS 0x0000000741300000, 0x0000000741200000| Untracked 
|  19|0x0000000741300000, 0x0000000741400000, 0x0000000741400000|100%| O|  |TAMS 0x0000000741400000, 0x0000000741300000| Untracked 
|  20|0x0000000741400000, 0x0000000741500000, 0x0000000741500000|100%| O|  |TAMS 0x0000000741500000, 0x0000000741400000| Untracked 
|  21|0x0000000741500000, 0x0000000741600000, 0x0000000741600000|100%| O|  |TAMS 0x0000000741600000, 0x0000000741500000| Untracked 
|  22|0x0000000741600000, 0x0000000741700000, 0x0000000741700000|100%| O|  |TAMS 0x0000000741700000, 0x0000000741600000| Untracked 
|  23|0x0000000741700000, 0x0000000741800000, 0x0000000741800000|100%| O|  |TAMS 0x0000000741800000, 0x0000000741700000| Untracked 
|  24|0x0000000741800000, 0x0000000741900000, 0x0000000741900000|100%|HS|  |TAMS 0x0000000741900000, 0x0000000741800000| Complete 
|  25|0x0000000741900000, 0x0000000741a00000, 0x0000000741a00000|100%|HS|  |TAMS 0x0000000741a00000, 0x0000000741900000| Complete 
|  26|0x0000000741a00000, 0x0000000741b00000, 0x0000000741b00000|100%|HC|  |TAMS 0x0000000741b00000, 0x0000000741a00000| Complete 
|  27|0x0000000741b00000, 0x0000000741c00000, 0x0000000741c00000|100%|HS|  |TAMS 0x0000000741c00000, 0x0000000741b00000| Complete 
|  28|0x0000000741c00000, 0x0000000741d00000, 0x0000000741d00000|100%|HS|  |TAMS 0x0000000741d00000, 0x0000000741c00000| Complete 
|  29|0x0000000741d00000, 0x0000000741e00000, 0x0000000741e00000|100%|HC|  |TAMS 0x0000000741e00000, 0x0000000741d00000| Complete 
|  30|0x0000000741e00000, 0x0000000741f00000, 0x0000000741f00000|100%|HC|  |TAMS 0x0000000741f00000, 0x0000000741e00000| Complete 
|  31|0x0000000741f00000, 0x0000000742000000, 0x0000000742000000|100%|HC|  |TAMS 0x0000000742000000, 0x0000000741f00000| Complete 
|  32|0x0000000742000000, 0x0000000742100000, 0x0000000742100000|100%| O|  |TAMS 0x0000000742000000, 0x0000000742000000| Untracked 
|  33|0x0000000742100000, 0x0000000742200000, 0x0000000742200000|100%|HS|  |TAMS 0x0000000742200000, 0x0000000742100000| Complete 
|  34|0x0000000742200000, 0x0000000742300000, 0x0000000742300000|100%|HS|  |TAMS 0x0000000742300000, 0x0000000742200000| Complete 
|  35|0x0000000742300000, 0x0000000742400000, 0x0000000742400000|100%|HC|  |TAMS 0x0000000742400000, 0x0000000742300000| Complete 
|  36|0x0000000742400000, 0x0000000742500000, 0x0000000742500000|100%| O|  |TAMS 0x0000000742500000, 0x0000000742400000| Untracked 
|  37|0x0000000742500000, 0x0000000742600000, 0x0000000742600000|100%| O|  |TAMS 0x0000000742600000, 0x0000000742500000| Untracked 
|  38|0x0000000742600000, 0x0000000742700000, 0x0000000742700000|100%| O|  |TAMS 0x0000000742700000, 0x0000000742600000| Untracked 
|  39|0x0000000742700000, 0x0000000742800000, 0x0000000742800000|100%| O|  |TAMS 0x0000000742800000, 0x0000000742700000| Untracked 
|  40|0x0000000742800000, 0x0000000742900000, 0x0000000742900000|100%| O|  |TAMS 0x0000000742900000, 0x0000000742800000| Untracked 
|  41|0x0000000742900000, 0x0000000742a00000, 0x0000000742a00000|100%| O|  |TAMS 0x0000000742a00000, 0x0000000742900000| Untracked 
|  42|0x0000000742a00000, 0x0000000742b00000, 0x0000000742b00000|100%|HS|  |TAMS 0x0000000742a00000, 0x0000000742a00000| Complete 
|  43|0x0000000742b00000, 0x0000000742c00000, 0x0000000742c00000|100%|HC|  |TAMS 0x0000000742b00000, 0x0000000742b00000| Complete 
|  44|0x0000000742c00000, 0x0000000742d00000, 0x0000000742d00000|100%|HC|  |TAMS 0x0000000742c00000, 0x0000000742c00000| Complete 
|  45|0x0000000742d00000, 0x0000000742e00000, 0x0000000742e00000|100%|HC|  |TAMS 0x0000000742d00000, 0x0000000742d00000| Complete 
|  46|0x0000000742e00000, 0x0000000742f00000, 0x0000000742f00000|100%| O|  |TAMS 0x0000000742e00000, 0x0000000742e00000| Untracked 
|  47|0x0000000742f00000, 0x0000000743000000, 0x0000000743000000|100%| O|  |TAMS 0x0000000742f00000, 0x0000000742f00000| Untracked 
|  48|0x0000000743000000, 0x0000000743100000, 0x0000000743100000|100%| O|  |TAMS 0x0000000743100000, 0x0000000743000000| Untracked 
|  49|0x0000000743100000, 0x0000000743200000, 0x0000000743200000|100%| O|  |TAMS 0x0000000743200000, 0x0000000743100000| Untracked 
|  50|0x0000000743200000, 0x0000000743300000, 0x0000000743300000|100%| O|  |TAMS 0x0000000743300000, 0x0000000743200000| Untracked 
|  51|0x0000000743300000, 0x0000000743400000, 0x0000000743400000|100%| O|  |TAMS 0x0000000743400000, 0x0000000743300000| Untracked 
|  52|0x0000000743400000, 0x0000000743500000, 0x0000000743500000|100%| O|  |TAMS 0x0000000743500000, 0x0000000743400000| Untracked 
|  53|0x0000000743500000, 0x0000000743600000, 0x0000000743600000|100%| O|  |TAMS 0x0000000743600000, 0x0000000743500000| Untracked 
|  54|0x0000000743600000, 0x0000000743700000, 0x0000000743700000|100%| O|  |TAMS 0x0000000743700000, 0x0000000743600000| Untracked 
|  55|0x0000000743700000, 0x0000000743800000, 0x0000000743800000|100%| O|  |TAMS 0x0000000743800000, 0x0000000743700000| Untracked 
|  56|0x0000000743800000, 0x0000000743900000, 0x0000000743900000|100%| O|  |TAMS 0x0000000743900000, 0x0000000743800000| Untracked 
|  57|0x0000000743900000, 0x0000000743a00000, 0x0000000743a00000|100%| O|  |TAMS 0x0000000743a00000, 0x0000000743900000| Untracked 
|  58|0x0000000743a00000, 0x0000000743b00000, 0x0000000743b00000|100%| O|  |TAMS 0x0000000743b00000, 0x0000000743a00000| Untracked 
|  59|0x0000000743b00000, 0x0000000743c00000, 0x0000000743c00000|100%| O|  |TAMS 0x0000000743c00000, 0x0000000743b00000| Untracked 
|  60|0x0000000743c00000, 0x0000000743d00000, 0x0000000743d00000|100%| O|  |TAMS 0x0000000743d00000, 0x0000000743c00000| Untracked 
|  61|0x0000000743d00000, 0x0000000743e00000, 0x0000000743e00000|100%| O|  |TAMS 0x0000000743e00000, 0x0000000743d00000| Untracked 
|  62|0x0000000743e00000, 0x0000000743f00000, 0x0000000743f00000|100%| O|  |TAMS 0x0000000743f00000, 0x0000000743e00000| Untracked 
|  63|0x0000000743f00000, 0x0000000744000000, 0x0000000744000000|100%| O|  |TAMS 0x0000000743f38c00, 0x0000000743f00000| Untracked 
|  64|0x0000000744000000, 0x0000000744100000, 0x0000000744100000|100%| O|  |TAMS 0x0000000744000000, 0x0000000744000000| Untracked 
|  65|0x0000000744100000, 0x0000000744200000, 0x0000000744200000|100%| O|  |TAMS 0x0000000744100000, 0x0000000744100000| Untracked 
|  66|0x0000000744200000, 0x0000000744300000, 0x0000000744300000|100%| O|  |TAMS 0x0000000744200000, 0x0000000744200000| Untracked 
|  67|0x0000000744300000, 0x0000000744400000, 0x0000000744400000|100%| O|  |TAMS 0x0000000744300000, 0x0000000744300000| Untracked 
|  68|0x0000000744400000, 0x0000000744416c00, 0x0000000744500000|  8%| O|  |TAMS 0x0000000744400000, 0x0000000744400000| Untracked 
|  69|0x0000000744500000, 0x0000000744500000, 0x0000000744600000|  0%| F|  |TAMS 0x0000000744500000, 0x0000000744500000| Untracked 
|  70|0x0000000744600000, 0x0000000744600000, 0x0000000744700000|  0%| F|  |TAMS 0x0000000744600000, 0x0000000744600000| Untracked 
|  71|0x0000000744700000, 0x0000000744700000, 0x0000000744800000|  0%| F|  |TAMS 0x0000000744700000, 0x0000000744700000| Untracked 
|  72|0x0000000744800000, 0x0000000744800000, 0x0000000744900000|  0%| F|  |TAMS 0x0000000744800000, 0x0000000744800000| Untracked 
|  73|0x0000000744900000, 0x0000000744900000, 0x0000000744a00000|  0%| F|  |TAMS 0x0000000744900000, 0x0000000744900000| Untracked 
|  74|0x0000000744a00000, 0x0000000744a00000, 0x0000000744b00000|  0%| F|  |TAMS 0x0000000744a00000, 0x0000000744a00000| Untracked 
|  75|0x0000000744b00000, 0x0000000744b00000, 0x0000000744c00000|  0%| F|  |TAMS 0x0000000744b00000, 0x0000000744b00000| Untracked 
|  76|0x0000000744c00000, 0x0000000744c00000, 0x0000000744d00000|  0%| F|  |TAMS 0x0000000744c00000, 0x0000000744c00000| Untracked 
|  77|0x0000000744d00000, 0x0000000744d00000, 0x0000000744e00000|  0%| F|  |TAMS 0x0000000744d00000, 0x0000000744d00000| Untracked 
|  78|0x0000000744e00000, 0x0000000744e00000, 0x0000000744f00000|  0%| F|  |TAMS 0x0000000744e00000, 0x0000000744e00000| Untracked 
|  79|0x0000000744f00000, 0x0000000744f00000, 0x0000000745000000|  0%| F|  |TAMS 0x0000000744f00000, 0x0000000744f00000| Untracked 
|  80|0x0000000745000000, 0x0000000745000000, 0x0000000745100000|  0%| F|  |TAMS 0x0000000745000000, 0x0000000745000000| Untracked 
|  81|0x0000000745100000, 0x0000000745100000, 0x0000000745200000|  0%| F|  |TAMS 0x0000000745100000, 0x0000000745100000| Untracked 
|  82|0x0000000745200000, 0x0000000745200000, 0x0000000745300000|  0%| F|  |TAMS 0x0000000745200000, 0x0000000745200000| Untracked 
|  83|0x0000000745300000, 0x0000000745300000, 0x0000000745400000|  0%| F|  |TAMS 0x0000000745300000, 0x0000000745300000| Untracked 
|  84|0x0000000745400000, 0x0000000745400000, 0x0000000745500000|  0%| F|  |TAMS 0x0000000745400000, 0x0000000745400000| Untracked 
|  85|0x0000000745500000, 0x0000000745500000, 0x0000000745600000|  0%| F|  |TAMS 0x0000000745500000, 0x0000000745500000| Untracked 
|  86|0x0000000745600000, 0x0000000745600000, 0x0000000745700000|  0%| F|  |TAMS 0x0000000745600000, 0x0000000745600000| Untracked 
|  87|0x0000000745700000, 0x0000000745700000, 0x0000000745800000|  0%| F|  |TAMS 0x0000000745700000, 0x0000000745700000| Untracked 
|  88|0x0000000745800000, 0x0000000745800000, 0x0000000745900000|  0%| F|  |TAMS 0x0000000745800000, 0x0000000745800000| Untracked 
|  89|0x0000000745900000, 0x0000000745900000, 0x0000000745a00000|  0%| F|  |TAMS 0x0000000745900000, 0x0000000745900000| Untracked 
|  90|0x0000000745a00000, 0x0000000745a00000, 0x0000000745b00000|  0%| F|  |TAMS 0x0000000745a00000, 0x0000000745a00000| Untracked 
|  91|0x0000000745b00000, 0x0000000745b00000, 0x0000000745c00000|  0%| F|  |TAMS 0x0000000745b00000, 0x0000000745b00000| Untracked 
|  92|0x0000000745c00000, 0x0000000745c00000, 0x0000000745d00000|  0%| F|  |TAMS 0x0000000745c00000, 0x0000000745c00000| Untracked 
|  93|0x0000000745d00000, 0x0000000745d00000, 0x0000000745e00000|  0%| F|  |TAMS 0x0000000745d00000, 0x0000000745d00000| Untracked 
|  94|0x0000000745e00000, 0x0000000745e00000, 0x0000000745f00000|  0%| F|  |TAMS 0x0000000745e00000, 0x0000000745e00000| Untracked 
|  95|0x0000000745f00000, 0x0000000745f00000, 0x0000000746000000|  0%| F|  |TAMS 0x0000000745f00000, 0x0000000745f00000| Untracked 
|  96|0x0000000746000000, 0x0000000746000000, 0x0000000746100000|  0%| F|  |TAMS 0x0000000746000000, 0x0000000746000000| Untracked 
|  97|0x0000000746100000, 0x0000000746100000, 0x0000000746200000|  0%| F|  |TAMS 0x0000000746100000, 0x0000000746100000| Untracked 
|  98|0x0000000746200000, 0x0000000746200000, 0x0000000746300000|  0%| F|  |TAMS 0x0000000746200000, 0x0000000746200000| Untracked 
|  99|0x0000000746300000, 0x0000000746300000, 0x0000000746400000|  0%| F|  |TAMS 0x0000000746300000, 0x0000000746300000| Untracked 
| 100|0x0000000746400000, 0x0000000746400000, 0x0000000746500000|  0%| F|  |TAMS 0x0000000746400000, 0x0000000746400000| Untracked 
| 101|0x0000000746500000, 0x0000000746500000, 0x0000000746600000|  0%| F|  |TAMS 0x0000000746500000, 0x0000000746500000| Untracked 
| 102|0x0000000746600000, 0x0000000746600000, 0x0000000746700000|  0%| F|  |TAMS 0x0000000746600000, 0x0000000746600000| Untracked 
| 103|0x0000000746700000, 0x0000000746700000, 0x0000000746800000|  0%| F|  |TAMS 0x0000000746700000, 0x0000000746700000| Untracked 
| 104|0x0000000746800000, 0x0000000746800000, 0x0000000746900000|  0%| F|  |TAMS 0x0000000746800000, 0x0000000746800000| Untracked 
| 105|0x0000000746900000, 0x0000000746900000, 0x0000000746a00000|  0%| F|  |TAMS 0x0000000746900000, 0x0000000746900000| Untracked 
| 106|0x0000000746a00000, 0x0000000746a00000, 0x0000000746b00000|  0%| F|  |TAMS 0x0000000746a00000, 0x0000000746a00000| Untracked 
| 107|0x0000000746b00000, 0x0000000746b00000, 0x0000000746c00000|  0%| F|  |TAMS 0x0000000746b00000, 0x0000000746b00000| Untracked 
| 108|0x0000000746c00000, 0x0000000746c00000, 0x0000000746d00000|  0%| F|  |TAMS 0x0000000746c00000, 0x0000000746c00000| Untracked 
| 109|0x0000000746d00000, 0x0000000746d00000, 0x0000000746e00000|  0%| F|  |TAMS 0x0000000746d00000, 0x0000000746d00000| Untracked 
| 110|0x0000000746e00000, 0x0000000746e00000, 0x0000000746f00000|  0%| F|  |TAMS 0x0000000746e00000, 0x0000000746e00000| Untracked 
| 111|0x0000000746f00000, 0x0000000746f00000, 0x0000000747000000|  0%| F|  |TAMS 0x0000000746f00000, 0x0000000746f00000| Untracked 
| 112|0x0000000747000000, 0x0000000747000000, 0x0000000747100000|  0%| F|  |TAMS 0x0000000747000000, 0x0000000747000000| Untracked 
| 113|0x0000000747100000, 0x0000000747100000, 0x0000000747200000|  0%| F|  |TAMS 0x0000000747100000, 0x0000000747100000| Untracked 
| 114|0x0000000747200000, 0x0000000747200000, 0x0000000747300000|  0%| F|  |TAMS 0x0000000747200000, 0x0000000747200000| Untracked 
| 115|0x0000000747300000, 0x0000000747300000, 0x0000000747400000|  0%| F|  |TAMS 0x0000000747300000, 0x0000000747300000| Untracked 
| 116|0x0000000747400000, 0x0000000747400000, 0x0000000747500000|  0%| F|  |TAMS 0x0000000747400000, 0x0000000747400000| Untracked 
| 117|0x0000000747500000, 0x0000000747500000, 0x0000000747600000|  0%| F|  |TAMS 0x0000000747500000, 0x0000000747500000| Untracked 
| 118|0x0000000747600000, 0x0000000747600000, 0x0000000747700000|  0%| F|  |TAMS 0x0000000747600000, 0x0000000747600000| Untracked 
| 119|0x0000000747700000, 0x0000000747700000, 0x0000000747800000|  0%| F|  |TAMS 0x0000000747700000, 0x0000000747700000| Untracked 
| 120|0x0000000747800000, 0x0000000747800000, 0x0000000747900000|  0%| F|  |TAMS 0x0000000747800000, 0x0000000747800000| Untracked 
| 121|0x0000000747900000, 0x0000000747900000, 0x0000000747a00000|  0%| F|  |TAMS 0x0000000747900000, 0x0000000747900000| Untracked 
| 122|0x0000000747a00000, 0x0000000747a00000, 0x0000000747b00000|  0%| F|  |TAMS 0x0000000747a00000, 0x0000000747a00000| Untracked 
| 123|0x0000000747b00000, 0x0000000747b00000, 0x0000000747c00000|  0%| F|  |TAMS 0x0000000747b00000, 0x0000000747b00000| Untracked 
| 124|0x0000000747c00000, 0x0000000747c00000, 0x0000000747d00000|  0%| F|  |TAMS 0x0000000747c00000, 0x0000000747c00000| Untracked 
| 125|0x0000000747d00000, 0x0000000747d00000, 0x0000000747e00000|  0%| F|  |TAMS 0x0000000747d00000, 0x0000000747d00000| Untracked 
| 126|0x0000000747e00000, 0x0000000747e00000, 0x0000000747f00000|  0%| F|  |TAMS 0x0000000747e00000, 0x0000000747e00000| Untracked 
| 127|0x0000000747f00000, 0x0000000747f00000, 0x0000000748000000|  0%| F|  |TAMS 0x0000000747f00000, 0x0000000747f00000| Untracked 
| 128|0x0000000748000000, 0x0000000748000000, 0x0000000748100000|  0%| F|  |TAMS 0x0000000748000000, 0x0000000748000000| Untracked 
| 129|0x0000000748100000, 0x0000000748100000, 0x0000000748200000|  0%| F|  |TAMS 0x0000000748100000, 0x0000000748100000| Untracked 
| 130|0x0000000748200000, 0x0000000748200000, 0x0000000748300000|  0%| F|  |TAMS 0x0000000748200000, 0x0000000748200000| Untracked 
| 131|0x0000000748300000, 0x0000000748300000, 0x0000000748400000|  0%| F|  |TAMS 0x0000000748300000, 0x0000000748300000| Untracked 
| 132|0x0000000748400000, 0x0000000748400000, 0x0000000748500000|  0%| F|  |TAMS 0x0000000748400000, 0x0000000748400000| Untracked 
| 133|0x0000000748500000, 0x0000000748500000, 0x0000000748600000|  0%| F|  |TAMS 0x0000000748500000, 0x0000000748500000| Untracked 
| 134|0x0000000748600000, 0x0000000748600000, 0x0000000748700000|  0%| F|  |TAMS 0x0000000748600000, 0x0000000748600000| Untracked 
| 135|0x0000000748700000, 0x0000000748700000, 0x0000000748800000|  0%| F|  |TAMS 0x0000000748700000, 0x0000000748700000| Untracked 
| 136|0x0000000748800000, 0x0000000748800000, 0x0000000748900000|  0%| F|  |TAMS 0x0000000748800000, 0x0000000748800000| Untracked 
| 137|0x0000000748900000, 0x0000000748900000, 0x0000000748a00000|  0%| F|  |TAMS 0x0000000748900000, 0x0000000748900000| Untracked 
| 138|0x0000000748a00000, 0x0000000748a00000, 0x0000000748b00000|  0%| F|  |TAMS 0x0000000748a00000, 0x0000000748a00000| Untracked 
| 139|0x0000000748b00000, 0x0000000748b00000, 0x0000000748c00000|  0%| F|  |TAMS 0x0000000748b00000, 0x0000000748b00000| Untracked 
| 140|0x0000000748c00000, 0x0000000748c00000, 0x0000000748d00000|  0%| F|  |TAMS 0x0000000748c00000, 0x0000000748c00000| Untracked 
| 141|0x0000000748d00000, 0x0000000748d00000, 0x0000000748e00000|  0%| F|  |TAMS 0x0000000748d00000, 0x0000000748d00000| Untracked 
| 142|0x0000000748e00000, 0x0000000748e00000, 0x0000000748f00000|  0%| F|  |TAMS 0x0000000748e00000, 0x0000000748e00000| Untracked 
| 143|0x0000000748f00000, 0x0000000748f00000, 0x0000000749000000|  0%| F|  |TAMS 0x0000000748f00000, 0x0000000748f00000| Untracked 
| 144|0x0000000749000000, 0x0000000749000000, 0x0000000749100000|  0%| F|  |TAMS 0x0000000749000000, 0x0000000749000000| Untracked 
| 145|0x0000000749100000, 0x0000000749100000, 0x0000000749200000|  0%| F|  |TAMS 0x0000000749100000, 0x0000000749100000| Untracked 
| 146|0x0000000749200000, 0x0000000749200000, 0x0000000749300000|  0%| F|  |TAMS 0x0000000749200000, 0x0000000749200000| Untracked 
| 147|0x0000000749300000, 0x0000000749300000, 0x0000000749400000|  0%| F|  |TAMS 0x0000000749300000, 0x0000000749300000| Untracked 
| 148|0x0000000749400000, 0x0000000749400000, 0x0000000749500000|  0%| F|  |TAMS 0x0000000749400000, 0x0000000749400000| Untracked 
| 149|0x0000000749500000, 0x0000000749500000, 0x0000000749600000|  0%| F|  |TAMS 0x0000000749500000, 0x0000000749500000| Untracked 
| 150|0x0000000749600000, 0x0000000749600000, 0x0000000749700000|  0%| F|  |TAMS 0x0000000749600000, 0x0000000749600000| Untracked 
| 151|0x0000000749700000, 0x0000000749700000, 0x0000000749800000|  0%| F|  |TAMS 0x0000000749700000, 0x0000000749700000| Untracked 
| 152|0x0000000749800000, 0x0000000749800000, 0x0000000749900000|  0%| F|  |TAMS 0x0000000749800000, 0x0000000749800000| Untracked 
| 153|0x0000000749900000, 0x00000007499beed8, 0x0000000749a00000| 74%| S|CS|TAMS 0x0000000749900000, 0x0000000749900000| Complete 
| 154|0x0000000749a00000, 0x0000000749b00000, 0x0000000749b00000|100%| S|CS|TAMS 0x0000000749a00000, 0x0000000749a00000| Complete 
| 155|0x0000000749b00000, 0x0000000749c00000, 0x0000000749c00000|100%| S|CS|TAMS 0x0000000749b00000, 0x0000000749b00000| Complete 
| 156|0x0000000749c00000, 0x0000000749d00000, 0x0000000749d00000|100%| S|CS|TAMS 0x0000000749c00000, 0x0000000749c00000| Complete 
| 157|0x0000000749d00000, 0x0000000749e00000, 0x0000000749e00000|100%| S|CS|TAMS 0x0000000749d00000, 0x0000000749d00000| Complete 
| 158|0x0000000749e00000, 0x0000000749f00000, 0x0000000749f00000|100%| S|CS|TAMS 0x0000000749e00000, 0x0000000749e00000| Complete 
| 159|0x0000000749f00000, 0x000000074a000000, 0x000000074a000000|100%| S|CS|TAMS 0x0000000749f00000, 0x0000000749f00000| Complete 
| 160|0x000000074a000000, 0x000000074a100000, 0x000000074a100000|100%| S|CS|TAMS 0x000000074a000000, 0x000000074a000000| Complete 
| 161|0x000000074a100000, 0x000000074a200000, 0x000000074a200000|100%| S|CS|TAMS 0x000000074a100000, 0x000000074a100000| Complete 
| 162|0x000000074a200000, 0x000000074a300000, 0x000000074a300000|100%| S|CS|TAMS 0x000000074a200000, 0x000000074a200000| Complete 
| 163|0x000000074a300000, 0x000000074a400000, 0x000000074a400000|100%| S|CS|TAMS 0x000000074a300000, 0x000000074a300000| Complete 
| 164|0x000000074a400000, 0x000000074a500000, 0x000000074a500000|100%| S|CS|TAMS 0x000000074a400000, 0x000000074a400000| Complete 
| 165|0x000000074a500000, 0x000000074a600000, 0x000000074a600000|100%| S|CS|TAMS 0x000000074a500000, 0x000000074a500000| Complete 
| 166|0x000000074a600000, 0x000000074a600000, 0x000000074a700000|  0%| F|  |TAMS 0x000000074a600000, 0x000000074a600000| Untracked 
| 167|0x000000074a700000, 0x000000074a700000, 0x000000074a800000|  0%| F|  |TAMS 0x000000074a700000, 0x000000074a700000| Untracked 
| 168|0x000000074a800000, 0x000000074a800000, 0x000000074a900000|  0%| F|  |TAMS 0x000000074a800000, 0x000000074a800000| Untracked 
| 169|0x000000074a900000, 0x000000074a900000, 0x000000074aa00000|  0%| F|  |TAMS 0x000000074a900000, 0x000000074a900000| Untracked 
| 170|0x000000074aa00000, 0x000000074aa00000, 0x000000074ab00000|  0%| F|  |TAMS 0x000000074aa00000, 0x000000074aa00000| Untracked 
| 171|0x000000074ab00000, 0x000000074ab00000, 0x000000074ac00000|  0%| F|  |TAMS 0x000000074ab00000, 0x000000074ab00000| Untracked 
| 172|0x000000074ac00000, 0x000000074ac00000, 0x000000074ad00000|  0%| F|  |TAMS 0x000000074ac00000, 0x000000074ac00000| Untracked 
| 173|0x000000074ad00000, 0x000000074ad00000, 0x000000074ae00000|  0%| F|  |TAMS 0x000000074ad00000, 0x000000074ad00000| Untracked 
| 174|0x000000074ae00000, 0x000000074ae00000, 0x000000074af00000|  0%| F|  |TAMS 0x000000074ae00000, 0x000000074ae00000| Untracked 
| 175|0x000000074af00000, 0x000000074af00000, 0x000000074b000000|  0%| F|  |TAMS 0x000000074af00000, 0x000000074af00000| Untracked 
| 176|0x000000074b000000, 0x000000074b000000, 0x000000074b100000|  0%| F|  |TAMS 0x000000074b000000, 0x000000074b000000| Untracked 
| 177|0x000000074b100000, 0x000000074b100000, 0x000000074b200000|  0%| F|  |TAMS 0x000000074b100000, 0x000000074b100000| Untracked 
| 178|0x000000074b200000, 0x000000074b200000, 0x000000074b300000|  0%| F|  |TAMS 0x000000074b200000, 0x000000074b200000| Untracked 
| 179|0x000000074b300000, 0x000000074b300000, 0x000000074b400000|  0%| F|  |TAMS 0x000000074b300000, 0x000000074b300000| Untracked 
| 180|0x000000074b400000, 0x000000074b400000, 0x000000074b500000|  0%| F|  |TAMS 0x000000074b400000, 0x000000074b400000| Untracked 
| 181|0x000000074b500000, 0x000000074b500000, 0x000000074b600000|  0%| F|  |TAMS 0x000000074b500000, 0x000000074b500000| Untracked 
| 182|0x000000074b600000, 0x000000074b600000, 0x000000074b700000|  0%| F|  |TAMS 0x000000074b600000, 0x000000074b600000| Untracked 
| 183|0x000000074b700000, 0x000000074b700000, 0x000000074b800000|  0%| F|  |TAMS 0x000000074b700000, 0x000000074b700000| Untracked 
| 184|0x000000074b800000, 0x000000074b800000, 0x000000074b900000|  0%| F|  |TAMS 0x000000074b800000, 0x000000074b800000| Untracked 
| 185|0x000000074b900000, 0x000000074b900000, 0x000000074ba00000|  0%| F|  |TAMS 0x000000074b900000, 0x000000074b900000| Untracked 
| 186|0x000000074ba00000, 0x000000074ba00000, 0x000000074bb00000|  0%| F|  |TAMS 0x000000074ba00000, 0x000000074ba00000| Untracked 
| 187|0x000000074bb00000, 0x000000074bb00000, 0x000000074bc00000|  0%| F|  |TAMS 0x000000074bb00000, 0x000000074bb00000| Untracked 
| 188|0x000000074bc00000, 0x000000074bc00000, 0x000000074bd00000|  0%| F|  |TAMS 0x000000074bc00000, 0x000000074bc00000| Untracked 
| 189|0x000000074bd00000, 0x000000074bd00000, 0x000000074be00000|  0%| F|  |TAMS 0x000000074bd00000, 0x000000074bd00000| Untracked 
| 190|0x000000074be00000, 0x000000074be00000, 0x000000074bf00000|  0%| F|  |TAMS 0x000000074be00000, 0x000000074be00000| Untracked 
| 191|0x000000074bf00000, 0x000000074bf00000, 0x000000074c000000|  0%| F|  |TAMS 0x000000074bf00000, 0x000000074bf00000| Untracked 
| 192|0x000000074c000000, 0x000000074c000000, 0x000000074c100000|  0%| F|  |TAMS 0x000000074c000000, 0x000000074c000000| Untracked 
| 193|0x000000074c100000, 0x000000074c100000, 0x000000074c200000|  0%| F|  |TAMS 0x000000074c100000, 0x000000074c100000| Untracked 
| 194|0x000000074c200000, 0x000000074c200000, 0x000000074c300000|  0%| F|  |TAMS 0x000000074c200000, 0x000000074c200000| Untracked 
| 195|0x000000074c300000, 0x000000074c300000, 0x000000074c400000|  0%| F|  |TAMS 0x000000074c300000, 0x000000074c300000| Untracked 
| 196|0x000000074c400000, 0x000000074c4fb2a0, 0x000000074c500000| 98%| E|  |TAMS 0x000000074c400000, 0x000000074c400000| Complete 
| 197|0x000000074c500000, 0x000000074c600000, 0x000000074c600000|100%| E|CS|TAMS 0x000000074c500000, 0x000000074c500000| Complete 
| 198|0x000000074c600000, 0x000000074c700000, 0x000000074c700000|100%| E|CS|TAMS 0x000000074c600000, 0x000000074c600000| Complete 
| 199|0x000000074c700000, 0x000000074c800000, 0x000000074c800000|100%| E|CS|TAMS 0x000000074c700000, 0x000000074c700000| Complete 
| 200|0x000000074c800000, 0x000000074c900000, 0x000000074c900000|100%| E|CS|TAMS 0x000000074c800000, 0x000000074c800000| Complete 
| 201|0x000000074c900000, 0x000000074ca00000, 0x000000074ca00000|100%| E|CS|TAMS 0x000000074c900000, 0x000000074c900000| Complete 
| 202|0x000000074ca00000, 0x000000074cb00000, 0x000000074cb00000|100%| E|CS|TAMS 0x000000074ca00000, 0x000000074ca00000| Complete 
| 203|0x000000074cb00000, 0x000000074cc00000, 0x000000074cc00000|100%| E|CS|TAMS 0x000000074cb00000, 0x000000074cb00000| Complete 
| 204|0x000000074cc00000, 0x000000074cd00000, 0x000000074cd00000|100%| E|CS|TAMS 0x000000074cc00000, 0x000000074cc00000| Complete 
| 205|0x000000074cd00000, 0x000000074ce00000, 0x000000074ce00000|100%| E|CS|TAMS 0x000000074cd00000, 0x000000074cd00000| Complete 
| 206|0x000000074ce00000, 0x000000074cf00000, 0x000000074cf00000|100%| E|CS|TAMS 0x000000074ce00000, 0x000000074ce00000| Complete 
| 207|0x000000074cf00000, 0x000000074d000000, 0x000000074d000000|100%| E|CS|TAMS 0x000000074cf00000, 0x000000074cf00000| Complete 
| 208|0x000000074d000000, 0x000000074d100000, 0x000000074d100000|100%| E|CS|TAMS 0x000000074d000000, 0x000000074d000000| Complete 
| 209|0x000000074d100000, 0x000000074d200000, 0x000000074d200000|100%| E|CS|TAMS 0x000000074d100000, 0x000000074d100000| Complete 
| 210|0x000000074d200000, 0x000000074d300000, 0x000000074d300000|100%| E|CS|TAMS 0x000000074d200000, 0x000000074d200000| Complete 
| 211|0x000000074d300000, 0x000000074d400000, 0x000000074d400000|100%| E|CS|TAMS 0x000000074d300000, 0x000000074d300000| Complete 
| 212|0x000000074d400000, 0x000000074d500000, 0x000000074d500000|100%| E|  |TAMS 0x000000074d400000, 0x000000074d400000| Complete 
| 213|0x000000074d500000, 0x000000074d600000, 0x000000074d600000|100%| E|CS|TAMS 0x000000074d500000, 0x000000074d500000| Complete 
| 214|0x000000074d600000, 0x000000074d700000, 0x000000074d700000|100%| E|CS|TAMS 0x000000074d600000, 0x000000074d600000| Complete 
| 215|0x000000074d700000, 0x000000074d800000, 0x000000074d800000|100%| E|CS|TAMS 0x000000074d700000, 0x000000074d700000| Complete 
| 216|0x000000074d800000, 0x000000074d900000, 0x000000074d900000|100%| E|CS|TAMS 0x000000074d800000, 0x000000074d800000| Complete 
| 217|0x000000074d900000, 0x000000074da00000, 0x000000074da00000|100%| E|CS|TAMS 0x000000074d900000, 0x000000074d900000| Complete 
| 218|0x000000074da00000, 0x000000074db00000, 0x000000074db00000|100%| E|CS|TAMS 0x000000074da00000, 0x000000074da00000| Complete 
| 219|0x000000074db00000, 0x000000074dc00000, 0x000000074dc00000|100%| E|CS|TAMS 0x000000074db00000, 0x000000074db00000| Complete 
| 220|0x000000074dc00000, 0x000000074dd00000, 0x000000074dd00000|100%| E|CS|TAMS 0x000000074dc00000, 0x000000074dc00000| Complete 
| 221|0x000000074dd00000, 0x000000074de00000, 0x000000074de00000|100%| E|CS|TAMS 0x000000074dd00000, 0x000000074dd00000| Complete 
| 222|0x000000074de00000, 0x000000074df00000, 0x000000074df00000|100%| E|CS|TAMS 0x000000074de00000, 0x000000074de00000| Complete 
| 223|0x000000074df00000, 0x000000074e000000, 0x000000074e000000|100%| E|CS|TAMS 0x000000074df00000, 0x000000074df00000| Complete 
| 224|0x000000074e000000, 0x000000074e100000, 0x000000074e100000|100%| E|CS|TAMS 0x000000074e000000, 0x000000074e000000| Complete 
| 225|0x000000074e100000, 0x000000074e200000, 0x000000074e200000|100%| E|CS|TAMS 0x000000074e100000, 0x000000074e100000| Complete 
| 226|0x000000074e200000, 0x000000074e300000, 0x000000074e300000|100%| E|CS|TAMS 0x000000074e200000, 0x000000074e200000| Complete 
| 227|0x000000074e300000, 0x000000074e400000, 0x000000074e400000|100%| E|CS|TAMS 0x000000074e300000, 0x000000074e300000| Complete 
| 228|0x000000074e400000, 0x000000074e500000, 0x000000074e500000|100%| E|CS|TAMS 0x000000074e400000, 0x000000074e400000| Complete 
| 229|0x000000074e500000, 0x000000074e600000, 0x000000074e600000|100%| E|CS|TAMS 0x000000074e500000, 0x000000074e500000| Complete 
| 230|0x000000074e600000, 0x000000074e700000, 0x000000074e700000|100%| E|CS|TAMS 0x000000074e600000, 0x000000074e600000| Complete 
| 231|0x000000074e700000, 0x000000074e800000, 0x000000074e800000|100%| E|CS|TAMS 0x000000074e700000, 0x000000074e700000| Complete 
| 232|0x000000074e800000, 0x000000074e900000, 0x000000074e900000|100%| E|CS|TAMS 0x000000074e800000, 0x000000074e800000| Complete 
| 233|0x000000074e900000, 0x000000074ea00000, 0x000000074ea00000|100%| E|CS|TAMS 0x000000074e900000, 0x000000074e900000| Complete 
| 234|0x000000074ea00000, 0x000000074eb00000, 0x000000074eb00000|100%| E|CS|TAMS 0x000000074ea00000, 0x000000074ea00000| Complete 
| 235|0x000000074eb00000, 0x000000074ec00000, 0x000000074ec00000|100%| E|CS|TAMS 0x000000074eb00000, 0x000000074eb00000| Complete 
| 236|0x000000074ec00000, 0x000000074ed00000, 0x000000074ed00000|100%| E|CS|TAMS 0x000000074ec00000, 0x000000074ec00000| Complete 
| 237|0x000000074ed00000, 0x000000074ee00000, 0x000000074ee00000|100%| E|CS|TAMS 0x000000074ed00000, 0x000000074ed00000| Complete 
| 238|0x000000074ee00000, 0x000000074ef00000, 0x000000074ef00000|100%| E|CS|TAMS 0x000000074ee00000, 0x000000074ee00000| Complete 
| 239|0x000000074ef00000, 0x000000074f000000, 0x000000074f000000|100%| E|CS|TAMS 0x000000074ef00000, 0x000000074ef00000| Complete 
| 240|0x000000074f000000, 0x000000074f100000, 0x000000074f100000|100%| E|CS|TAMS 0x000000074f000000, 0x000000074f000000| Complete 
| 241|0x000000074f100000, 0x000000074f200000, 0x000000074f200000|100%| E|CS|TAMS 0x000000074f100000, 0x000000074f100000| Complete 
| 242|0x000000074f200000, 0x000000074f300000, 0x000000074f300000|100%| E|CS|TAMS 0x000000074f200000, 0x000000074f200000| Complete 
| 243|0x000000074f300000, 0x000000074f400000, 0x000000074f400000|100%| E|CS|TAMS 0x000000074f300000, 0x000000074f300000| Complete 
| 244|0x000000074f400000, 0x000000074f500000, 0x000000074f500000|100%| E|CS|TAMS 0x000000074f400000, 0x000000074f400000| Complete 
| 245|0x000000074f500000, 0x000000074f600000, 0x000000074f600000|100%| E|CS|TAMS 0x000000074f500000, 0x000000074f500000| Complete 
| 246|0x000000074f600000, 0x000000074f700000, 0x000000074f700000|100%| E|CS|TAMS 0x000000074f600000, 0x000000074f600000| Complete 
| 247|0x000000074f700000, 0x000000074f800000, 0x000000074f800000|100%| E|CS|TAMS 0x000000074f700000, 0x000000074f700000| Complete 
| 248|0x000000074f800000, 0x000000074f900000, 0x000000074f900000|100%| E|CS|TAMS 0x000000074f800000, 0x000000074f800000| Complete 
| 249|0x000000074f900000, 0x000000074fa00000, 0x000000074fa00000|100%| E|CS|TAMS 0x000000074f900000, 0x000000074f900000| Complete 
| 250|0x000000074fa00000, 0x000000074fb00000, 0x000000074fb00000|100%| E|CS|TAMS 0x000000074fa00000, 0x000000074fa00000| Complete 
| 251|0x000000074fb00000, 0x000000074fc00000, 0x000000074fc00000|100%| E|CS|TAMS 0x000000074fb00000, 0x000000074fb00000| Complete 
| 252|0x000000074fc00000, 0x000000074fd00000, 0x000000074fd00000|100%| E|CS|TAMS 0x000000074fc00000, 0x000000074fc00000| Complete 
| 253|0x000000074fd00000, 0x000000074fe00000, 0x000000074fe00000|100%| E|CS|TAMS 0x000000074fd00000, 0x000000074fd00000| Complete 
| 254|0x000000074fe00000, 0x000000074ff00000, 0x000000074ff00000|100%| E|CS|TAMS 0x000000074fe00000, 0x000000074fe00000| Complete 
| 255|0x000000074ff00000, 0x0000000750000000, 0x0000000750000000|100%| E|CS|TAMS 0x000000074ff00000, 0x000000074ff00000| Complete 
| 256|0x0000000750000000, 0x0000000750100000, 0x0000000750100000|100%| E|CS|TAMS 0x0000000750000000, 0x0000000750000000| Complete 
| 257|0x0000000750100000, 0x0000000750200000, 0x0000000750200000|100%| E|CS|TAMS 0x0000000750100000, 0x0000000750100000| Complete 
| 258|0x0000000750200000, 0x0000000750300000, 0x0000000750300000|100%| E|CS|TAMS 0x0000000750200000, 0x0000000750200000| Complete 
| 259|0x0000000750300000, 0x0000000750400000, 0x0000000750400000|100%| E|CS|TAMS 0x0000000750300000, 0x0000000750300000| Complete 
| 260|0x0000000750400000, 0x0000000750500000, 0x0000000750500000|100%| E|CS|TAMS 0x0000000750400000, 0x0000000750400000| Complete 
| 261|0x0000000750500000, 0x0000000750600000, 0x0000000750600000|100%| E|CS|TAMS 0x0000000750500000, 0x0000000750500000| Complete 
| 262|0x0000000750600000, 0x0000000750700000, 0x0000000750700000|100%| E|CS|TAMS 0x0000000750600000, 0x0000000750600000| Complete 
| 263|0x0000000750700000, 0x0000000750800000, 0x0000000750800000|100%| E|CS|TAMS 0x0000000750700000, 0x0000000750700000| Complete 
| 264|0x0000000750800000, 0x0000000750900000, 0x0000000750900000|100%| E|CS|TAMS 0x0000000750800000, 0x0000000750800000| Complete 
| 265|0x0000000750900000, 0x0000000750a00000, 0x0000000750a00000|100%| E|CS|TAMS 0x0000000750900000, 0x0000000750900000| Complete 
| 266|0x0000000750a00000, 0x0000000750b00000, 0x0000000750b00000|100%| E|CS|TAMS 0x0000000750a00000, 0x0000000750a00000| Complete 
| 267|0x0000000750b00000, 0x0000000750c00000, 0x0000000750c00000|100%| E|CS|TAMS 0x0000000750b00000, 0x0000000750b00000| Complete 
| 268|0x0000000750c00000, 0x0000000750d00000, 0x0000000750d00000|100%| E|CS|TAMS 0x0000000750c00000, 0x0000000750c00000| Complete 
| 269|0x0000000750d00000, 0x0000000750e00000, 0x0000000750e00000|100%| E|CS|TAMS 0x0000000750d00000, 0x0000000750d00000| Complete 
| 270|0x0000000750e00000, 0x0000000750f00000, 0x0000000750f00000|100%| E|CS|TAMS 0x0000000750e00000, 0x0000000750e00000| Complete 
| 271|0x0000000750f00000, 0x0000000751000000, 0x0000000751000000|100%| E|CS|TAMS 0x0000000750f00000, 0x0000000750f00000| Complete 
| 272|0x0000000751000000, 0x0000000751100000, 0x0000000751100000|100%| E|CS|TAMS 0x0000000751000000, 0x0000000751000000| Complete 
| 273|0x0000000751100000, 0x0000000751200000, 0x0000000751200000|100%| E|CS|TAMS 0x0000000751100000, 0x0000000751100000| Complete 
| 274|0x0000000751200000, 0x0000000751300000, 0x0000000751300000|100%| E|CS|TAMS 0x0000000751200000, 0x0000000751200000| Complete 
| 275|0x0000000751300000, 0x0000000751400000, 0x0000000751400000|100%| E|CS|TAMS 0x0000000751300000, 0x0000000751300000| Complete 
| 276|0x0000000751400000, 0x0000000751500000, 0x0000000751500000|100%| E|CS|TAMS 0x0000000751400000, 0x0000000751400000| Complete 
| 277|0x0000000751500000, 0x0000000751600000, 0x0000000751600000|100%| E|CS|TAMS 0x0000000751500000, 0x0000000751500000| Complete 
| 278|0x0000000751600000, 0x0000000751700000, 0x0000000751700000|100%| E|CS|TAMS 0x0000000751600000, 0x0000000751600000| Complete 
| 279|0x0000000751700000, 0x0000000751800000, 0x0000000751800000|100%| E|CS|TAMS 0x0000000751700000, 0x0000000751700000| Complete 
| 280|0x0000000751800000, 0x0000000751900000, 0x0000000751900000|100%| E|CS|TAMS 0x0000000751800000, 0x0000000751800000| Complete 
| 281|0x0000000751900000, 0x0000000751a00000, 0x0000000751a00000|100%| E|CS|TAMS 0x0000000751900000, 0x0000000751900000| Complete 
| 282|0x0000000751a00000, 0x0000000751b00000, 0x0000000751b00000|100%| E|CS|TAMS 0x0000000751a00000, 0x0000000751a00000| Complete 
| 283|0x0000000751b00000, 0x0000000751c00000, 0x0000000751c00000|100%| E|CS|TAMS 0x0000000751b00000, 0x0000000751b00000| Complete 
| 284|0x0000000751c00000, 0x0000000751d00000, 0x0000000751d00000|100%| E|CS|TAMS 0x0000000751c00000, 0x0000000751c00000| Complete 
| 285|0x0000000751d00000, 0x0000000751e00000, 0x0000000751e00000|100%| E|CS|TAMS 0x0000000751d00000, 0x0000000751d00000| Complete 
| 286|0x0000000751e00000, 0x0000000751f00000, 0x0000000751f00000|100%| E|CS|TAMS 0x0000000751e00000, 0x0000000751e00000| Complete 
| 287|0x0000000751f00000, 0x0000000752000000, 0x0000000752000000|100%| E|CS|TAMS 0x0000000751f00000, 0x0000000751f00000| Complete 
| 288|0x0000000752000000, 0x0000000752100000, 0x0000000752100000|100%| E|CS|TAMS 0x0000000752000000, 0x0000000752000000| Complete 
| 289|0x0000000752100000, 0x0000000752200000, 0x0000000752200000|100%| E|CS|TAMS 0x0000000752100000, 0x0000000752100000| Complete 
| 290|0x0000000752200000, 0x0000000752300000, 0x0000000752300000|100%| E|CS|TAMS 0x0000000752200000, 0x0000000752200000| Complete 
| 291|0x0000000752300000, 0x0000000752400000, 0x0000000752400000|100%| E|CS|TAMS 0x0000000752300000, 0x0000000752300000| Complete 
| 292|0x0000000752400000, 0x0000000752500000, 0x0000000752500000|100%| E|CS|TAMS 0x0000000752400000, 0x0000000752400000| Complete 
| 293|0x0000000752500000, 0x0000000752600000, 0x0000000752600000|100%| E|CS|TAMS 0x0000000752500000, 0x0000000752500000| Complete 
| 294|0x0000000752600000, 0x0000000752700000, 0x0000000752700000|100%| E|CS|TAMS 0x0000000752600000, 0x0000000752600000| Complete 
| 295|0x0000000752700000, 0x0000000752800000, 0x0000000752800000|100%| E|CS|TAMS 0x0000000752700000, 0x0000000752700000| Complete 
| 296|0x0000000752800000, 0x0000000752900000, 0x0000000752900000|100%| E|CS|TAMS 0x0000000752800000, 0x0000000752800000| Complete 
| 297|0x0000000752900000, 0x0000000752a00000, 0x0000000752a00000|100%| E|CS|TAMS 0x0000000752900000, 0x0000000752900000| Complete 
| 298|0x0000000752a00000, 0x0000000752b00000, 0x0000000752b00000|100%| E|CS|TAMS 0x0000000752a00000, 0x0000000752a00000| Complete 
| 299|0x0000000752b00000, 0x0000000752c00000, 0x0000000752c00000|100%| E|CS|TAMS 0x0000000752b00000, 0x0000000752b00000| Complete 
| 300|0x0000000752c00000, 0x0000000752d00000, 0x0000000752d00000|100%| E|CS|TAMS 0x0000000752c00000, 0x0000000752c00000| Complete 
| 301|0x0000000752d00000, 0x0000000752e00000, 0x0000000752e00000|100%| E|CS|TAMS 0x0000000752d00000, 0x0000000752d00000| Complete 
| 302|0x0000000752e00000, 0x0000000752f00000, 0x0000000752f00000|100%| E|CS|TAMS 0x0000000752e00000, 0x0000000752e00000| Complete 
| 303|0x0000000752f00000, 0x0000000753000000, 0x0000000753000000|100%| E|CS|TAMS 0x0000000752f00000, 0x0000000752f00000| Complete 
| 304|0x0000000753000000, 0x0000000753100000, 0x0000000753100000|100%| E|CS|TAMS 0x0000000753000000, 0x0000000753000000| Complete 
| 305|0x0000000753100000, 0x0000000753200000, 0x0000000753200000|100%| E|CS|TAMS 0x0000000753100000, 0x0000000753100000| Complete 
| 306|0x0000000753200000, 0x0000000753300000, 0x0000000753300000|100%| E|CS|TAMS 0x0000000753200000, 0x0000000753200000| Complete 
| 307|0x0000000753300000, 0x0000000753400000, 0x0000000753400000|100%| E|CS|TAMS 0x0000000753300000, 0x0000000753300000| Complete 

Card table byte_map: [0x0000000109f70000,0x000000010a370000] _byte_map_base: 0x0000000106570000

Marking Bits (Prev, Next): (CMBitMap*) 0x0000000104fa50c8, (CMBitMap*) 0x0000000104fa5100
 Prev Bits: [0x0000000122ce8000, 0x0000000124ce8000)
 Next Bits: [0x0000000124ce8000, 0x0000000126ce8000)

Polling page: 0x0000000104f3c000

Metaspace:

Usage:
  Non-class:     82.64 MB capacity,    80.97 MB ( 98%) used,     1.33 MB (  2%) free+waste,   343.75 KB ( <1%) overhead. 
      Class:     13.74 MB capacity,    12.59 MB ( 92%) used,  1013.12 KB (  7%) free+waste,   165.44 KB (  1%) overhead. 
       Both:     96.38 MB capacity,    93.56 MB ( 97%) used,     2.32 MB (  2%) free+waste,   509.19 KB ( <1%) overhead. 

Virtual space:
  Non-class space:       84.00 MB reserved,      82.88 MB ( 99%) committed 
      Class space:        1.00 GB reserved,      13.81 MB (  1%) committed 
             Both:        1.08 GB reserved,      96.69 MB (  9%) committed 

Chunk freelists:
   Non-Class:  0 bytes
       Class:  0 bytes
        Both:  0 bytes

MaxMetaspaceSize: unlimited
CompressedClassSpaceSize: 1.00 GB
Initial GC threshold: 20.80 MB
Current GC threshold: 115.11 MB
CDS: off

CodeHeap 'non-profiled nmethods': size=120032Kb used=4623Kb max_used=4623Kb free=115408Kb
 bounds [0x000000011b3b0000, 0x000000011b840000, 0x00000001228e8000]
CodeHeap 'profiled nmethods': size=120016Kb used=21131Kb max_used=21131Kb free=98884Kb
 bounds [0x0000000113e7c000, 0x000000011532c000, 0x000000011b3b0000]
CodeHeap 'non-nmethods': size=5712Kb used=1530Kb max_used=1637Kb free=4181Kb
 bounds [0x00000001138e8000, 0x0000000113b58000, 0x0000000113e7c000]
 total_blobs=10328 nmethods=9555 adapters=689
 compilation: enabled
              stopped_count=0, restarted_count=0
 full_count=0

Compilation events (20 events):
Event: 6.218 Thread 0x0000000c948ed000 nmethod 10170 0x0000000115315c10 code [0x0000000115315e00, 0x0000000115316420]
Event: 6.218 Thread 0x0000000c948ed000 10169       2       org.gradle.internal.snapshot.ChildMap$Entry::handlePath (135 bytes)
Event: 6.218 Thread 0x0000000c948ed000 nmethod 10169 0x0000000115316690 code [0x0000000115316980, 0x00000001153171c0]
Event: 6.218 Thread 0x0000000c948ed000 10171       2       com.google.common.collect.RegularImmutableList::<init> (10 bytes)
Event: 6.218 Thread 0x0000000c948ed000 nmethod 10171 0x0000000115317790 code [0x0000000115317940, 0x0000000115317b10]
Event: 6.218 Thread 0x0000000c948ed000 10167       2       java.util.stream.Streams$AbstractStreamBuilderImpl::<init> (5 bytes)
Event: 6.218 Thread 0x0000000c948ed000 nmethod 10167 0x0000000115317b90 code [0x0000000115317d40, 0x0000000115317ed0]
Event: 6.220 Thread 0x0000000c948ed000 10172       1       org.gradle.internal.execution.steps.IdentityContext::getIdentity (5 bytes)
Event: 6.220 Thread 0x0000000c948ed000 nmethod 10172 0x000000011b832510 code [0x000000011b8326c0, 0x000000011b832810]
Event: 6.221 Thread 0x0000000c948ed000 10174       2       org.gradle.tooling.internal.provider.runner.ClientBuildEventGenerator$Disabled::accept (20 bytes)
Event: 6.221 Thread 0x0000000c948ed000 nmethod 10174 0x0000000115317f90 code [0x0000000115318140, 0x0000000115318350]
Event: 6.221 Thread 0x0000000c948ed000 10175       2       org.gradle.internal.hash.Hashing::newHasher (9 bytes)
Event: 6.221 Thread 0x0000000c948ed000 nmethod 10175 0x0000000115318410 code [0x0000000115318640, 0x0000000115318c90]
Event: 6.221 Thread 0x0000000c948ed000 10176       2       java.io.RandomAccessFile::<init> (8 bytes)
Event: 6.221 Thread 0x0000000c948ed000 nmethod 10176 0x0000000115318f90 code [0x0000000115319140, 0x0000000115319300]
Event: 6.222 Thread 0x0000000c948ed000 10177       2       com.google.common.collect.RegularImmutableSortedSet::<init> (11 bytes)
Event: 6.222 Thread 0x0000000c948ed000 nmethod 10177 0x0000000115319390 code [0x0000000115319540, 0x0000000115319790]
Event: 6.222 Thread 0x0000000c948ed000 10178       2       com.google.common.collect.ImmutableSortedSet::<init> (10 bytes)
Event: 6.222 Thread 0x0000000c948ed000 nmethod 10178 0x0000000115319810 code [0x00000001153199c0, 0x0000000115319b90]
Event: 6.225 Thread 0x0000000c948ed000 10179       2       java.util.concurrent.locks.AbstractQueuedSynchronizer::addWaiter (46 bytes)

GC Heap History (20 events):
Event: 0.324 GC heap before
{Heap before GC invocations=0 (full 0):
 garbage-first heap   total 262144K, used 27648K [0x0000000740000000, 0x00000007c0000000)
  region size 1024K, 24 young (24576K), 0 survivors (0K)
 Metaspace       used 9589K, capacity 9787K, committed 10112K, reserved 1058816K
  class space    used 965K, capacity 1037K, committed 1152K, reserved 1048576K
}
Event: 0.327 GC heap after
{Heap after GC invocations=1 (full 0):
 garbage-first heap   total 262144K, used 10536K [0x0000000740000000, 0x00000007c0000000)
  region size 1024K, 3 young (3072K), 3 survivors (3072K)
 Metaspace       used 9589K, capacity 9787K, committed 10112K, reserved 1058816K
  class space    used 965K, capacity 1037K, committed 1152K, reserved 1048576K
}
Event: 0.957 GC heap before
{Heap before GC invocations=1 (full 0):
 garbage-first heap   total 262144K, used 104744K [0x0000000740000000, 0x00000007c0000000)
  region size 1024K, 96 young (98304K), 3 survivors (3072K)
 Metaspace       used 20800K, capacity 21202K, committed 21296K, reserved 1069056K
  class space    used 2503K, capacity 2680K, committed 2688K, reserved 1048576K
}
Event: 0.964 GC heap after
{Heap after GC invocations=2 (full 0):
 garbage-first heap   total 262144K, used 18520K [0x0000000740000000, 0x00000007c0000000)
  region size 1024K, 11 young (11264K), 11 survivors (11264K)
 Metaspace       used 20800K, capacity 21202K, committed 21296K, reserved 1069056K
  class space    used 2503K, capacity 2680K, committed 2688K, reserved 1048576K
}
Event: 1.251 GC heap before
{Heap before GC invocations=3 (full 0):
 garbage-first heap   total 262144K, used 85080K [0x0000000740000000, 0x00000007c0000000)
  region size 1024K, 76 young (77824K), 11 survivors (11264K)
 Metaspace       used 26084K, capacity 26780K, committed 27120K, reserved 1073152K
  class space    used 3368K, capacity 3629K, committed 3648K, reserved 1048576K
}
Event: 1.259 GC heap after
{Heap after GC invocations=4 (full 0):
 garbage-first heap   total 262144K, used 21706K [0x0000000740000000, 0x00000007c0000000)
  region size 1024K, 3 young (3072K), 3 survivors (3072K)
 Metaspace       used 26084K, capacity 26780K, committed 27120K, reserved 1073152K
  class space    used 3368K, capacity 3629K, committed 3648K, reserved 1048576K
}
Event: 1.703 GC heap before
{Heap before GC invocations=4 (full 0):
 garbage-first heap   total 262144K, used 109770K [0x0000000740000000, 0x00000007c0000000)
  region size 1024K, 90 young (92160K), 3 survivors (3072K)
 Metaspace       used 34919K, capacity 35713K, committed 35952K, reserved 1081344K
  class space    used 4639K, capacity 4981K, committed 5056K, reserved 1048576K
}
Event: 1.712 GC heap after
{Heap after GC invocations=5 (full 0):
 garbage-first heap   total 262144K, used 24705K [0x0000000740000000, 0x00000007c0000000)
  region size 1024K, 6 young (6144K), 6 survivors (6144K)
 Metaspace       used 34919K, capacity 35713K, committed 35952K, reserved 1081344K
  class space    used 4639K, capacity 4981K, committed 5056K, reserved 1048576K
}
Event: 2.250 GC heap before
{Heap before GC invocations=6 (full 0):
 garbage-first heap   total 262144K, used 134273K [0x0000000740000000, 0x00000007c0000000)
  region size 1024K, 112 young (114688K), 6 survivors (6144K)
 Metaspace       used 45198K, capacity 46295K, committed 46704K, reserved 1089536K
  class space    used 5997K, capacity 6476K, committed 6592K, reserved 1048576K
}
Event: 2.257 GC heap after
{Heap after GC invocations=7 (full 0):
 garbage-first heap   total 262144K, used 30747K [0x0000000740000000, 0x00000007c0000000)
  region size 1024K, 12 young (12288K), 12 survivors (12288K)
 Metaspace       used 45198K, capacity 46295K, committed 46704K, reserved 1089536K
  class space    used 5997K, capacity 6476K, committed 6592K, reserved 1048576K
}
Event: 2.861 GC heap before
{Heap before GC invocations=7 (full 0):
 garbage-first heap   total 262144K, used 156699K [0x0000000740000000, 0x00000007c0000000)
  region size 1024K, 135 young (138240K), 12 survivors (12288K)
 Metaspace       used 52652K, capacity 54103K, committed 54512K, reserved 1095680K
  class space    used 7015K, capacity 7641K, committed 7744K, reserved 1048576K
}
Event: 2.868 GC heap after
{Heap after GC invocations=8 (full 0):
 garbage-first heap   total 262144K, used 36466K [0x0000000740000000, 0x00000007c0000000)
  region size 1024K, 12 young (12288K), 12 survivors (12288K)
 Metaspace       used 52652K, capacity 54103K, committed 54512K, reserved 1095680K
  class space    used 7015K, capacity 7641K, committed 7744K, reserved 1048576K
}
Event: 3.312 GC heap before
{Heap before GC invocations=8 (full 0):
 garbage-first heap   total 262144K, used 136818K [0x0000000740000000, 0x00000007c0000000)
  region size 1024K, 100 young (102400K), 12 survivors (12288K)
 Metaspace       used 58548K, capacity 60160K, committed 60352K, reserved 1101824K
  class space    used 7745K, capacity 8436K, committed 8512K, reserved 1048576K
}
Event: 3.318 GC heap after
{Heap after GC invocations=9 (full 0):
 garbage-first heap   total 262144K, used 57786K [0x0000000740000000, 0x00000007c0000000)
  region size 1024K, 16 young (16384K), 16 survivors (16384K)
 Metaspace       used 58548K, capacity 60160K, committed 60352K, reserved 1101824K
  class space    used 7745K, capacity 8436K, committed 8512K, reserved 1048576K
}
Event: 4.027 GC heap before
{Heap before GC invocations=10 (full 0):
 garbage-first heap   total 262144K, used 195002K [0x0000000740000000, 0x00000007c0000000)
  region size 1024K, 143 young (146432K), 16 survivors (16384K)
 Metaspace       used 68339K, capacity 70189K, committed 70336K, reserved 1110016K
  class space    used 8988K, capacity 9789K, committed 9792K, reserved 1048576K
}
Event: 4.041 GC heap after
{Heap after GC invocations=11 (full 0):
 garbage-first heap   total 262144K, used 66689K [0x0000000740000000, 0x00000007c0000000)
  region size 1024K, 9 young (9216K), 9 survivors (9216K)
 Metaspace       used 68339K, capacity 70189K, committed 70336K, reserved 1110016K
  class space    used 8988K, capacity 9789K, committed 9792K, reserved 1048576K
}
Event: 4.778 GC heap before
{Heap before GC invocations=12 (full 0):
 garbage-first heap   total 262144K, used 200833K [0x0000000740000000, 0x00000007c0000000)
  region size 1024K, 135 young (138240K), 9 survivors (9216K)
 Metaspace       used 76974K, capacity 79080K, committed 79296K, reserved 1118208K
  class space    used 10129K, capacity 11010K, committed 11072K, reserved 1048576K
}
Event: 4.782 GC heap after
{Heap after GC invocations=13 (full 0):
 garbage-first heap   total 315392K, used 76003K [0x0000000740000000, 0x00000007c0000000)
  region size 1024K, 14 young (14336K), 14 survivors (14336K)
 Metaspace       used 76974K, capacity 79080K, committed 79296K, reserved 1118208K
  class space    used 10129K, capacity 11010K, committed 11072K, reserved 1048576K
}
Event: 5.575 GC heap before
{Heap before GC invocations=13 (full 0):
 garbage-first heap   total 315392K, used 221411K [0x0000000740000000, 0x00000007c0000000)
  region size 1024K, 156 young (159744K), 14 survivors (14336K)
 Metaspace       used 87477K, capacity 89824K, committed 90048K, reserved 1126400K
  class space    used 11809K, capacity 12806K, committed 12864K, reserved 1048576K
}
Event: 5.582 GC heap after
{Heap after GC invocations=14 (full 0):
 garbage-first heap   total 315392K, used 82774K [0x0000000740000000, 0x00000007c0000000)
  region size 1024K, 13 young (13312K), 13 survivors (13312K)
 Metaspace       used 87477K, capacity 89824K, committed 90048K, reserved 1126400K
  class space    used 11809K, capacity 12806K, committed 12864K, reserved 1048576K
}

Deoptimization events (20 events):
Event: 6.211 Thread 0x0000000c8feb0000 Uncommon trap: trap_request=0xffffffde fr.pc=0x000000011b6611a0 relative=0x00000000000012a0
Event: 6.211 Thread 0x0000000c8feb0000 Uncommon trap: reason=class_check action=maybe_recompile pc=0x000000011b6611a0 method=java.util.concurrent.ConcurrentHashMap.putVal(Ljava/lang/Object;Ljava/lang/Object;Z)Ljava/lang/Object; @ 159 c2
Event: 6.211 Thread 0x0000000c8feb0000 DEOPT PACKING pc=0x000000011b6611a0 sp=0x0000000176ac8e30
Event: 6.211 Thread 0x0000000c8feb0000 DEOPT UNPACKING pc=0x000000011391cd9c sp=0x0000000176ac8d50 mode 2
Event: 6.211 Thread 0x0000000c90686000 Uncommon trap: trap_request=0xffffffde fr.pc=0x000000011b6611a0 relative=0x00000000000012a0
Event: 6.211 Thread 0x0000000c90686000 Uncommon trap: reason=class_check action=maybe_recompile pc=0x000000011b6611a0 method=java.util.concurrent.ConcurrentHashMap.putVal(Ljava/lang/Object;Ljava/lang/Object;Z)Ljava/lang/Object; @ 159 c2
Event: 6.211 Thread 0x0000000c90686000 DEOPT PACKING pc=0x000000011b6611a0 sp=0x00000001745ed110
Event: 6.211 Thread 0x0000000c90686000 DEOPT UNPACKING pc=0x000000011391cd9c sp=0x00000001745ed030 mode 2
Event: 6.213 Thread 0x0000000c8feac000 Uncommon trap: trap_request=0xffffff4d fr.pc=0x000000011b661280 relative=0x0000000000001380
Event: 6.213 Thread 0x0000000c8feac000 Uncommon trap: reason=unstable_if action=reinterpret pc=0x000000011b661280 method=java.util.concurrent.ConcurrentHashMap.addCount(JI)V @ 97 c2
Event: 6.213 Thread 0x0000000c8feac000 DEOPT PACKING pc=0x000000011b661280 sp=0x0000000175a69060
Event: 6.213 Thread 0x0000000c8f847000 Uncommon trap: trap_request=0xffffff4d fr.pc=0x000000011b661280 relative=0x0000000000001380
Event: 6.213 Thread 0x0000000c8f847000 Uncommon trap: reason=unstable_if action=reinterpret pc=0x000000011b661280 method=java.util.concurrent.ConcurrentHashMap.addCount(JI)V @ 97 c2
Event: 6.213 Thread 0x0000000c8feac000 DEOPT UNPACKING pc=0x000000011391cd9c sp=0x0000000175a68ea0 mode 2
Event: 6.213 Thread 0x0000000c8f847000 DEOPT PACKING pc=0x000000011b661280 sp=0x00000001768bd060
Event: 6.213 Thread 0x0000000c8f847000 DEOPT UNPACKING pc=0x000000011391cd9c sp=0x00000001768bcea0 mode 2
Event: 6.216 Thread 0x0000000c90686000 DEOPT PACKING pc=0x00000001152ffe54 sp=0x00000001745ebbf0
Event: 6.216 Thread 0x0000000c90686000 DEOPT UNPACKING pc=0x000000011391d27c sp=0x00000001745eb9a0 mode 0
Event: 6.222 Thread 0x0000000c91108000 DEOPT PACKING pc=0x0000000114e21c28 sp=0x0000000170ead830
Event: 6.222 Thread 0x0000000c91108000 DEOPT UNPACKING pc=0x000000011391d27c sp=0x0000000170ead630 mode 3

Classes redefined (0 events):
No events

Internal exceptions (20 events):
Event: 6.054 Thread 0x0000000c90686000 Exception <a 'java/lang/NoSuchMethodError'{0x000000074dfab9b8}: 'java.lang.Object java.lang.invoke.DirectMethodHandle$Holder.invokeStatic(java.lang.Object, java.lang.Object, java.lang.Object, java.lang.Object, int, java.lang.Object)'> (0x000000074dfab9b8) thrown at [src/hotspot/share/interpreter/linkResolver.cpp, line 773]
Event: 6.054 Thread 0x0000000c90686000 Exception <a 'java/lang/NoSuchMethodError'{0x000000074dfaf218}: 'java.lang.Object java.lang.invoke.Invokers$Holder.linkToTargetMethod(java.lang.Object, java.lang.Object, java.lang.Object, int, java.lang.Object, java.lang.Object)'> (0x000000074dfaf218) thrown at [src/hotspot/share/interpreter/linkResolver.cpp, line 773]
Event: 6.058 Thread 0x0000000c90686000 Exception <a 'java/lang/NoSuchMethodError'{0x000000074ded86d8}: 'void java.lang.invoke.DirectMethodHandle$Holder.invokeInterface(java.lang.Object, java.lang.Object, java.lang.Object, java.lang.Object)'> (0x000000074ded86d8) thrown at [src/hotspot/share/interpreter/linkResolver.cpp, line 773]
Event: 6.070 Thread 0x0000000c90686000 Exception <a 'sun/nio/fs/UnixException'{0x000000074dcb4e28}> (0x000000074dcb4e28) thrown at [src/hotspot/share/prims/jni.cpp, line 617]
Event: 6.076 Thread 0x0000000c90686000 Exception <a 'sun/nio/fs/UnixException'{0x000000074d905340}> (0x000000074d905340) thrown at [src/hotspot/share/prims/jni.cpp, line 617]
Event: 6.079 Thread 0x0000000c90686000 Exception <a 'java/lang/NoSuchMethodError'{0x000000074d953708}: 'int java.lang.invoke.DirectMethodHandle$Holder.invokeSpecial(java.lang.Object, java.lang.Object, java.lang.Object, java.lang.Object, java.lang.Object)'> (0x000000074d953708) thrown at [src/hotspot/share/interpreter/linkResolver.cpp, line 773]
Event: 6.084 Thread 0x0000000c90686000 Exception <a 'sun/nio/fs/UnixException'{0x000000074d9a9660}> (0x000000074d9a9660) thrown at [src/hotspot/share/prims/jni.cpp, line 617]
Event: 6.085 Thread 0x0000000c90686000 Exception <a 'sun/nio/fs/UnixException'{0x000000074d9ab7e0}> (0x000000074d9ab7e0) thrown at [src/hotspot/share/prims/jni.cpp, line 617]
Event: 6.085 Thread 0x0000000c90686000 Exception <a 'sun/nio/fs/UnixException'{0x000000074d9ad9f0}> (0x000000074d9ad9f0) thrown at [src/hotspot/share/prims/jni.cpp, line 617]
Event: 6.086 Thread 0x0000000c90686000 Exception <a 'sun/nio/fs/UnixException'{0x000000074d9afc90}> (0x000000074d9afc90) thrown at [src/hotspot/share/prims/jni.cpp, line 617]
Event: 6.203 Thread 0x0000000c90686000 Exception <a 'java/lang/NoSuchMethodError'{0x000000074cb5c608}: 'void java.lang.invoke.DirectMethodHandle$Holder.invokeStatic(java.lang.Object, java.lang.Object, java.lang.Object, java.lang.Object, int, java.lang.Object, java.lang.Object)'> (0x000000074cb5c608) thrown at [src/hotspot/share/interpreter/linkResolver.cpp, line 773]
Event: 6.211 Thread 0x0000000c8f846000 Exception <a 'java/lang/NoSuchMethodError'{0x000000074c861b80}: 'void java.lang.invoke.DirectMethodHandle$Holder.invokeVirtual(java.lang.Object, java.lang.Object)'> (0x000000074c861b80) thrown at [src/hotspot/share/interpreter/linkResolver.cpp, line 773]
Event: 6.219 Thread 0x0000000c8f817000 Exception <a 'java/lang/NoSuchMethodError'{0x000000074c921440}: 'java.lang.Object java.lang.invoke.DirectMethodHandle$Holder.invokeSpecialIFC(java.lang.Object, java.lang.Object, java.lang.Object)'> (0x000000074c921440) thrown at [src/hotspot/share/interpreter/linkResolver.cpp, line 773]
Event: 6.219 Thread 0x0000000c90686000 Exception <a 'java/lang/NoSuchMethodError'{0x000000074c85ccd0}: 'java.lang.Object java.lang.invoke.DirectMethodHandle$Holder.invokeSpecialIFC(java.lang.Object, java.lang.Object, java.lang.Object)'> (0x000000074c85ccd0) thrown at [src/hotspot/share/interpreter/linkResolver.cpp, line 773]
Event: 6.219 Thread 0x0000000c8feac000 Exception <a 'java/lang/NoSuchMethodError'{0x000000074ca9f250}: 'java.lang.Object java.lang.invoke.DirectMethodHandle$Holder.invokeSpecialIFC(java.lang.Object, java.lang.Object, java.lang.Object)'> (0x000000074ca9f250) thrown at [src/hotspot/share/interpreter/linkResolver.cpp, line 773]
Event: 6.219 Thread 0x0000000c8feae000 Exception <a 'java/lang/NoSuchMethodError'{0x000000074cadddf8}: 'java.lang.Object java.lang.invoke.DirectMethodHandle$Holder.invokeSpecialIFC(java.lang.Object, java.lang.Object, java.lang.Object)'> (0x000000074cadddf8) thrown at [src/hotspot/share/interpreter/linkResolver.cpp, line 773]
Event: 6.219 Thread 0x0000000c8f846000 Exception <a 'java/lang/NoSuchMethodError'{0x000000074c89b528}: 'java.lang.Object java.lang.invoke.DirectMethodHandle$Holder.invokeSpecialIFC(java.lang.Object, java.lang.Object, java.lang.Object)'> (0x000000074c89b528) thrown at [src/hotspot/share/interpreter/linkResolver.cpp, line 773]
Event: 6.219 Thread 0x0000000c8f847000 Exception <a 'java/lang/NoSuchMethodError'{0x000000074c8d2aa0}: 'java.lang.Object java.lang.invoke.DirectMethodHandle$Holder.invokeSpecialIFC(java.lang.Object, java.lang.Object, java.lang.Object)'> (0x000000074c8d2aa0) thrown at [src/hotspot/share/interpreter/linkResolver.cpp, line 773]
Event: 6.219 Thread 0x0000000c8f845000 Exception <a 'java/lang/NoSuchMethodError'{0x000000074c7e2278}: 'java.lang.Object java.lang.invoke.DirectMethodHandle$Holder.invokeSpecialIFC(java.lang.Object, java.lang.Object, java.lang.Object)'> (0x000000074c7e2278) thrown at [src/hotspot/share/interpreter/linkResolver.cpp, line 773]
Event: 6.219 Thread 0x0000000c8feb0000 Exception <a 'java/lang/NoSuchMethodError'{0x000000074c71fc00}: 'java.lang.Object java.lang.invoke.DirectMethodHandle$Holder.invokeSpecialIFC(java.lang.Object, java.lang.Object, java.lang.Object)'> (0x000000074c71fc00) thrown at [src/hotspot/share/interpreter/linkResolver.cpp, line 773]

Events (20 events):
Event: 6.225 loading class org/gradle/api/file/FileCollection
Event: 6.225 loading class org/gradle/api/file/FileCollection done
Event: 6.225 loading class org/gradle/api/file/FileCollection
Event: 6.225 loading class org/gradle/api/file/FileCollection done
Event: 6.225 loading class org/gradle/api/file/FileCollection
Event: 6.225 loading class org/gradle/api/file/FileCollection done
Event: 6.225 loading class org/gradle/api/file/FileCollection
Event: 6.225 loading class org/gradle/api/file/FileCollection done
Event: 6.225 loading class org/gradle/api/internal/artifacts/transform/AbstractTransformExecution
Event: 6.225 loading class org/gradle/api/internal/artifacts/transform/AbstractTransformExecution done
Event: 6.225 loading class org/gradle/api/internal/artifacts/transform/AbstractTransformExecution
Event: 6.225 loading class org/gradle/api/internal/artifacts/transform/AbstractTransformExecution done
Event: 6.225 loading class org/gradle/api/internal/artifacts/transform/AbstractTransformExecution
Event: 6.225 loading class org/gradle/api/internal/artifacts/transform/AbstractTransformExecution done
Event: 6.225 loading class org/gradle/api/internal/artifacts/transform/AbstractTransformExecution
Event: 6.225 loading class org/gradle/api/internal/artifacts/transform/AbstractTransformExecution done
Event: 6.225 loading class org/gradle/api/internal/artifacts/transform/AbstractTransformExecution
Event: 6.225 loading class org/gradle/api/internal/artifacts/transform/AbstractTransformExecution done
Event: 6.225 loading class org/gradle/api/internal/artifacts/transform/AbstractTransformExecution
Event: 6.225 loading class org/gradle/api/internal/artifacts/transform/AbstractTransformExecution done


Dynamic libraries:
0x0000000104f50000 	/opt/homebrew/Cellar/openjdk@11/11.0.24/libexec/openjdk.jdk/Contents/Home/lib/jli/libjli.dylib
0x00000001a430b000 	/System/Library/Frameworks/Cocoa.framework/Versions/A/Cocoa
0x0000000189698000 	/System/Library/Frameworks/AppKit.framework/Versions/C/AppKit
0x000000018cd0c000 	/System/Library/Frameworks/CoreData.framework/Versions/A/CoreData
0x0000000186a92000 	/System/Library/Frameworks/Foundation.framework/Versions/C/Foundation
0x0000000194ccf000 	/usr/lib/libSystem.B.dylib
0x000000018adc5000 	/System/Library/PrivateFrameworks/UIFoundation.framework/Versions/A/UIFoundation
0x000000023eadd000 	/System/Library/PrivateFrameworks/CollectionViewCore.framework/Versions/A/CollectionViewCore
0x0000000192060000 	/System/Library/PrivateFrameworks/XCTTargetBootstrap.framework/Versions/A/XCTTargetBootstrap
0x0000000197738000 	/System/Library/PrivateFrameworks/InternationalSupport.framework/Versions/A/InternationalSupport
0x0000000197a92000 	/System/Library/PrivateFrameworks/UserActivity.framework/Versions/A/UserActivity
0x000000018d39c000 	/System/Library/PrivateFrameworks/BaseBoard.framework/Versions/A/BaseBoard
0x00000002472aa000 	/System/Library/PrivateFrameworks/FrontBoard.framework/Versions/A/FrontBoard
0x000000019f14b000 	/System/Library/PrivateFrameworks/FrontBoardServices.framework/Versions/A/FrontBoardServices
0x0000000283249000 	/usr/lib/libRosetta.dylib
0x0000000276afe000 	/System/Library/PrivateFrameworks/UIIntelligenceSupport.framework/Versions/A/UIIntelligenceSupport
0x00000002339e6000 	/System/Library/Frameworks/SwiftUICore.framework/Versions/A/SwiftUICore
0x000000027d0b2000 	/System/Library/PrivateFrameworks/WritingTools.framework/Versions/A/WritingTools
0x000000027bf03000 	/System/Library/PrivateFrameworks/WindowManagement.framework/Versions/A/WindowManagement
0x00000001866f1000 	/System/Library/Frameworks/SystemConfiguration.framework/Versions/A/SystemConfiguration
0x000000019696a000 	/usr/lib/libspindump.dylib
0x000000018af80000 	/System/Library/Frameworks/UniformTypeIdentifiers.framework/Versions/A/UniformTypeIdentifiers
0x0000000193f66000 	/usr/lib/libbsm.0.dylib
0x000000018f76a000 	/usr/lib/libapp_launch_measurement.dylib
0x000000018ea5f000 	/System/Library/PrivateFrameworks/CoreAnalytics.framework/Versions/A/CoreAnalytics
0x000000018f76e000 	/System/Library/PrivateFrameworks/CoreAutoLayout.framework/Versions/A/CoreAutoLayout
0x00000001915ab000 	/System/Library/Frameworks/Metal.framework/Versions/A/Metal
0x00000001929b3000 	/usr/lib/liblangid.dylib
0x0000000192066000 	/System/Library/PrivateFrameworks/CoreSVG.framework/Versions/A/CoreSVG
0x000000018b9e1000 	/System/Library/PrivateFrameworks/SkyLight.framework/Versions/A/SkyLight
0x0000000246fe3000 	/System/Library/PrivateFrameworks/FocusEngine.framework/Versions/A/FocusEngine
0x000000018bfa8000 	/System/Library/Frameworks/CoreGraphics.framework/Versions/A/CoreGraphics
0x0000000244bde000 	/System/Library/PrivateFrameworks/DesignLibrary.framework/Versions/A/DesignLibrary
0x000000019d413000 	/System/Library/Frameworks/Accelerate.framework/Versions/A/Accelerate
0x000000019675f000 	/System/Library/PrivateFrameworks/IconServices.framework/Versions/A/IconServices
0x0000000191583000 	/System/Library/Frameworks/IOSurface.framework/Versions/A/IOSurface
0x000000018ea8f000 	/usr/lib/libDiagnosticMessagesClient.dylib
0x0000000194c18000 	/usr/lib/libz.1.dylib
0x00000001a173b000 	/System/Library/Frameworks/ApplicationServices.framework/Versions/A/ApplicationServices
0x000000019204b000 	/System/Library/PrivateFrameworks/DFRFoundation.framework/Versions/A/DFRFoundation
0x0000000188ee7000 	/usr/lib/libicucore.A.dylib
0x0000000198ccf000 	/System/Library/Frameworks/AudioToolbox.framework/Versions/A/AudioToolbox
0x0000000197a40000 	/System/Library/PrivateFrameworks/DataDetectorsCore.framework/Versions/A/DataDetectorsCore
0x0000000277711000 	/System/Library/PrivateFrameworks/UpdateCycle.framework/Versions/A/UpdateCycle
0x00000001b5936000 	/System/Library/PrivateFrameworks/TextInput.framework/Versions/A/TextInput
0x000000018b923000 	/usr/lib/libMobileGestalt.dylib
0x0000000191d47000 	/System/Library/Frameworks/Carbon.framework/Versions/A/Frameworks/HIToolbox.framework/Versions/A/HIToolbox
0x000000018efc4000 	/System/Library/Frameworks/QuartzCore.framework/Versions/A/QuartzCore
0x0000000188ac2000 	/System/Library/Frameworks/Security.framework/Versions/A/Security
0x000000019cd92000 	/System/Library/Frameworks/Carbon.framework/Versions/A/Frameworks/SpeechRecognition.framework/Versions/A/SpeechRecognition
0x000000018f439000 	/System/Library/PrivateFrameworks/CoreUI.framework/Versions/A/CoreUI
0x0000000188310000 	/System/Library/Frameworks/CoreAudio.framework/Versions/A/CoreAudio
0x000000018eb83000 	/System/Library/Frameworks/DiskArbitration.framework/Versions/A/DiskArbitration
0x0000000196f12000 	/System/Library/PrivateFrameworks/MultitouchSupport.framework/Versions/A/MultitouchSupport
0x000000018b921000 	/usr/lib/libenergytrace.dylib
0x00000001a8e1a000 	/System/Library/PrivateFrameworks/RenderBox.framework/Versions/A/RenderBox
0x000000018953f000 	/System/Library/Frameworks/IOKit.framework/Versions/A/IOKit
0x000000019d19c000 	/System/Library/Frameworks/CoreServices.framework/Versions/A/CoreServices
0x000000018f6fb000 	/System/Library/PrivateFrameworks/PerformanceAnalysis.framework/Versions/A/PerformanceAnalysis
0x00000002293d0000 	/System/Library/Frameworks/OpenGL.framework/Versions/A/OpenGL
0x000000018f7b8000 	/usr/lib/libxml2.2.dylib
0x0000000193e47000 	/System/Library/PrivateFrameworks/MobileKeyBag.framework/Versions/A/MobileKeyBag
0x0000000184da8000 	/usr/lib/libobjc.A.dylib
0x000000018510e000 	/usr/lib/libc++.1.dylib
0x000000019d119000 	/System/Library/Frameworks/Accessibility.framework/Versions/A/Accessibility
0x000000018c702000 	/System/Library/Frameworks/ColorSync.framework/Versions/A/ColorSync
0x000000018523f000 	/System/Library/Frameworks/CoreFoundation.framework/Versions/A/CoreFoundation
0x00000001923f3000 	/System/Library/Frameworks/CoreImage.framework/Versions/A/CoreImage
0x00000001880e3000 	/System/Library/Frameworks/CoreText.framework/Versions/A/CoreText
0x000000022acda000 	/System/Library/Frameworks/CoreTransferable.framework/Versions/A/CoreTransferable
0x000000022b216000 	/System/Library/Frameworks/DataDetection.framework/Versions/A/DataDetection
0x000000022b22b000 	/System/Library/Frameworks/DeveloperToolsSupport.framework/Versions/A/DeveloperToolsSupport
0x00000001920a4000 	/System/Library/Frameworks/ImageIO.framework/Versions/A/ImageIO
0x000000023495b000 	/System/Library/Frameworks/Symbols.framework/Versions/A/Symbols
0x00000001bab5b000 	/System/Library/PrivateFrameworks/AttributeGraph.framework/Versions/A/AttributeGraph
0x000000019f22a000 	/System/Library/PrivateFrameworks/BoardServices.framework/Versions/A/BoardServices
0x00000001df31a000 	/System/Library/PrivateFrameworks/FeatureFlags.framework/Versions/A/FeatureFlags
0x0000000250223000 	/System/Library/PrivateFrameworks/Gestures.framework/Versions/A/Gestures
0x0000000194cd4000 	/System/Library/PrivateFrameworks/SoftLinking.framework/Versions/A/SoftLinking
0x00000001c93ff000 	/usr/lib/swift/libswiftAccelerate.dylib
0x00000001bf876000 	/usr/lib/swift/libswiftCompression.dylib
0x0000000198637000 	/usr/lib/swift/libswiftCore.dylib
0x00000001b1c07000 	/usr/lib/swift/libswiftCoreFoundation.dylib
0x00000001b1c60000 	/usr/lib/swift/libswiftCoreImage.dylib
0x000000019eec6000 	/usr/lib/swift/libswiftDispatch.dylib
0x00000001b1c61000 	/usr/lib/swift/libswiftIOKit.dylib
0x00000001bf869000 	/usr/lib/swift/libswiftMetal.dylib
0x00000001cebee000 	/usr/lib/swift/libswiftOSLog.dylib
0x00000001a1d8c000 	/usr/lib/swift/libswiftObjectiveC.dylib
0x000000028448a000 	/usr/lib/swift/libswiftObservation.dylib
0x00000001c4b82000 	/usr/lib/swift/libswiftQuartzCore.dylib
0x00000002845c9000 	/usr/lib/swift/libswiftSynchronization.dylib
0x00000001c93f0000 	/usr/lib/swift/libswiftUniformTypeIdentifiers.dylib
0x00000001b1c19000 	/usr/lib/swift/libswiftXPC.dylib
0x0000000284603000 	/usr/lib/swift/libswift_Builtin_float.dylib
0x0000000284606000 	/usr/lib/swift/libswift_Concurrency.dylib
0x00000001a1d90000 	/usr/lib/swift/libswiftos.dylib
0x00000001b56c6000 	/usr/lib/swift/libswiftsimd.dylib
0x0000000194efb000 	/usr/lib/libcompression.dylib
0x0000000197698000 	/System/Library/PrivateFrameworks/TextureIO.framework/Versions/A/TextureIO
0x000000018c8ae000 	/System/Library/Frameworks/ApplicationServices.framework/Versions/A/Frameworks/HIServices.framework/Versions/A/HIServices
0x00000001963e8000 	/usr/lib/libate.dylib
0x0000000194cc9000 	/usr/lib/system/libcache.dylib
0x0000000194c84000 	/usr/lib/system/libcommonCrypto.dylib
0x0000000194caf000 	/usr/lib/system/libcompiler_rt.dylib
0x0000000194ca4000 	/usr/lib/system/libcopyfile.dylib
0x0000000184f48000 	/usr/lib/system/libcorecrypto.dylib
0x0000000185041000 	/usr/lib/system/libdispatch.dylib
0x0000000184dfc000 	/usr/lib/system/libdyld.dylib
0x0000000194cbf000 	/usr/lib/system/libkeymgr.dylib
0x0000000194c67000 	/usr/lib/system/libmacho.dylib
0x0000000193f3e000 	/usr/lib/system/libquarantine.dylib
0x0000000194cbc000 	/usr/lib/system/libremovefile.dylib
0x000000018b9a4000 	/usr/lib/system/libsystem_asl.dylib
0x0000000184ecd000 	/usr/lib/system/libsystem_blocks.dylib
0x000000018508b000 	/usr/lib/system/libsystem_c.dylib
0x0000000194cb3000 	/usr/lib/system/libsystem_collections.dylib
0x00000001929a0000 	/usr/lib/system/libsystem_configuration.dylib
0x000000019154a000 	/usr/lib/system/libsystem_containermanager.dylib
0x00000001946ce000 	/usr/lib/system/libsystem_coreservices.dylib
0x00000001891b9000 	/usr/lib/system/libsystem_darwin.dylib
0x0000000284959000 	/usr/lib/system/libsystem_darwindirectory.dylib
0x0000000194cc0000 	/usr/lib/system/libsystem_dnssd.dylib
0x000000028495d000 	/usr/lib/system/libsystem_eligibility.dylib
0x0000000185088000 	/usr/lib/system/libsystem_featureflags.dylib
0x000000018520f000 	/usr/lib/system/libsystem_info.dylib
0x0000000194c28000 	/usr/lib/system/libsystem_m.dylib
0x0000000184ff5000 	/usr/lib/system/libsystem_malloc.dylib
0x000000018b906000 	/usr/lib/system/libsystem_networkextension.dylib
0x000000018962a000 	/usr/lib/system/libsystem_notify.dylib
0x00000001929a5000 	/usr/lib/system/libsystem_sandbox.dylib
0x0000000284967000 	/usr/lib/system/libsystem_sanitizers.dylib
0x0000000194cb8000 	/usr/lib/system/libsystem_secinit.dylib
0x00000001851bc000 	/usr/lib/system/libsystem_kernel.dylib
0x0000000185206000 	/usr/lib/system/libsystem_platform.dylib
0x00000001851f9000 	/usr/lib/system/libsystem_pthread.dylib
0x000000018d580000 	/usr/lib/system/libsystem_symptoms.dylib
0x0000000184f27000 	/usr/lib/system/libsystem_trace.dylib
0x000000028496f000 	/usr/lib/system/libsystem_trial.dylib
0x0000000194c92000 	/usr/lib/system/libunwind.dylib
0x0000000184ed1000 	/usr/lib/system/libxpc.dylib
0x00000001851a1000 	/usr/lib/libc++abi.dylib
0x000000028419a000 	/usr/lib/libswiftPrespecialized.dylib
0x0000000194cd1000 	/usr/lib/libfakelink.dylib
0x000000018b54a000 	/System/Library/Frameworks/CFNetwork.framework/Versions/A/CFNetwork
0x0000000194d25000 	/usr/lib/libarchive.2.dylib
0x000000019aea7000 	/System/Library/Frameworks/Combine.framework/Versions/A/Combine
0x000000023eb02000 	/System/Library/PrivateFrameworks/CollectionsInternal.framework/Versions/A/CollectionsInternal
0x0000000265c81000 	/System/Library/PrivateFrameworks/ReflectionInternal.framework/Versions/A/ReflectionInternal
0x0000000266b0d000 	/System/Library/PrivateFrameworks/RuntimeInternal.framework/Versions/A/RuntimeInternal
0x00000001aeaae000 	/usr/lib/swift/libswiftDarwin.dylib
0x00000002845d1000 	/usr/lib/swift/libswiftSystem.dylib
0x0000000284690000 	/usr/lib/swift/libswift_DarwinFoundation1.dylib
0x0000000284771000 	/usr/lib/swift/libswift_StringProcessing.dylib
0x00000001894be000 	/System/Library/PrivateFrameworks/CoreServicesInternal.framework/Versions/A/CoreServicesInternal
0x0000000194c9c000 	/usr/lib/liboah.dylib
0x00000001a11d9000 	/System/Library/PrivateFrameworks/DiskImages.framework/Versions/A/DiskImages
0x00000001ae570000 	/System/Library/Frameworks/NetFS.framework/Versions/A/NetFS
0x000000018f732000 	/System/Library/Frameworks/CoreServices.framework/Versions/A/Frameworks/FSEvents.framework/Versions/A/FSEvents
0x00000001891c4000 	/System/Library/Frameworks/CoreServices.framework/Versions/A/Frameworks/CarbonCore.framework/Versions/A/CarbonCore
0x000000018eaf7000 	/System/Library/Frameworks/CoreServices.framework/Versions/A/Frameworks/Metadata.framework/Versions/A/Metadata
0x00000001946d6000 	/System/Library/Frameworks/CoreServices.framework/Versions/A/Frameworks/OSServices.framework/Versions/A/OSServices
0x0000000194e1d000 	/System/Library/Frameworks/CoreServices.framework/Versions/A/Frameworks/SearchKit.framework/Versions/A/SearchKit
0x000000018d4f9000 	/System/Library/Frameworks/CoreServices.framework/Versions/A/Frameworks/AE.framework/Versions/A/AE
0x0000000185789000 	/System/Library/Frameworks/CoreServices.framework/Versions/A/Frameworks/LaunchServices.framework/Versions/A/LaunchServices
0x000000019623e000 	/System/Library/Frameworks/CoreServices.framework/Versions/A/Frameworks/DictionaryServices.framework/Versions/A/DictionaryServices
0x000000018f740000 	/System/Library/Frameworks/CoreServices.framework/Versions/A/Frameworks/SharedFileList.framework/Versions/A/SharedFileList
0x0000000194eb2000 	/usr/lib/libapple_nghttp2.dylib
0x000000018d113000 	/usr/lib/libsqlite3.dylib
0x00000001a1421000 	/System/Library/PrivateFrameworks/AppSupport.framework/Versions/A/AppSupport
0x0000000199369000 	/System/Library/Frameworks/GSS.framework/Versions/A/GSS
0x000000018d48d000 	/System/Library/PrivateFrameworks/RunningBoardServices.framework/Versions/A/RunningBoardServices
0x00000001a1d1a000 	/System/Library/PrivateFrameworks/StreamingZip.framework/Versions/A/StreamingZip
0x000000018d589000 	/System/Library/Frameworks/Network.framework/Versions/A/Network
0x0000000194c6b000 	/usr/lib/system/libkxld.dylib
0x000000023a363000 	/System/Library/PrivateFrameworks/AppleKeyStore.framework/Versions/A/AppleKeyStore
0x0000000282f2c000 	/usr/lib/libCoreEntitlements.dylib
0x000000025bb53000 	/System/Library/PrivateFrameworks/MessageSecurity.framework/Versions/A/MessageSecurity
0x000000018d0f7000 	/System/Library/PrivateFrameworks/ProtocolBuffer.framework/Versions/A/ProtocolBuffer
0x000000019e2c7000 	/System/Library/PrivateFrameworks/SymptomDiagnosticReporter.framework/Versions/A/SymptomDiagnosticReporter
0x0000000196482000 	/System/Library/PrivateFrameworks/CrashReporterSupport.framework/Versions/A/CrashReporterSupport
0x00000001946b5000 	/System/Library/PrivateFrameworks/AppleFSCompression.framework/Versions/A/AppleFSCompression
0x0000000193f4e000 	/usr/lib/libcoretls.dylib
0x00000001962b5000 	/usr/lib/libcoretls_cfhelpers.dylib
0x0000000194ef4000 	/usr/lib/libpam.2.dylib
0x0000000196327000 	/usr/lib/libxar.1.dylib
0x00000001962b7000 	/System/Library/PrivateFrameworks/APFS.framework/Versions/A/APFS
0x00000002715b9000 	/System/Library/PrivateFrameworks/SwiftASN1Internal.framework/Versions/A/SwiftASN1Internal
0x0000000196336000 	/usr/lib/libutil.dylib
0x00000001929ae000 	/System/Library/PrivateFrameworks/AppleSystemInfo.framework/Versions/A/AppleSystemInfo
0x0000000193c36000 	/System/Library/PrivateFrameworks/IOMobileFramebuffer.framework/Versions/A/IOMobileFramebuffer
0x00000001b1acd000 	/System/Library/PrivateFrameworks/LoggingSupport.framework/Versions/A/LoggingSupport
0x00000001993cc000 	/System/Library/PrivateFrameworks/MobileAsset.framework/Versions/A/MobileAsset
0x000000019e2d7000 	/System/Library/PrivateFrameworks/PowerLog.framework/Versions/A/PowerLog
0x0000000233878000 	/System/Library/Frameworks/SwiftData.framework/Versions/A/SwiftData
0x000000018f965000 	/System/Library/PrivateFrameworks/UserManagement.framework/Versions/A/UserManagement
0x000000018b475000 	/usr/lib/libboringssl.dylib
0x000000018d56e000 	/usr/lib/libdns_services.dylib
0x00000001b0b04000 	/usr/lib/libquic.dylib
0x00000001985c7000 	/usr/lib/libusrtcp.dylib
0x000000023b155000 	/System/Library/PrivateFrameworks/AtomicsInternal.framework/Versions/A/AtomicsInternal
0x00000001d747a000 	/System/Library/PrivateFrameworks/InternalSwiftProtobuf.framework/Versions/A/InternalSwiftProtobuf
0x0000000284461000 	/usr/lib/swift/libswiftDistributed.dylib
0x00000001929ac000 	/System/Library/PrivateFrameworks/AggregateDictionary.framework/Versions/A/AggregateDictionary
0x000000023b8e8000 	/System/Library/PrivateFrameworks/BiomeLibrary.framework/Versions/A/BiomeLibrary
0x00000001c0889000 	/System/Library/PrivateFrameworks/BiomeStreams.framework/Versions/A/BiomeStreams
0x00000001bca54000 	/System/Library/PrivateFrameworks/BiomeFoundation.framework/Versions/A/BiomeFoundation
0x00000001c694a000 	/System/Library/PrivateFrameworks/BiomePubSub.framework/Versions/A/BiomePubSub
0x00000001a2d46000 	/System/Library/PrivateFrameworks/ProactiveSupport.framework/Versions/A/ProactiveSupport
0x0000000196296000 	/usr/lib/liblzma.5.dylib
0x00000001a173c000 	/System/Library/PrivateFrameworks/InternationalTextSearch.framework/Versions/A/InternationalTextSearch
0x00000001b8f58000 	/System/Library/PrivateFrameworks/SoftwareUpdateCoreSupport.framework/Versions/A/SoftwareUpdateCoreSupport
0x00000001c130d000 	/System/Library/PrivateFrameworks/SoftwareUpdateCoreConnect.framework/Versions/A/SoftwareUpdateCoreConnect
0x00000001a12d7000 	/System/Library/PrivateFrameworks/RemoteServiceDiscovery.framework/Versions/A/RemoteServiceDiscovery
0x00000001b8b4f000 	/System/Library/PrivateFrameworks/MSUDataAccessor.framework/Versions/A/MSUDataAccessor
0x00000001b3c29000 	/usr/lib/libbootpolicy.dylib
0x00000001a12ee000 	/System/Library/PrivateFrameworks/RemoteXPC.framework/Versions/A/RemoteXPC
0x00000001c0755000 	/usr/lib/libFDR.dylib
0x00000001c656b000 	/usr/lib/libamsupport.dylib
0x0000000283241000 	/usr/lib/libReverseProxyDevice.dylib
0x0000000239c8c000 	/System/Library/PrivateFrameworks/AppleDeviceQuerySupport.framework/Versions/A/AppleDeviceQuerySupport
0x00000001c95ff000 	/usr/lib/libpartition2_dynamic.dylib
0x0000000194e8e000 	/System/Library/PrivateFrameworks/AppleSauce.framework/Versions/A/AppleSauce
0x0000000282dcd000 	/usr/lib/libAppleArchive.dylib
0x00000001946c1000 	/usr/lib/libbz2.1.0.dylib
0x000000018eb8d000 	/System/Library/Frameworks/Accelerate.framework/Versions/A/Frameworks/vImage.framework/Versions/A/vImage
0x000000019d176000 	/System/Library/Frameworks/Accelerate.framework/Versions/A/Frameworks/vecLib.framework/Versions/A/vecLib
0x000000019636d000 	/System/Library/Frameworks/Accelerate.framework/Versions/A/Frameworks/vecLib.framework/Versions/A/libvMisc.dylib
0x0000000185c89000 	/System/Library/Frameworks/Accelerate.framework/Versions/A/Frameworks/vecLib.framework/Versions/A/libBLAS.dylib
0x000000018f89f000 	/System/Library/Frameworks/CoreVideo.framework/Versions/A/CoreVideo
0x0000000198f70000 	/System/Library/Frameworks/ApplicationServices.framework/Versions/A/Frameworks/ATS.framework/Versions/A/ATS
0x0000000197621000 	/System/Library/Frameworks/ApplicationServices.framework/Versions/A/Frameworks/PrintCore.framework/Versions/A/PrintCore
0x0000000199332000 	/System/Library/Frameworks/ApplicationServices.framework/Versions/A/Frameworks/QD.framework/Versions/A/QD
0x000000019932d000 	/System/Library/Frameworks/ApplicationServices.framework/Versions/A/Frameworks/ColorSyncLegacy.framework/Versions/A/ColorSyncLegacy
0x0000000198f42000 	/System/Library/Frameworks/ApplicationServices.framework/Versions/A/Frameworks/SpeechSynthesis.framework/Versions/A/SpeechSynthesis
0x0000000191a75000 	/System/Library/PrivateFrameworks/FontServices.framework/libFontParser.dylib
0x00000001a0ffd000 	/System/Library/PrivateFrameworks/BackBoardServices.framework/Versions/A/BackBoardServices
0x000000023b801000 	/System/Library/PrivateFrameworks/BackBoardHIDEventFoundation.framework/Versions/A/BackBoardHIDEventFoundation
0x0000000187bf4000 	/System/Library/Frameworks/CoreDisplay.framework/Versions/A/CoreDisplay
0x0000000196f58000 	/System/Library/Frameworks/VideoToolbox.framework/Versions/A/VideoToolbox
0x0000000194ef2000 	/System/Library/Frameworks/MetalPerformanceShaders.framework/Versions/A/MetalPerformanceShaders
0x0000000264ced000 	/System/Library/PrivateFrameworks/ProDisplayLibrary.framework/Versions/A/ProDisplayLibrary
0x00000001a4ddd000 	/System/Library/PrivateFrameworks/IOSurfaceAccelerator.framework/Versions/A/IOSurfaceAccelerator
0x00000001915a0000 	/System/Library/PrivateFrameworks/IOAccelerator.framework/Versions/A/IOAccelerator
0x00000001918b8000 	/System/Library/Frameworks/CoreMedia.framework/Versions/A/CoreMedia
0x000000018b9bc000 	/System/Library/PrivateFrameworks/TCC.framework/Versions/A/TCC
0x0000000196f10000 	/System/Library/PrivateFrameworks/WatchdogClient.framework/Versions/A/WatchdogClient
0x00000001b1be7000 	/usr/lib/swift/libswiftCoreAudio.dylib
0x00000001cd447000 	/usr/lib/swift/libswiftCoreMedia.dylib
0x00000002845eb000 	/usr/lib/swift/libswiftVideoToolbox.dylib
0x00000001c69a8000 	/System/Library/PrivateFrameworks/BiomeStorage.framework/Versions/A/BiomeStorage
0x00000002561b3000 	/System/Library/PrivateFrameworks/IntelligencePlatformLibrary.framework/Versions/A/IntelligencePlatformLibrary
0x0000000263fec000 	/System/Library/PrivateFrameworks/PoirotSchematizer.framework/Versions/A/PoirotSchematizer
0x000000023c130000 	/System/Library/PrivateFrameworks/BiomeSync.framework/Versions/A/BiomeSync
0x000000023b8ce000 	/System/Library/PrivateFrameworks/BiomeDSL.framework/Versions/A/BiomeDSL
0x0000000264056000 	/System/Library/PrivateFrameworks/PoirotUDFs.framework/Versions/A/PoirotUDFs
0x0000000263fbb000 	/System/Library/PrivateFrameworks/PoirotSQLite.framework/Versions/A/PoirotSQLite
0x000000019f747000 	/System/Library/PrivateFrameworks/CoreTime.framework/Versions/A/CoreTime
0x0000000194d0a000 	/usr/lib/libiconv.2.dylib
0x0000000194c66000 	/usr/lib/libcharset.1.dylib
0x00000002846d1000 	/usr/lib/swift/libswift_RegexParser.dylib
0x000000023d741000 	/System/Library/PrivateFrameworks/CascadeSets.framework/Versions/A/CascadeSets
0x000000019953c000 	/System/Library/PrivateFrameworks/CorePhoneNumbers.framework/Versions/A/CorePhoneNumbers
0x0000000196cf8000 	/System/Library/PrivateFrameworks/AppleJPEG.framework/Versions/A/AppleJPEG
0x00000001966da000 	/usr/lib/libexpat.1.dylib
0x00000001974f4000 	/System/Library/Frameworks/ImageIO.framework/Versions/A/Resources/libPng.dylib
0x0000000197520000 	/System/Library/Frameworks/ImageIO.framework/Versions/A/Resources/libTIFF.dylib
0x000000019760a000 	/System/Library/Frameworks/ImageIO.framework/Versions/A/Resources/libGIF.dylib
0x0000000196d3d000 	/System/Library/Frameworks/ImageIO.framework/Versions/A/Resources/libJP2.dylib
0x00000001975b0000 	/System/Library/Frameworks/ImageIO.framework/Versions/A/Resources/libJPEG.dylib
0x00000001975a7000 	/System/Library/Frameworks/ImageIO.framework/Versions/A/Resources/libRadiance.dylib
0x000000024c991000 	/System/Library/PrivateFrameworks/GPUCompiler.framework/Versions/32023/Libraries/libllvm-flatbuffers.dylib
0x000000024729d000 	/System/Library/PrivateFrameworks/FramePacing.framework/Versions/A/FramePacing
0x00000002293c2000 	/System/Library/Frameworks/OpenGL.framework/Versions/A/Libraries/libCoreFSCache.dylib
0x00000002483de000 	/System/Library/PrivateFrameworks/GPUCompiler.framework/Versions/32023/Libraries/libGPUCompilerUtils.dylib
0x000000019f2f7000 	/System/Library/PrivateFrameworks/GraphicsServices.framework/Versions/A/GraphicsServices
0x00000001a2ed2000 	/System/Library/PrivateFrameworks/ASEProcessing.framework/Versions/A/ASEProcessing
0x00000001d2c49000 	/System/Library/PrivateFrameworks/Symbolication.framework/Versions/A/Symbolication
0x0000000263bd8000 	/System/Library/PrivateFrameworks/PhotosensitivityProcessing.framework/Versions/A/PhotosensitivityProcessing
0x0000000266d46000 	/System/Library/PrivateFrameworks/SILManager.framework/Versions/A/SILManager
0x000000019690c000 	/System/Library/PrivateFrameworks/GraphVisualizer.framework/Versions/A/GraphVisualizer
0x0000000229421000 	/System/Library/Frameworks/OpenGL.framework/Versions/A/Libraries/libGLU.dylib
0x00000002293e4000 	/System/Library/Frameworks/OpenGL.framework/Versions/A/Libraries/libGFXShared.dylib
0x00000002295b0000 	/System/Library/Frameworks/OpenGL.framework/Versions/A/Libraries/libGL.dylib
0x00000002293ed000 	/System/Library/Frameworks/OpenGL.framework/Versions/A/Libraries/libGLImage.dylib
0x00000002293e1000 	/System/Library/Frameworks/OpenGL.framework/Versions/A/Libraries/libCVMSPluginSupport.dylib
0x00000002293ca000 	/System/Library/Frameworks/OpenGL.framework/Versions/A/Libraries/libCoreVMClient.dylib
0x00000002471a8000 	/System/Library/PrivateFrameworks/FontServices.framework/Versions/A/FontServices
0x000000019691c000 	/System/Library/PrivateFrameworks/OTSVG.framework/Versions/A/OTSVG
0x000000018f3e6000 	/System/Library/Frameworks/ApplicationServices.framework/Versions/A/Frameworks/ATS.framework/Versions/A/Resources/libFontRegistry.dylib
0x0000000283751000 	/usr/lib/libhvf.dylib
0x0000000260a10000 	/System/Library/PrivateFrameworks/ParsingInternal.framework/Versions/A/ParsingInternal
0x00000002471ac000 	/System/Library/PrivateFrameworks/FontServices.framework/libXTFontStaticRegistryData.dylib
0x00000001928eb000 	/System/Library/Frameworks/MetalPerformanceShaders.framework/Versions/A/Frameworks/MPSCore.framework/Versions/A/MPSCore
0x0000000194620000 	/System/Library/Frameworks/MetalPerformanceShaders.framework/Versions/A/Frameworks/MPSImage.framework/Versions/A/MPSImage
0x0000000193ff1000 	/System/Library/Frameworks/MetalPerformanceShaders.framework/Versions/A/Frameworks/MPSNeuralNetwork.framework/Versions/A/MPSNeuralNetwork
0x0000000194429000 	/System/Library/Frameworks/MetalPerformanceShaders.framework/Versions/A/Frameworks/MPSMatrix.framework/Versions/A/MPSMatrix
0x000000019423e000 	/System/Library/Frameworks/MetalPerformanceShaders.framework/Versions/A/Frameworks/MPSRayIntersector.framework/Versions/A/MPSRayIntersector
0x000000019445b000 	/System/Library/Frameworks/MetalPerformanceShaders.framework/Versions/A/Frameworks/MPSNDArray.framework/Versions/A/MPSNDArray
0x000000022d559000 	/System/Library/Frameworks/MetalPerformanceShaders.framework/Versions/A/Frameworks/MPSFunctions.framework/Versions/A/MPSFunctions
0x000000022d53a000 	/System/Library/Frameworks/MetalPerformanceShaders.framework/Versions/A/Frameworks/MPSBenchmarkLoop.framework/Versions/A/MPSBenchmarkLoop
0x000000022d56e000 	/System/Library/Frameworks/MetalPerformanceShaders.framework/Versions/A/Frameworks/MPSHost.framework/Versions/A/MPSHost
0x0000000185aa5000 	/System/Library/PrivateFrameworks/MetalTools.framework/Versions/A/MetalTools
0x00000001b6d72000 	/System/Library/PrivateFrameworks/IOAccelMemoryInfo.framework/Versions/A/IOAccelMemoryInfo
0x00000001c4f78000 	/System/Library/PrivateFrameworks/kperf.framework/Versions/A/kperf
0x00000001b1be3000 	/System/Library/PrivateFrameworks/GPURawCounter.framework/Versions/A/GPURawCounter
0x000000019f630000 	/System/Library/PrivateFrameworks/CoreSymbolication.framework/Versions/A/CoreSymbolication
0x00000001b1b5a000 	/System/Library/PrivateFrameworks/MallocStackLogging.framework/Versions/A/MallocStackLogging
0x000000019f60d000 	/System/Library/PrivateFrameworks/DebugSymbols.framework/Versions/A/DebugSymbols
0x00000001c37de000 	/System/Library/PrivateFrameworks/OSAnalytics.framework/Versions/A/OSAnalytics
0x0000000245095000 	/System/Library/PrivateFrameworks/DeviceRecovery.framework/Versions/A/DeviceRecovery
0x000000022b370000 	/System/Library/Frameworks/ExtensionFoundation.framework/Versions/A/ExtensionFoundation
0x000000019695d000 	/System/Library/PrivateFrameworks/AppServerSupport.framework/Versions/A/AppServerSupport
0x000000022c6d8000 	/System/Library/Frameworks/LightweightCodeRequirements.framework/Versions/A/LightweightCodeRequirements
0x00000001965d9000 	/System/Library/PrivateFrameworks/PlugInKit.framework/Versions/A/PlugInKit
0x0000000193e5f000 	/System/Library/PrivateFrameworks/AssertionServices.framework/Versions/A/AssertionServices
0x00000001966ff000 	/System/Library/PrivateFrameworks/IconFoundation.framework/Versions/A/IconFoundation
0x00000002530b5000 	/System/Library/PrivateFrameworks/IconRendering.framework/Versions/A/IconRendering
0x0000000266cbe000 	/System/Library/PrivateFrameworks/SFSymbols.framework/Versions/A/SFSymbols
0x0000000187d18000 	/System/Library/PrivateFrameworks/AudioToolboxCore.framework/Versions/A/AudioToolboxCore
0x0000000198eaa000 	/System/Library/PrivateFrameworks/AudioSession.framework/Versions/A/AudioSession
0x00000001a411e000 	/System/Library/Frameworks/CoreMIDI.framework/Versions/A/CoreMIDI
0x0000000198f29000 	/usr/lib/libAudioStatistics.dylib
0x000000019188f000 	/System/Library/PrivateFrameworks/caulk.framework/Versions/A/caulk
0x00000001974ce000 	/usr/lib/libAudioToolboxUtility.dylib
0x00000001b8398000 	/usr/lib/swift/libswiftCoreMIDI.dylib
0x000000019933b000 	/System/Library/PrivateFrameworks/perfdata.framework/Versions/A/perfdata
0x00000001b0c01000 	/System/Library/PrivateFrameworks/SystemPolicy.framework/Versions/A/SystemPolicy
0x00000001991e0000 	/usr/lib/libSMC.dylib
0x0000000199349000 	/usr/lib/libperfcheck.dylib
0x000000023b215000 	/System/Library/PrivateFrameworks/AudioAnalytics.framework/Versions/A/AudioAnalytics
0x0000000284694000 	/usr/lib/swift/libswift_DarwinFoundation2.dylib
0x0000000284695000 	/usr/lib/swift/libswift_DarwinFoundation3.dylib
0x00000001d7177000 	/System/Library/Frameworks/OSLog.framework/Versions/A/OSLog
0x00000001b1b8c000 	/usr/lib/libmis.dylib
0x000000019681d000 	/System/Library/PrivateFrameworks/MediaExperience.framework/Versions/A/MediaExperience
0x0000000198c78000 	/System/Library/PrivateFrameworks/AudioSession.framework/libSessionUtility.dylib
0x0000000197610000 	/System/Library/PrivateFrameworks/CMCaptureCore.framework/Versions/A/CMCaptureCore
0x000000019e1c1000 	/System/Library/Frameworks/CoreBluetooth.framework/Versions/A/CoreBluetooth
0x0000000193ccb000 	/System/Library/PrivateFrameworks/CoreUtils.framework/Versions/A/CoreUtils
0x00000001a9b41000 	/System/Library/PrivateFrameworks/HID.framework/Versions/A/HID
0x0000000244492000 	/System/Library/PrivateFrameworks/CoreUtilsExtras.framework/Versions/A/CoreUtilsExtras
0x000000025300a000 	/System/Library/PrivateFrameworks/IO80211.framework/Versions/A/IO80211
0x000000019abfa000 	/System/Library/Frameworks/IOBluetooth.framework/Versions/A/IOBluetooth
0x000000023ae03000 	/System/Library/PrivateFrameworks/ArgumentParserInternal.framework/Versions/A/ArgumentParserInternal
0x0000000196479000 	/usr/lib/libIOReport.dylib
0x0000000193e6e000 	/System/Library/Frameworks/SecurityFoundation.framework/Versions/A/SecurityFoundation
0x0000000186469000 	/System/Library/PrivateFrameworks/Lexicon.framework/Versions/A/Lexicon
0x0000000193fd9000 	/usr/lib/libgermantok.dylib
0x0000000192ad7000 	/System/Library/PrivateFrameworks/LinguisticData.framework/Versions/A/LinguisticData
0x000000019e3c9000 	/System/Library/PrivateFrameworks/MediaKit.framework/Versions/A/MediaKit
0x000000019e314000 	/System/Library/Frameworks/DiscRecording.framework/Versions/A/DiscRecording
0x00000001966f5000 	/usr/lib/libheimdal-asn1.dylib
0x00000001a1cf0000 	/System/Library/Frameworks/AudioUnit.framework/Versions/A/AudioUnit
0x000000018f705000 	/System/Library/Frameworks/OpenDirectory.framework/Versions/A/OpenDirectory
0x000000018f713000 	/System/Library/Frameworks/OpenDirectory.framework/Versions/A/Frameworks/CFOpenDirectory.framework/Versions/A/CFOpenDirectory
0x0000000229934000 	/System/Library/Frameworks/AVFAudio.framework/Versions/A/AVFAudio
0x00000001aab12000 	/usr/lib/libAccessibility.dylib
0x0000000256d5a000 	/System/Library/PrivateFrameworks/IsolatedCoreAudioClient.framework/Versions/A/IsolatedCoreAudioClient
0x0000000274b94000 	/System/Library/PrivateFrameworks/Tightbeam.framework/Versions/A/Tightbeam
0x0000000240390000 	/System/Library/PrivateFrameworks/CoreAudioOrchestration.framework/Versions/A/CoreAudioOrchestration
0x00000001c9b52000 	/System/Library/PrivateFrameworks/AFKUser.framework/Versions/A/AFKUser
0x000000019d463000 	/System/Library/Frameworks/MediaAccessibility.framework/Versions/A/MediaAccessibility
0x0000000278db3000 	/System/Library/PrivateFrameworks/VideoToolboxParavirtualizationSupport.framework/Versions/A/VideoToolboxParavirtualizationSupport
0x0000000196691000 	/System/Library/PrivateFrameworks/AppleVA.framework/Versions/A/AppleVA
0x00000001975a2000 	/System/Library/PrivateFrameworks/GPUWrangler.framework/Versions/A/GPUWrangler
0x0000000197582000 	/System/Library/PrivateFrameworks/IOPresentment.framework/Versions/A/IOPresentment
0x00000001975aa000 	/System/Library/PrivateFrameworks/DSExternalDisplay.framework/Versions/A/DSExternalDisplay
0x000000023ac5a000 	/System/Library/PrivateFrameworks/AppleMobileFileIntegrity.framework/Versions/A/AppleMobileFileIntegrity
0x00000002832ce000 	/usr/lib/libTLE.dylib
0x00000001e847d000 	/System/Library/PrivateFrameworks/ConfigProfileHelper.framework/Versions/A/ConfigProfileHelper
0x00000001dd28a000 	/usr/lib/libedit.3.dylib
0x00000002582da000 	/System/Library/PrivateFrameworks/MIL.framework/Versions/A/MIL
0x00000001b6d35000 	/usr/lib/libncurses.5.4.dylib
0x0000000193c00000 	/System/Library/PrivateFrameworks/CoreEmoji.framework/Versions/A/CoreEmoji
0x0000000186785000 	/usr/lib/libCRFSuite.dylib
0x00000001929b5000 	/System/Library/PrivateFrameworks/CoreNLP.framework/Versions/A/CoreNLP
0x0000000193f78000 	/usr/lib/libmecab.dylib
0x0000000194e85000 	/usr/lib/libThaiTokenizer.dylib
0x00000001d7642000 	/System/Library/PrivateFrameworks/HIDDisplay.framework/Versions/A/HIDDisplay
0x00000001975dc000 	/System/Library/Frameworks/ApplicationServices.framework/Versions/A/Frameworks/ATSUI.framework/Versions/A/ATSUI
0x00000001992c1000 	/usr/lib/libcups.2.dylib
0x0000000199357000 	/System/Library/Frameworks/Kerberos.framework/Versions/A/Kerberos
0x0000000198fb8000 	/usr/lib/libresolv.9.dylib
0x0000000196971000 	/System/Library/PrivateFrameworks/Heimdal.framework/Versions/A/Heimdal
0x00000001a1cef000 	/System/Library/Frameworks/Kerberos.framework/Versions/A/Libraries/libHeimdalProxy.dylib
0x00000001993bb000 	/System/Library/PrivateFrameworks/CommonAuth.framework/Versions/A/CommonAuth
0x00000001aaa0d000 	/System/Library/PrivateFrameworks/AXCoreUtilities.framework/Versions/A/AXCoreUtilities
0x0000000282ce7000 	/usr/lib/libAXSafeCategoryBundle.dylib
0x0000000193ac6000 	/System/Library/Frameworks/Accelerate.framework/Versions/A/Frameworks/vecLib.framework/Versions/A/libvDSP.dylib
0x0000000194fd2000 	/System/Library/Frameworks/Accelerate.framework/Versions/A/Frameworks/vecLib.framework/Versions/A/libLAPACK.dylib
0x0000000193fdc000 	/System/Library/Frameworks/Accelerate.framework/Versions/A/Frameworks/vecLib.framework/Versions/A/libLinearAlgebra.dylib
0x0000000194ecb000 	/System/Library/Frameworks/Accelerate.framework/Versions/A/Frameworks/vecLib.framework/Versions/A/libSparseBLAS.dylib
0x0000000194fcd000 	/System/Library/Frameworks/Accelerate.framework/Versions/A/Frameworks/vecLib.framework/Versions/A/libQuadrature.dylib
0x0000000192ade000 	/System/Library/Frameworks/Accelerate.framework/Versions/A/Frameworks/vecLib.framework/Versions/A/libBNNS.dylib
0x000000018657e000 	/System/Library/Frameworks/Accelerate.framework/Versions/A/Frameworks/vecLib.framework/Versions/A/libSparse.dylib
0x0000000199320000 	/System/Library/PrivateFrameworks/NetAuth.framework/Versions/A/NetAuth
0x000000018f924000 	/System/Library/PrivateFrameworks/login.framework/Versions/A/Frameworks/loginsupport.framework/Versions/A/loginsupport
0x0000000193f42000 	/usr/lib/libCheckFix.dylib
0x000000018ea91000 	/System/Library/PrivateFrameworks/MetadataUtilities.framework/Versions/A/MetadataUtilities
0x0000000253ad2000 	/System/Library/PrivateFrameworks/InstalledContentLibrary.framework/Versions/A/InstalledContentLibrary
0x00000001894ff000 	/System/Library/PrivateFrameworks/CoreServicesStore.framework/Versions/A/CoreServicesStore
0x00000001c507f000 	/System/Library/PrivateFrameworks/MobileSystemServices.framework/Versions/A/MobileSystemServices
0x000000019633a000 	/usr/lib/libxslt.1.dylib
0x0000000193f01000 	/System/Library/PrivateFrameworks/BackgroundTaskManagement.framework/Versions/A/BackgroundTaskManagement
0x00000001a1399000 	/usr/lib/libcurl.4.dylib
0x0000000283507000 	/usr/lib/libcrypto.46.dylib
0x0000000284127000 	/usr/lib/libssl.48.dylib
0x00000001a106f000 	/System/Library/Frameworks/LDAP.framework/Versions/A/LDAP
0x00000001a10ab000 	/System/Library/PrivateFrameworks/TrustEvaluationAgent.framework/Versions/A/TrustEvaluationAgent
0x0000000198fd5000 	/usr/lib/libsasl2.2.dylib
0x00000001aeaad000 	/usr/lib/swift/libswiftCoreGraphics.dylib
0x000000019db5f000 	/usr/lib/swift/libswiftFoundation.dylib
0x00000001e7e39000 	/usr/lib/swift/libswiftSwiftOnoneSupport.dylib
0x0000000284806000 	/usr/lib/swift/libswiftsys_time.dylib
0x00000001d3406000 	/System/Library/PrivateFrameworks/CoreMaterial.framework/Versions/A/CoreMaterial
0x000000028454c000 	/usr/lib/swift/libswiftSpatial.dylib
0x00000002832cb000 	/usr/lib/libSpatial.dylib
0x0000000282c05000 	/System/Library/SubFrameworks/UIUtilities.framework/Versions/A/UIUtilities
0x000000010a568000 	/opt/homebrew/Cellar/openjdk@11/11.0.24/libexec/openjdk.jdk/Contents/Home/lib/server/libjvm.dylib
0x000000010537c000 	/opt/homebrew/Cellar/openjdk@11/11.0.24/libexec/openjdk.jdk/Contents/Home/lib/libverify.dylib
0x000000010558c000 	/opt/homebrew/Cellar/openjdk@11/11.0.24/libexec/openjdk.jdk/Contents/Home/lib/libjava.dylib
0x0000000105394000 	/opt/homebrew/Cellar/openjdk@11/11.0.24/libexec/openjdk.jdk/Contents/Home/lib/libjimage.dylib
0x00000001053c4000 	/opt/homebrew/Cellar/openjdk@11/11.0.24/libexec/openjdk.jdk/Contents/Home/lib/libinstrument.dylib
0x00000001053e0000 	/opt/homebrew/Cellar/openjdk@11/11.0.24/libexec/openjdk.jdk/Contents/Home/lib/libzip.dylib
0x000000010a42c000 	/opt/homebrew/Cellar/openjdk@11/11.0.24/libexec/openjdk.jdk/Contents/Home/lib/libnio.dylib
0x000000010a470000 	/opt/homebrew/Cellar/openjdk@11/11.0.24/libexec/openjdk.jdk/Contents/Home/lib/libnet.dylib
0x000000010a44c000 	/Users/sav/.gradle/native/c067742578af261105cb4f569cf0c3c89f3d7b1fecec35dd04571415982c5e48/osx-aarch64/libnative-platform.dylib
0x000000012b57c000 	/Users/sav/.gradle/native/38dada09dfb8b06ba9b0570ebf7e218e3eb74d4ef43ca46872605cf95ebc2f47/osx-aarch64/libnative-platform-file-events.dylib
0x000000010a45c000 	/opt/homebrew/Cellar/openjdk@11/11.0.24/libexec/openjdk.jdk/Contents/Home/lib/libmanagement.dylib
0x000000010a494000 	/opt/homebrew/Cellar/openjdk@11/11.0.24/libexec/openjdk.jdk/Contents/Home/lib/libmanagement_ext.dylib
0x000000010a4a8000 	/opt/homebrew/Cellar/openjdk@11/11.0.24/libexec/openjdk.jdk/Contents/Home/lib/libextnet.dylib


VM Arguments:
jvm_args: --add-opens=java.base/java.util=ALL-UNNAMED --add-opens=java.base/java.lang=ALL-UNNAMED --add-opens=java.base/java.lang.invoke=ALL-UNNAMED --add-opens=java.prefs/java.util.prefs=ALL-UNNAMED --add-opens=java.base/java.nio.charset=ALL-UNNAMED --add-opens=java.base/java.net=ALL-UNNAMED --add-opens=java.base/java.util.concurrent.atomic=ALL-UNNAMED -Xmx2048m -Dfile.encoding=UTF-8 -Duser.country=GB -Duser.language=en -Duser.variant -javaagent:/Users/sav/.gradle/wrapper/dists/gradle-8.5-bin/5t9huq95ubn472n8rpzujfbqh/gradle-8.5/lib/agents/gradle-instrumentation-agent-8.5.jar 
java_command: org.gradle.launcher.daemon.bootstrap.GradleDaemon 8.5
java_class_path (initial): /Users/sav/.gradle/wrapper/dists/gradle-8.5-bin/5t9huq95ubn472n8rpzujfbqh/gradle-8.5/lib/gradle-launcher-8.5.jar
Launcher Type: SUN_STANDARD

[Global flags]
     intx CICompilerCount                          = 4                                         {product} {ergonomic}
     uint ConcGCThreads                            = 2                                         {product} {ergonomic}
     uint G1ConcRefinementThreads                  = 9                                         {product} {ergonomic}
   size_t G1HeapRegionSize                         = 1048576                                   {product} {ergonomic}
    uintx GCDrainStackTargetSize                   = 64                                        {product} {ergonomic}
   size_t InitialHeapSize                          = 268435456                                 {product} {ergonomic}
   size_t MarkStackSize                            = 4194304                                   {product} {ergonomic}
   size_t MaxHeapSize                              = 2147483648                                {product} {command line}
   size_t MaxNewSize                               = 1287651328                                {product} {ergonomic}
   size_t MinHeapDeltaBytes                        = 1048576                                   {product} {ergonomic}
    uintx NonNMethodCodeHeapSize                   = 5836492                                {pd product} {ergonomic}
    uintx NonProfiledCodeHeapSize                  = 122910874                              {pd product} {ergonomic}
    uintx ProfiledCodeHeapSize                     = 122910874                              {pd product} {ergonomic}
    uintx ReservedCodeCacheSize                    = 251658240                              {pd product} {ergonomic}
     bool SegmentedCodeCache                       = true                                      {product} {ergonomic}
     bool UseCompressedClassPointers               = true                                 {lp64_product} {ergonomic}
     bool UseCompressedOops                        = true                                 {lp64_product} {ergonomic}
     bool UseG1GC                                  = true                                      {product} {ergonomic}

Logging:
Log output configuration:
 #0: stdout all=warning uptime,level,tags
 #1: stderr all=off uptime,level,tags

Environment Variables:
JAVA_HOME=/opt/homebrew/Cellar/openjdk@11/11.0.24/libexec/openjdk.jdk/Contents/Home
PATH=/Users/sav/development/flutter/bin:/opt/homebrew/Cellar/openjdk@11/11.0.24/libexec/openjdk.jdk/Contents/Home/bin:/Library/Frameworks/Python.framework/Versions/3.13/bin:/opt/homebrew/bin:/opt/homebrew/sbin:/Library/Frameworks/Python.framework/Versions/3.12/bin:/usr/local/bin:/System/Cryptexes/App/usr/bin:/usr/bin:/bin:/usr/sbin:/sbin:/var/run/com.apple.security.cryptexd/codex.system/bootstrap/usr/local/bin:/var/run/com.apple.security.cryptexd/codex.system/bootstrap/usr/bin:/var/run/com.apple.security.cryptexd/codex.system/bootstrap/usr/appleinternal/bin:/opt/pmk/env/global/bin:/opt/X11/bin:/Library/Apple/usr/bin:/Library/TeX/texbin:/Users/sav/Library/Application Support/JetBrains/Toolbox/scripts
SHELL=/bin/zsh
DISPLAY=/private/tmp/com.apple.launchd.3NoL7moIoK/org.xquartz:0
LANG=C.UTF-8
LC_CTYPE=UTF-8
TERM=xterm-256color
TMPDIR=/var/folders/c6/h6kx5ng130x_z9dx25q0rny40000gn/T/

Signal Handlers:
SIGSEGV: [libjvm.dylib+0x701eb0], sa_mask[0]=11111111011111110111111111111111, sa_flags=SA_ONSTACK|SA_RESTART|SA_SIGINFO
SIGBUS: [libjvm.dylib+0x701eb0], sa_mask[0]=11111111011111110111111111111111, sa_flags=SA_RESTART|SA_SIGINFO
SIGFPE: [libjvm.dylib+0x701eb0], sa_mask[0]=11111111011111110111111111111111, sa_flags=SA_RESTART|SA_SIGINFO
SIGPIPE: [libjvm.dylib+0x56a5bc], sa_mask[0]=11111111011111110111111111111111, sa_flags=SA_RESTART|SA_SIGINFO
SIGXFSZ: [libjvm.dylib+0x56a5bc], sa_mask[0]=11111111011111110111111111111111, sa_flags=SA_RESTART|SA_SIGINFO
SIGILL: [libjvm.dylib+0x701eb0], sa_mask[0]=11111111011111110111111111111111, sa_flags=SA_RESTART|SA_SIGINFO
SIGUSR2: [libjvm.dylib+0x56abb8], sa_mask[0]=00100000000000000000000000000000, sa_flags=SA_RESTART|SA_SIGINFO
SIGHUP: [libjvm.dylib+0x569350], sa_mask[0]=11111111011111110111111111111111, sa_flags=SA_RESTART|SA_SIGINFO
SIGINT: [libjvm.dylib+0x569350], sa_mask[0]=11111111011111110111111111111111, sa_flags=SA_RESTART|SA_SIGINFO
SIGTERM: [libjvm.dylib+0x569350], sa_mask[0]=11111111011111110111111111111111, sa_flags=SA_RESTART|SA_SIGINFO
SIGQUIT: [libjvm.dylib+0x569350], sa_mask[0]=11111111011111110111111111111111, sa_flags=SA_RESTART|SA_SIGINFO


---------------  S Y S T E M  ---------------

OS:uname:Darwin 25.3.0 Darwin Kernel Version 25.3.0: Wed Jan 28 20:54:46 PST 2026; root:xnu-12377.91.3~2/RELEASE_ARM64_T6000 arm64
OS uptime: 4 days 6:40 hours
rlimit (soft/hard): STACK 8176k/65520k , CORE 0k/infinity , NPROC 2666/4000 , NOFILE 12544/infinity , AS infinity/infinity , CPU infinity/infinity , DATA infinity/infinity , FSIZE infinity/infinity , MEMLOCK infinity/infinity , RSS infinity/infinity
load average:8.05 9.22 9.54

CPU:total 10 (initial active 10) 0x61:0x0:0x1b588bb3:0, simd, crc, lse

Memory: 16k page, physical 16777216k(112000k free), swap 6291456k(1242816k free)

vm_info: OpenJDK 64-Bit Server VM (11.0.24+0) for bsd-aarch64 JRE (11.0.24+0), built on Sep 30 2024 13:36:56 by "brew" with clang Homebrew Clang 19.1.0

END.
