#
# A fatal error has been detected by the Java Runtime Environment:
#
#  SIGSEGV (0xb) at pc=0x000000010a0cd1b8, pid=25902, tid=181907
#
# JRE version: OpenJDK Runtime Environment Homebrew (11.0.24) (build 11.0.24+0)
# Java VM: OpenJDK 64-Bit Server VM Homebrew (11.0.24+0, mixed mode, tiered, compressed oops, g1 gc, bsd-aarch64)
# Problematic frame:
# V  [libjvm.dylib+0x6951b8]  ObjectSynchronizer::inflate(Thread*, oopDesc*, ObjectSynchronizer::InflateCause)+0x18c
#
# No core dump will be written. Core dumps have been disabled. To enable core dumping, try "ulimit -c unlimited" before starting Java again
#
# If you would like to submit a bug report, please visit:
#   https://github.com/Homebrew/homebrew-core/issues
#

---------------  S U M M A R Y ------------

Command Line: --add-opens=java.base/java.util=ALL-UNNAMED --add-opens=java.base/java.lang=ALL-UNNAMED --add-opens=java.base/java.lang.invoke=ALL-UNNAMED --add-opens=java.prefs/java.util.prefs=ALL-UNNAMED --add-opens=java.base/java.nio.charset=ALL-UNNAMED --add-opens=java.base/java.net=ALL-UNNAMED --add-opens=java.base/java.util.concurrent.atomic=ALL-UNNAMED -Xmx2048m -Dfile.encoding=UTF-8 -Duser.country=GB -Duser.language=en -Duser.variant -javaagent:/Users/sav/.gradle/wrapper/dists/gradle-8.5-bin/5t9huq95ubn472n8rpzujfbqh/gradle-8.5/lib/agents/gradle-instrumentation-agent-8.5.jar org.gradle.launcher.daemon.bootstrap.GradleDaemon 8.5

Host: MacBookPro18,3 arm64 1 MHz, 10 cores, 16G, Darwin 25.3.0
Time: Wed Mar 11 21:13:07 2026 CET elapsed time: 860.501407 seconds (0d 0h 14m 20s)

---------------  T H R E A D  ---------------

Current thread (0x0000000c30f84000):  JavaThread "WorkerExecutor Queue Thread 9" [_thread_in_vm, id=181907, stack(0x000000017a62c000,0x000000017a82f000)]

Stack: [0x000000017a62c000,0x000000017a82f000],  sp=0x000000017a82c750,  free space=2049k
Native frames: (J=compiled Java code, A=aot compiled Java code, j=interpreted, Vv=VM code, C=native code)
V  [libjvm.dylib+0x6951b8]  ObjectSynchronizer::inflate(Thread*, oopDesc*, ObjectSynchronizer::InflateCause)+0x18c
V  [libjvm.dylib+0x695718]  ObjectSynchronizer::wait(Handle, long, Thread*)+0x8c
V  [libjvm.dylib+0x3af6c8]  JVM_MonitorWait+0x114
J 10909  java.lang.Object.wait(J)V java.base@11.0.24 (0 bytes) @ 0x0000000126f6da3c [0x0000000126f6d9c0+0x000000000000007c]
C  0x0000000762d636e8

Java frames: (J=compiled Java code, j=interpreted, Vv=VM code)
J 10909  java.lang.Object.wait(J)V java.base@11.0.24 (0 bytes) @ 0x0000000126f6da40 [0x0000000126f6d9c0+0x0000000000000080]
J 17258 c1 java.util.concurrent.ForkJoinTask.externalInterruptibleAwaitDone()I java.base@11.0.24 (80 bytes) @ 0x0000000121977ddc [0x0000000121977b40+0x000000000000029c]
J 17257 c1 java.util.concurrent.ForkJoinTask.get()Ljava/lang/Object; java.base@11.0.24 (60 bytes) @ 0x0000000121978914 [0x0000000121978840+0x00000000000000d4]
J 23851 c1 com.android.tools.r8.utils.x.a(Lcom/android/tools/r8/internal/fm;Lcom/android/tools/r8/internal/w20;Ljava/util/concurrent/ExecutorService;)Ljava/util/ArrayList; (165 bytes) @ 0x00000001223a0e54 [0x00000001223a0bc0+0x0000000000000294]
j  com.android.tools.r8.utils.x.a(Lcom/android/tools/r8/internal/fm;Lcom/android/tools/r8/internal/v20;Ljava/util/concurrent/ExecutorService;)V+8
j  com.android.tools.r8.utils.x.a(Ljava/lang/Iterable;Lcom/android/tools/r8/internal/v20;Ljava/util/concurrent/ExecutorService;)V+13
j  com.android.tools.r8.utils.x.a(Ljava/lang/Iterable;Lcom/android/tools/r8/internal/p20;Ljava/util/concurrent/ExecutorService;)V+8
j  com.android.tools.r8.internal.Zo.a(Ljava/util/concurrent/ExecutorService;)V+28
j  com.android.tools.r8.internal.va.a(Lcom/android/tools/r8/internal/wa;Ljava/util/concurrent/ExecutorService;)V+74
j  com.android.tools.r8.internal.va.a(Ljava/util/concurrent/ExecutorService;)Lcom/android/tools/r8/internal/xa;+12
j  com.android.tools.r8.internal.Zo.a(Lcom/android/tools/r8/internal/ef;Lcom/android/tools/r8/internal/iw;Ljava/util/concurrent/ExecutorService;)V+53
j  com.android.tools.r8.internal.Zo.a(Lcom/android/tools/r8/graph/g;Ljava/util/concurrent/ExecutorService;)V+72
j  com.android.tools.r8.D8.d(Lcom/android/tools/r8/utils/j;Lcom/android/tools/r8/internal/Aw;Ljava/util/concurrent/ExecutorService;)V+385
j  com.android.tools.r8.D8.b(Lcom/android/tools/r8/utils/j;Lcom/android/tools/r8/internal/Aw;Ljava/util/concurrent/ExecutorService;)V+3
j  com.android.tools.r8.D8$$Lambda$1890.run()V+12
j  com.android.tools.r8.internal.vk.a(Lcom/android/tools/r8/internal/GV;Lcom/android/tools/r8/internal/vk$a;)V+2
j  com.android.tools.r8.internal.vk.b(Lcom/android/tools/r8/internal/GV;Lcom/android/tools/r8/internal/vk$a;)V+2
j  com.android.tools.r8.D8.run(Lcom/android/tools/r8/D8Command;Ljava/util/concurrent/ExecutorService;)V+22
j  com.android.builder.dexing.D8DexArchiveMerger.mergeDexArchives(Ljava/util/List;Ljava/nio/file/Path;Ljava/util/List;Ljava/util/List;Ljava/nio/file/Path;Ljava/util/Collection;Ljava/nio/file/Path;)V+316
j  com.android.build.gradle.internal.tasks.DexMergingWorkAction.merge(Lcom/android/build/gradle/internal/tasks/DexMergingTask$SharedParams;Ljava/util/concurrent/ForkJoinPool;Ljava/util/List;Ljava/io/File;Ljava/nio/file/Path;)V+509
j  com.android.build.gradle.internal.tasks.DexMergingWorkAction.run()V+169
j  com.android.build.gradle.internal.profile.ProfileAwareWorkAction.execute()V+70
j  org.gradle.workers.internal.DefaultWorkerServer.execute(Lorg/gradle/workers/internal/SimpleActionExecutionSpec;)Lorg/gradle/workers/internal/DefaultWorkResult;+128
J 34513 c1 org.gradle.workers.internal.NoIsolationWorkerFactory$1$1.create()Ljava/lang/Object; (5 bytes) @ 0x0000000120cf2d98 [0x0000000120cf2c80+0x0000000000000118]
j  org.gradle.internal.classloader.ClassLoaderUtils.executeInClassloader(Ljava/lang/ClassLoader;Lorg/gradle/internal/Factory;)Ljava/lang/Object;+15
j  org.gradle.workers.internal.NoIsolationWorkerFactory$1.lambda$execute$0(Ljava/lang/ClassLoader;Lorg/gradle/workers/WorkerExecutor;Lorg/gradle/workers/internal/IsolatedParametersActionExecutionSpec;)Lorg/gradle/workers/internal/DefaultWorkResult;+10
j  org.gradle.workers.internal.NoIsolationWorkerFactory$1$$Lambda$1700.execute(Lorg/gradle/workers/internal/IsolatedParametersActionExecutionSpec;)Lorg/gradle/workers/internal/DefaultWorkResult;+13
j  org.gradle.workers.internal.AbstractWorker$1.call(Lorg/gradle/internal/operations/BuildOperationContext;)Lorg/gradle/workers/internal/DefaultWorkResult;+8
j  org.gradle.workers.internal.AbstractWorker$1.call(Lorg/gradle/internal/operations/BuildOperationContext;)Ljava/lang/Object;+2
J 32096 c2 org.gradle.internal.operations.DefaultBuildOperationRunner$CallableBuildOperationWorker.execute(Lorg/gradle/internal/operations/BuildOperation;Lorg/gradle/internal/operations/BuildOperationContext;)V (10 bytes) @ 0x00000001278bfab4 [0x00000001278bfa40+0x0000000000000074]
J 30931 c2 org.gradle.internal.operations.DefaultBuildOperationRunner.execute(Lorg/gradle/internal/operations/BuildOperationDescriptor$Builder;Lorg/gradle/internal/operations/BuildOperationState;Lorg/gradle/internal/operations/DefaultBuildOperationRunner$BuildOperationExecution;)Ljava/lang/Object; (147 bytes) @ 0x0000000127832258 [0x0000000127831b00+0x0000000000000758]
J 31973 c2 org.gradle.internal.operations.DefaultBuildOperationRunner.call(Lorg/gradle/internal/operations/CallableBuildOperation;)Ljava/lang/Object; (24 bytes) @ 0x00000001278bf490 [0x00000001278bf340+0x0000000000000150]
J 8319 c1 org.gradle.internal.operations.DefaultBuildOperationExecutor.call(Lorg/gradle/internal/operations/CallableBuildOperation;)Ljava/lang/Object; (11 bytes) @ 0x00000001205c7378 [0x00000001205c7240+0x0000000000000138]
j  org.gradle.workers.internal.AbstractWorker.executeWrappedInBuildOperation(Lorg/gradle/workers/internal/IsolatedParametersActionExecutionSpec;Lorg/gradle/internal/operations/BuildOperationRef;Lorg/gradle/workers/internal/AbstractWorker$Work;)Lorg/gradle/workers/internal/DefaultWorkResult;+15
j  org.gradle.workers.internal.NoIsolationWorkerFactory$1.execute(Lorg/gradle/workers/internal/IsolatedParametersActionExecutionSpec;Lorg/gradle/internal/operations/BuildOperationRef;)Lorg/gradle/workers/internal/DefaultWorkResult;+17
j  org.gradle.workers.internal.DefaultWorkerExecutor.lambda$submitWork$0(Lorg/gradle/workers/internal/WorkerFactory;Lorg/gradle/workers/internal/WorkerRequirement;Lorg/gradle/workers/internal/IsolatedParametersActionExecutionSpec;Lorg/gradle/internal/operations/BuildOperationRef;)Lorg/gradle/workers/internal/DefaultWorkResult;+13
j  org.gradle.workers.internal.DefaultWorkerExecutor$$Lambda$1698.call()Ljava/lang/Object;+16
J 5565 c1 java.util.concurrent.FutureTask.run()V java.base@11.0.24 (123 bytes) @ 0x000000011ff170fc [0x000000011ff16a40+0x00000000000006bc]
j  org.gradle.internal.work.DefaultConditionalExecutionQueue$ExecutionRunner.runExecution(Lorg/gradle/internal/work/ConditionalExecution;)V+6
j  org.gradle.internal.work.DefaultConditionalExecutionQueue$ExecutionRunner.access$700(Lorg/gradle/internal/work/DefaultConditionalExecutionQueue$ExecutionRunner;Lorg/gradle/internal/work/ConditionalExecution;)V+2
j  org.gradle.internal.work.DefaultConditionalExecutionQueue$ExecutionRunner$1.run()V+14
J 26495 c1 org.gradle.internal.Factories$1.create()Ljava/lang/Object; (11 bytes) @ 0x000000012097a7d0 [0x000000012097a740+0x0000000000000090]
J 15270 c1 org.gradle.internal.work.DefaultWorkerLeaseService.withLocks(Ljava/util/Collection;Lorg/gradle/internal/Factory;)Ljava/lang/Object; (53 bytes) @ 0x0000000121594e08 [0x0000000121594c80+0x0000000000000188]
J 20605 c1 org.gradle.internal.work.DefaultWorkerLeaseService.runAsWorkerThread(Lorg/gradle/internal/Factory;)Ljava/lang/Object; (37 bytes) @ 0x0000000121dba744 [0x0000000121dba4c0+0x0000000000000284]
j  org.gradle.internal.work.DefaultWorkerLeaseService.runAsWorkerThread(Ljava/lang/Runnable;)V+5
j  org.gradle.internal.work.DefaultConditionalExecutionQueue$ExecutionRunner.runBatch(Lorg/gradle/internal/work/ConditionalExecution;)V+16
j  org.gradle.internal.work.DefaultConditionalExecutionQueue$ExecutionRunner.run()V+11
J 26262 c1 java.util.concurrent.Executors$RunnableAdapter.call()Ljava/lang/Object; java.base@11.0.24 (14 bytes) @ 0x000000011fa58180 [0x000000011fa58040+0x0000000000000140]
J 5565 c1 java.util.concurrent.FutureTask.run()V java.base@11.0.24 (123 bytes) @ 0x000000011ff170fc [0x000000011ff16a40+0x00000000000006bc]
J 26161 c1 org.gradle.internal.concurrent.AbstractManagedExecutor$1.run()V (57 bytes) @ 0x0000000120a12810 [0x0000000120a12540+0x00000000000002d0]
J 26390 c1 java.util.concurrent.ThreadPoolExecutor.runWorker(Ljava/util/concurrent/ThreadPoolExecutor$Worker;)V java.base@11.0.24 (187 bytes) @ 0x0000000120d5f918 [0x0000000120d5eb00+0x0000000000000e18]
J 27913 c1 java.util.concurrent.ThreadPoolExecutor$Worker.run()V java.base@11.0.24 (9 bytes) @ 0x0000000122700950 [0x00000001227008c0+0x0000000000000090]
J 27896 c1 java.lang.Thread.run()V java.base@11.0.24 (17 bytes) @ 0x00000001226f75dc [0x00000001226f7540+0x000000000000009c]
v  ~StubRoutines::call_stub

siginfo: si_signo: 11 (SIGSEGV), si_code: 2 (SEGV_ACCERR), si_addr: 0x0000000000000000

Register to memory mapping:

 x0=0x0 is NULL
 x1=0x0000000762d68c98 is an oop: java.util.concurrent.ForkJoinTask$AdaptedCallable 
{0x0000000762d68c98} - klass: 'java/util/concurrent/ForkJoinTask$AdaptedCallable'
 - ---- fields (total size 3 words):
 - volatile 'status' 'I' @12  -2147418112 (80010000)
 - final strict 'callable' 'Ljava/util/concurrent/Callable;' @16  a 'com/android/tools/r8/utils/x$$Lambda$2076'{0x0000000762d68c80} (ec5ad190)
 - strict 'result' 'Ljava/lang/Object;' @20  
[error occurred during error reporting (printing register info), id 0xb, SIGSEGV (0xb) at pc=0x0000000109f91e38]

Registers:
 x0=0x0000000000000000  x1=0x0000000762d68c98  x2=0x0000000000000002  x3=0x0000000000000001
 x4=0x0000000130c02fa8  x5=0x0000000000000008  x6=0x0000000000000000  x7=0x0000000000000000
 x8=0x0000000000000000  x9=0x0000000000001889 x10=0x2010002030300000 x11=0x0000000000000280
x12=0x000000011e4894a8 x13=0x000000017a82c870 x14=0x000000000000245d x15=0x000000080019d178
x16=0x00000001852009d0 x17=0x0000000c2eccaf70 x18=0x0000000000000000 x19=0x0000000000000002
x20=0x0000000762d68c98 x21=0x0000000c2fcf6340 x22=0x0000000c30f84000 x23=0x0000000000000000
x24=0x000000010a2c3a84 x25=0x0000000000000000 x26=0x0000000130aaf640 x27=0x0000000000000000
x28=0x0000000c30f84000  fp=0x000000017a82c800  lr=0x000000010a0cd1b4  sp=0x000000017a82c750
pc=0x000000010a0cd1b8 cpsr=0x0000000060001000
Top of Stack: (sp=0x000000017a82c750)
0x000000017a82c750:   0000000000000353 0000000c34825f00
0x000000017a82c760:   000000017a82c820 000000010a0cd188
0x000000017a82c770:   0000000000000000 0000000000000000
0x000000017a82c780:   0000000000000000 0000000000000000
0x000000017a82c790:   0000000000000000 0000000000000000
0x000000017a82c7a0:   0000000000000000 0000000000000000
0x000000017a82c7b0:   0000000000000000 0000000000001033
0x000000017a82c7c0:   0000000130aaf640 0000000762d184b8
0x000000017a82c7d0:   00000000fffffffe 0000000762d68c98
0x000000017a82c7e0:   0000000c2f66e418 0000000000000000
0x000000017a82c7f0:   0000000c2f66e418 0000000c30f84000
0x000000017a82c800:   000000017a82c830 000000010a0cd718
0x000000017a82c810:   0000000c2f66e418 0000000000000000
0x000000017a82c820:   0000000000000001 0000000c30f84000
0x000000017a82c830:   000000017a82c8a0 0000000109de76c8
0x000000017a82c840:   0000000000000005 0000000c30f84000
0x000000017a82c850:   0000000000001001 0000000c39e60780
0x000000017a82c860:   0000000762d68c00 0000000c30f84000
0x000000017a82c870:   000000017a82c868 000000000000245d
0x000000017a82c880:   000000011e489439 000000010a2f66f8
0x000000017a82c890:   000000017a82c870 000000017a82c7d0
0x000000017a82c8a0:   000000017a82c900 0000000126f6da3c
0x000000017a82c8b0:   0000000762d68c98 000000010a2f66f8
0x000000017a82c8c0:   000000017a82cc80 000000012197915c
0x000000017a82c8d0:   000000017a82c868 0000000762d184b8
0x000000017a82c8e0:   0000000130aaf640 0000000000000000
0x000000017a82c8f0:   0000000762d68c98 000000017a82c900
0x000000017a82c900:   000000017a82cc80 0000000121977ddc
0x000000017a82c910:   000000017a82ca28 0000000000000000
0x000000017a82c920:   0000000000000000 0000000000000000
0x000000017a82c930:   0000000000000000 0000000000000000
0x000000017a82c940:   0000000000000000 0000000000000000 

Instructions: (pc=0x000000010a0cd1b8)
0x000000010a0cd0b8:   1f 30 00 f9 1f 44 00 f9 1f 28 00 f9 79 03 00 b4
0x000000010a0cd0c8:   b7 02 00 f9 bf 22 00 f9 bf 2a 00 f9 b4 06 00 f9
0x000000010a0cd0d8:   bf 2a 00 f9 bf 3a 00 f9 08 03 40 b9 a8 7e 00 b9
0x000000010a0cd0e8:   a9 02 7f b2 bf 3b 03 d5 e8 03 17 aa 89 7e a8 c8
0x000000010a0cd0f8:   bf 3b 03 d5 1f 01 17 eb 60 08 00 54 ff 02 08 eb
0x000000010a0cd108:   20 08 00 54 bf 06 00 f9 bf 22 00 f9 bf 2a 00 f9
0x000000010a0cd118:   bf 36 00 f9 bf 2e 00 f9 bf 32 00 f9 bf 46 00 f9
0x000000010a0cd128:   bf 2a 00 f9 0d 00 00 14 bf 3a 00 f9 bf 2a 00 f9
0x000000010a0cd138:   08 03 40 b9 a8 7e 00 b9 bf 3b 03 d5 e8 03 17 aa
0x000000010a0cd148:   9f 7e a8 c8 bf 3b 03 d5 1f 01 17 eb c0 02 00 54
0x000000010a0cd158:   ff 02 08 eb 80 02 00 54 e0 03 16 aa e1 03 15 aa
0x000000010a0cd168:   22 00 80 52 9c 05 00 94 97 02 40 f9 e0 03 17 aa
0x000000010a0cd178:   52 ba ed 97 e0 f8 0f 36 e0 03 17 aa 4f ba ed 97
0x000000010a0cd188:   15 00 7f d2 e0 03 15 aa fd 7b 4b a9 f4 4f 4a a9
0x000000010a0cd198:   f6 57 49 a9 f8 5f 48 a9 fa 67 47 a9 ff 03 03 91
0x000000010a0cd1a8:   c0 03 5f d6 e0 03 17 aa 44 ba ed 97 08 f8 7e 92
0x000000010a0cd1b8:   08 01 40 f9 a8 02 00 f9 e0 03 17 aa 3f ba ed 97
0x000000010a0cd1c8:   a0 22 00 f9 bf 2a 00 f9 b4 06 00 f9 88 02 40 f9
0x000000010a0cd1d8:   48 01 00 b4 e0 07 00 90 00 d0 3b 91 e2 07 00 b0
0x000000010a0cd1e8:   42 64 01 91 03 05 00 90 63 60 0c 91 01 bd 80 52
0x000000010a0cd1f8:   a0 9e ed 97 49 4a fb 97 a8 02 7f b2 bf 3b 03 d5
0x000000010a0cd208:   88 02 00 f9 08 11 00 d0 08 61 0b 91 08 01 40 f9
0x000000010a0cd218:   48 01 00 b4 09 11 00 d0 29 01 2c 91 29 01 40 39
0x000000010a0cd228:   3f 05 00 71 a1 00 00 54 08 15 40 f9 09 01 40 f9
0x000000010a0cd238:   29 05 00 91 09 01 00 f9 c8 0f 00 f0 08 e5 43 f9
0x000000010a0cd248:   28 06 00 b4 c8 10 00 d0 08 e5 37 91 08 01 40 39
0x000000010a0cd258:   1f 05 00 71 21 01 00 54 89 0a 40 b9 ca 0f 00 f0
0x000000010a0cd268:   4a 61 2b 91 4b 09 40 b9 4a 01 40 f9 2b 21 cb 9a
0x000000010a0cd278:   6a 01 0a 8b 03 00 00 14 8a 06 40 f9 e9 03 0a aa
0x000000010a0cd288:   4a 09 40 b9 5f 05 00 71 eb 03 00 54 80 10 00 d0
0x000000010a0cd298:   00 80 27 91 0a 00 40 f9 40 01 3f d6 0a 00 40 f9
0x000000010a0cd2a8:   4a 3d 41 f9 ea 0f 00 f9 40 05 c0 3d e0 03 82 3c 


Stack slot to memory mapping:
stack at sp + 0 slots: 0x0000000000000353 is an unknown value
stack at sp + 1 slots: 0x0000000c34825f00 points into unknown readable memory: 0x0000000000000000 | 00 00 00 00 00 00 00 00
stack at sp + 2 slots: 0x000000017a82c820 is pointing into the stack for thread: 0x0000000c30f84000
stack at sp + 3 slots: 0x000000010a0cd188: _ZN18ObjectSynchronizer7inflateEP6ThreadP7oopDescNS_12InflateCauseE+0x15c in /opt/homebrew/Cellar/openjdk@11/11.0.24/libexec/openjdk.jdk/Contents/Home/lib/server/libjvm.dylib at 0x0000000109a38000
stack at sp + 4 slots: 0x0 is NULL
stack at sp + 5 slots: 0x0 is NULL
stack at sp + 6 slots: 0x0 is NULL
stack at sp + 7 slots: 0x0 is NULL


---------------  P R O C E S S  ---------------

Threads class SMR info:
_java_thread_list=0x0000000c34494b40, length=132, elements={
0x0000000104a47800, 0x0000000c34cbc000, 0x0000000c34cbd000, 0x0000000c34cbf000,
0x0000000c34cc8000, 0x0000000c34cc9000, 0x0000000c34cca000, 0x0000000c34ccb000,
0x0000000c34cd4000, 0x0000000c34e08000, 0x0000000c34e0b000, 0x0000000c34e30000,
0x0000000c3470d000, 0x0000000c3470f000, 0x0000000c347c0000, 0x0000000c347c2000,
0x0000000c347c3000, 0x0000000c34eba000, 0x0000000c347c1000, 0x0000000c34eca000,
0x0000000c31a82000, 0x0000000c31a83000, 0x0000000c34f65000, 0x0000000c34f67000,
0x0000000c31bf2000, 0x0000000c31bf3000, 0x0000000c31be9000, 0x0000000c31004000,
0x0000000c31005000, 0x0000000c31006000, 0x0000000c310db000, 0x0000000c30938000,
0x0000000c30e35000, 0x0000000c30e36000, 0x0000000c30b26000, 0x0000000c2f444000,
0x0000000c2f446000, 0x0000000c2f447000, 0x0000000c34e0a000, 0x0000000c2f5f0000,
0x0000000c30e34000, 0x0000000c2fe1e000, 0x0000000c30ac2000, 0x0000000c3120e000,
0x0000000c30f60000, 0x0000000c31bf1000, 0x0000000c2feb2000, 0x0000000c34e32000,
0x0000000c2feb6000, 0x0000000c2f3c4000, 0x0000000c3484c000, 0x0000000c2fd3a000,
0x0000000c31a43000, 0x0000000c30d74000, 0x0000000c2feb7000, 0x0000000c2feac000,
0x0000000c2fead000, 0x0000000c2fd38000, 0x0000000c309e9000, 0x0000000c2f5f7000,
0x0000000c2f5f5000, 0x0000000c2f5f4000, 0x0000000c2fe57000, 0x0000000c2fed0000,
0x0000000c30e89000, 0x0000000c30e88000, 0x0000000c30e8a000, 0x0000000c30a2a000,
0x0000000c30a2b000, 0x0000000c2f006000, 0x0000000c310d9000, 0x0000000c2fe1d000,
0x0000000c2fe1c000, 0x0000000c2f5f2000, 0x0000000c2f5f1000, 0x0000000c30b27000,
0x0000000c2fea3000, 0x0000000c2fea0000, 0x0000000c30f63000, 0x0000000c30f62000,
0x0000000c30f61000, 0x0000000c2fe5e000, 0x0000000c2fe5c000, 0x0000000c2fe5f000,
0x0000000c30d7c000, 0x0000000c30d7e000, 0x0000000c30d7d000, 0x0000000c34eb8000,
0x0000000c3093b000, 0x0000000c30939000, 0x0000000c309d9000, 0x0000000c3093a000,
0x0000000c2feb5000, 0x0000000c2fd15000, 0x0000000c2fd17000, 0x0000000c31bea000,
0x0000000c31beb000, 0x0000000c31be8000, 0x0000000c2fec6000, 0x0000000c31a81000,
0x0000000c2f0f2000, 0x0000000c2fd05000, 0x0000000c30f2a000, 0x0000000c30f2b000,
0x0000000c2feb0000, 0x0000000c30f84000, 0x0000000c30f85000, 0x0000000c2fec7000,
0x0000000c30f6f000, 0x0000000c30f6d000, 0x0000000c30ec8000, 0x0000000c30ec9000,
0x0000000c30eca000, 0x0000000c30ecb000, 0x0000000c34700000, 0x0000000c34701000,
0x0000000c34702000, 0x0000000c30f7c000, 0x0000000c30f7d000, 0x0000000c30f7e000,
0x0000000c30f7f000, 0x0000000c30e28000, 0x0000000c30e29000, 0x0000000c30e2a000,
0x0000000c30e2b000, 0x0000000c30f78000, 0x0000000c30f79000, 0x0000000c30f7a000,
0x0000000c30f7b000, 0x0000000c2fca4000, 0x0000000c2fca5000, 0x0000000c2fca6000
}

Java Threads: ( => current thread )
  0x0000000104a47800 JavaThread "main" [_thread_blocked, id=4611, stack(0x000000016bd3c000,0x000000016bf3f000)]
  0x0000000c34cbc000 JavaThread "Reference Handler" daemon [_thread_blocked, id=21251, stack(0x000000016cb90000,0x000000016cd93000)]
  0x0000000c34cbd000 JavaThread "Finalizer" daemon [_thread_blocked, id=20483, stack(0x000000016cd9c000,0x000000016cf9f000)]
  0x0000000c34cbf000 JavaThread "Signal Dispatcher" daemon [_thread_blocked, id=21763, stack(0x000000016d14c000,0x000000016d34f000)]
  0x0000000c34cc8000 JavaThread "Service Thread" daemon [_thread_blocked, id=32259, stack(0x000000016d358000,0x000000016d55b000)]
  0x0000000c34cc9000 JavaThread "C2 CompilerThread0" daemon [_thread_in_vm, id=32003, stack(0x000000016d564000,0x000000016d767000)]
  0x0000000c34cca000 JavaThread "C1 CompilerThread0" daemon [_thread_blocked, id=31235, stack(0x000000016d770000,0x000000016d973000)]
  0x0000000c34ccb000 JavaThread "Sweeper thread" daemon [_thread_blocked, id=30723, stack(0x000000016d97c000,0x000000016db7f000)]
  0x0000000c34cd4000 JavaThread "Common-Cleaner" daemon [_thread_blocked, id=30211, stack(0x000000016db88000,0x000000016dd8b000)]
  0x0000000c34e08000 JavaThread "Daemon health stats" [_thread_blocked, id=27907, stack(0x000000016edf4000,0x000000016eff7000)]
  0x0000000c34e0b000 JavaThread "Incoming local TCP Connector on port 56845" [_thread_in_native, id=27395, stack(0x000000016f000000,0x000000016f203000)]
  0x0000000c34e30000 JavaThread "Daemon periodic checks" [_thread_blocked, id=27139, stack(0x000000016f20c000,0x000000016f40f000)]
  0x0000000c3470d000 JavaThread "Cache worker for journal cache (/Users/sav/.gradle/caches/journal-1)" [_thread_blocked, id=40195, stack(0x0000000170a9c000,0x0000000170c9f000)]
  0x0000000c3470f000 JavaThread "File lock request listener" [_thread_in_native, id=37891, stack(0x0000000170ca8000,0x0000000170eab000)]
  0x0000000c347c0000 JavaThread "Cache worker for file hash cache (/Users/sav/.gradle/caches/8.5/fileHashes)" [_thread_blocked, id=38147, stack(0x0000000170eb4000,0x00000001710b7000)]
  0x0000000c347c2000 JavaThread "File watcher server" daemon [_thread_in_native, id=25871, stack(0x000000016ebe8000,0x000000016edeb000)]
  0x0000000c347c3000 JavaThread "File watcher consumer" daemon [_thread_blocked, id=44035, stack(0x00000001710c0000,0x00000001712c3000)]
  0x0000000c34eba000 JavaThread "Cache worker for file content cache (/Users/sav/.gradle/caches/8.5/fileContent)" [_thread_blocked, id=46851, stack(0x0000000171afc000,0x0000000171cff000)]
  0x0000000c347c1000 JavaThread "Cache worker for execution history cache (/Users/sav/.gradle/caches/8.5/executionHistory)" [_thread_blocked, id=47107, stack(0x0000000171d08000,0x0000000171f0b000)]
  0x0000000c34eca000 JavaThread "Cache worker for kotlin-dsl (/Users/sav/.gradle/caches/8.5/kotlin-dsl)" [_thread_blocked, id=47363, stack(0x0000000171f14000,0x0000000172117000)]
  0x0000000c31a82000 JavaThread "jar transforms" [_thread_blocked, id=62979, stack(0x0000000172120000,0x0000000172323000)]
  0x0000000c31a83000 JavaThread "jar transforms Thread 2" [_thread_blocked, id=48387, stack(0x000000017232c000,0x000000017252f000)]
  0x0000000c34f65000 JavaThread "jar transforms Thread 3" [_thread_blocked, id=61955, stack(0x0000000172950000,0x0000000172b53000)]
  0x0000000c34f67000 JavaThread "jar transforms Thread 4" [_thread_blocked, id=50179, stack(0x0000000172b5c000,0x0000000172d5f000)]
  0x0000000c31bf2000 JavaThread "jar transforms Thread 5" [_thread_blocked, id=57603, stack(0x0000000173fd4000,0x00000001741d7000)]
  0x0000000c31bf3000 JavaThread "jar transforms Thread 6" [_thread_blocked, id=54275, stack(0x00000001741e0000,0x00000001743e3000)]
  0x0000000c31be9000 JavaThread "jar transforms Thread 7" [_thread_blocked, id=54787, stack(0x00000001743ec000,0x00000001745ef000)]
  0x0000000c31004000 JavaThread "jar transforms Thread 8" [_thread_blocked, id=55299, stack(0x00000001745f8000,0x00000001747fb000)]
  0x0000000c31005000 JavaThread "jar transforms Thread 9" [_thread_blocked, id=56067, stack(0x0000000174804000,0x0000000174a07000)]
  0x0000000c31006000 JavaThread "jar transforms Thread 10" [_thread_blocked, id=65539, stack(0x0000000174a10000,0x0000000174c13000)]
  0x0000000c310db000 JavaThread "Memory manager" [_thread_blocked, id=86531, stack(0x0000000174c1c000,0x0000000174e1f000)]
  0x0000000c30938000 JavaThread "pool-3-thread-1" [_thread_blocked, id=18959, stack(0x0000000174e28000,0x000000017502b000)]
  0x0000000c30e35000 JavaThread "AppKit Thread" daemon [_thread_in_native, id=259, stack(0x000000016b4b4000,0x000000016bcb0000)]
  0x0000000c30e36000 JavaThread "Java2D Disposer" daemon [_thread_blocked, id=96003, stack(0x000000017a838000,0x000000017aa3b000)]
  0x0000000c30b26000 JavaThread "RMI Scheduler(0)" daemon [_thread_blocked, id=80903, stack(0x0000000308d40000,0x0000000308f43000)]
  0x0000000c2f444000 JavaThread "RMI GC Daemon" daemon [_thread_blocked, id=249603, stack(0x0000000309158000,0x000000030935b000)]
  0x0000000c2f446000 JavaThread "RMI TCP Accept-0" daemon [_thread_in_native, id=249347, stack(0x0000000309364000,0x0000000309567000)]
  0x0000000c2f447000 JavaThread "RMI Reaper" [_thread_blocked, id=185091, stack(0x0000000309570000,0x0000000309773000)]
  0x0000000c34e0a000 JavaThread "Cache worker for Java compile cache (/Users/sav/.gradle/caches/8.5/javaCompile)" [_thread_blocked, id=23559, stack(0x000000016dd94000,0x000000016df97000)]
  0x0000000c2f5f0000 JavaThread "ForkJoinPool.commonPool-worker-9" daemon [_thread_blocked, id=187651, stack(0x0000000309b94000,0x0000000309d97000)]
  0x0000000c30e34000 JavaThread "pool-8-thread-1" [_thread_blocked, id=251667, stack(0x0000000175034000,0x0000000175237000)]
  0x0000000c2fe1e000 JavaThread "ForkJoinPool.commonPool-worker-21" daemon [_thread_blocked, id=59155, stack(0x000000017d74c000,0x000000017d94f000)]
  0x0000000c30ac2000 JavaThread "ForkJoinPool.commonPool-worker-7" daemon [_thread_blocked, id=52999, stack(0x000000017d958000,0x000000017db5b000)]
  0x0000000c3120e000 JavaThread "ForkJoinPool.commonPool-worker-25" daemon [_thread_blocked, id=97799, stack(0x000000017db64000,0x000000017dd67000)]
  0x0000000c30f60000 JavaThread "ForkJoinPool.commonPool-worker-1" daemon [_thread_blocked, id=118031, stack(0x000000017e394000,0x000000017e597000)]
  0x0000000c31bf1000 JavaThread "pool-13-thread-1" [_thread_blocked, id=151591, stack(0x0000000175240000,0x0000000175443000)]
  0x0000000c2feb2000 JavaThread "pool-16-thread-1" [_thread_blocked, id=138291, stack(0x0000000175a70000,0x0000000175c73000)]
  0x0000000c34e32000 JavaThread "pool-19-thread-1" [_thread_blocked, id=256051, stack(0x0000000175658000,0x000000017585b000)]
  0x0000000c2feb6000 JavaThread "pool-22-thread-1" [_thread_blocked, id=170775, stack(0x0000000175c7c000,0x0000000175e7f000)]
  0x0000000c2f3c4000 JavaThread "pool-25-thread-1" [_thread_blocked, id=114491, stack(0x0000000175864000,0x0000000175a67000)]
  0x0000000c3484c000 JavaThread "pool-28-thread-1" [_thread_blocked, id=59763, stack(0x000000017544c000,0x000000017564f000)]
  0x0000000c2fd3a000 JavaThread "Daemon Thread 3" [_thread_blocked, id=50955, stack(0x000000016f418000,0x000000016f61b000)]
  0x0000000c31a43000 JavaThread "Daemon worker Thread 3" [_thread_blocked, id=116883, stack(0x000000016fa3c000,0x000000016fc3f000)]
  0x0000000c30d74000 JavaThread "pool-31-thread-1" [_thread_blocked, id=158307, stack(0x0000000175e88000,0x000000017608b000)]
  0x0000000c2feb7000 JavaThread "included builds" [_thread_blocked, id=151955, stack(0x00000001762a0000,0x00000001764a3000)]
  0x0000000c2feac000 JavaThread "Handler for socket connection from /127.0.0.1:56845 to /127.0.0.1:57625" [_thread_in_native, id=145447, stack(0x000000016f624000,0x000000016f827000)]
  0x0000000c2fead000 JavaThread "Cancel handler" [_thread_blocked, id=186895, stack(0x000000016f830000,0x000000016fa33000)]
  0x0000000c2fd38000 JavaThread "Asynchronous log dispatcher for DefaultDaemonConnection: socket connection from /127.0.0.1:56845 to /127.0.0.1:57625" [_thread_blocked, id=141595, stack(0x000000016fc48000,0x000000016fe4b000)]
  0x0000000c309e9000 JavaThread "Stdin handler" [_thread_blocked, id=188455, stack(0x000000016fe54000,0x0000000170057000)]
  0x0000000c2f5f7000 JavaThread "Daemon client event forwarder" [_thread_blocked, id=173087, stack(0x0000000170060000,0x0000000170263000)]
  0x0000000c2f5f5000 JavaThread "Cache worker for checksums cache (/Users/sav/Documents/GitHub/Sav22999/sav-pdf-viewer-pro/.gradle/8.5/checksums)" [_thread_blocked, id=181275, stack(0x00000001712cc000,0x00000001714cf000)]
  0x0000000c2f5f4000 JavaThread "Cache worker for file hash cache (/Users/sav/Documents/GitHub/Sav22999/sav-pdf-viewer-pro/.gradle/8.5/fileHashes)" [_thread_blocked, id=101071, stack(0x00000001714d8000,0x00000001716db000)]
  0x0000000c2fe57000 JavaThread "Cache worker for cache directory md-supplier (/Users/sav/.gradle/caches/8.5/md-supplier)" [_thread_blocked, id=163403, stack(0x00000001716e4000,0x00000001718e7000)]
  0x0000000c2fed0000 JavaThread "Cache worker for cache directory md-rule (/Users/sav/.gradle/caches/8.5/md-rule)" [_thread_blocked, id=247931, stack(0x00000001718f0000,0x0000000171af3000)]
  0x0000000c30e89000 JavaThread "Cache worker for dependencies-accessors (/Users/sav/Documents/GitHub/Sav22999/sav-pdf-viewer-pro/.gradle/8.5/dependencies-accessors)" [_thread_blocked, id=41003, stack(0x0000000172538000,0x000000017273b000)]
  0x0000000c30e88000 JavaThread "Cache worker for Build Output Cleanup Cache (/Users/sav/Documents/GitHub/Sav22999/sav-pdf-viewer-pro/.gradle/buildOutputCleanup)" [_thread_blocked, id=148067, stack(0x0000000172744000,0x0000000172947000)]
  0x0000000c30e8a000 JavaThread "Unconstrained build operations" [_thread_blocked, id=70955, stack(0x0000000172d68000,0x0000000172f6b000)]
  0x0000000c30a2a000 JavaThread "Unconstrained build operations Thread 2" [_thread_blocked, id=142891, stack(0x0000000172f74000,0x0000000173177000)]
  0x0000000c30a2b000 JavaThread "Unconstrained build operations Thread 3" [_thread_blocked, id=182651, stack(0x0000000173180000,0x0000000173383000)]
  0x0000000c2f006000 JavaThread "Unconstrained build operations Thread 4" [_thread_blocked, id=143195, stack(0x000000017338c000,0x000000017358f000)]
  0x0000000c310d9000 JavaThread "Unconstrained build operations Thread 5" [_thread_blocked, id=144495, stack(0x0000000173598000,0x000000017379b000)]
  0x0000000c2fe1d000 JavaThread "Unconstrained build operations Thread 6" [_thread_blocked, id=75631, stack(0x00000001737a4000,0x00000001739a7000)]
  0x0000000c2fe1c000 JavaThread "Unconstrained build operations Thread 7" [_thread_blocked, id=151087, stack(0x00000001739b0000,0x0000000173bb3000)]
  0x0000000c2f5f2000 JavaThread "Unconstrained build operations Thread 8" [_thread_blocked, id=117075, stack(0x0000000173bbc000,0x0000000173dbf000)]
  0x0000000c2f5f1000 JavaThread "Unconstrained build operations Thread 9" [_thread_blocked, id=88175, stack(0x0000000173dc8000,0x0000000173fcb000)]
  0x0000000c30b27000 JavaThread "pool-34-thread-1" [_thread_blocked, id=150151, stack(0x0000000176094000,0x0000000176297000)]
  0x0000000c2fea3000 JavaThread "build event listener" [_thread_blocked, id=96587, stack(0x00000001764ac000,0x00000001766af000)]
  0x0000000c2fea0000 JavaThread "included builds" [_thread_blocked, id=136659, stack(0x00000001766b8000,0x00000001768bb000)]
  0x0000000c30f63000 JavaThread "Execution worker" [_thread_blocked, id=155475, stack(0x00000001768c4000,0x0000000176ac7000)]
  0x0000000c30f62000 JavaThread "Execution worker Thread 2" [_thread_blocked, id=115495, stack(0x0000000176ad0000,0x0000000176cd3000)]
  0x0000000c30f61000 JavaThread "Execution worker Thread 3" [_thread_blocked, id=255015, stack(0x0000000176cdc000,0x0000000176edf000)]
  0x0000000c2fe5e000 JavaThread "Execution worker Thread 4" [_thread_blocked, id=43107, stack(0x0000000176ee8000,0x00000001770eb000)]
  0x0000000c2fe5c000 JavaThread "Execution worker Thread 5" [_thread_blocked, id=253515, stack(0x00000001770f4000,0x00000001772f7000)]
  0x0000000c2fe5f000 JavaThread "Execution worker Thread 6" [_thread_in_Java, id=165487, stack(0x0000000177300000,0x0000000177503000)]
  0x0000000c30d7c000 JavaThread "Execution worker Thread 7" [_thread_blocked, id=177967, stack(0x000000017750c000,0x000000017770f000)]
  0x0000000c30d7e000 JavaThread "Execution worker Thread 8" [_thread_blocked, id=164743, stack(0x0000000177718000,0x000000017791b000)]
  0x0000000c30d7d000 JavaThread "Execution worker Thread 9" [_thread_blocked, id=43331, stack(0x0000000177924000,0x0000000177b27000)]
  0x0000000c34eb8000 JavaThread "Cache worker for execution history cache (/Users/sav/Documents/GitHub/Sav22999/sav-pdf-viewer-pro/.gradle/8.5/executionHistory)" [_thread_blocked, id=130363, stack(0x0000000177b30000,0x0000000177d33000)]
  0x0000000c3093b000 JavaThread "Unconstrained build operations Thread 10" [_thread_blocked, id=105303, stack(0x0000000177d3c000,0x0000000177f3f000)]
  0x0000000c30939000 JavaThread "Unconstrained build operations Thread 11" [_thread_blocked, id=248403, stack(0x0000000177f48000,0x000000017814b000)]
  0x0000000c309d9000 JavaThread "Unconstrained build operations Thread 12" [_thread_blocked, id=150435, stack(0x0000000178154000,0x0000000178357000)]
  0x0000000c3093a000 JavaThread "Unconstrained build operations Thread 13" [_thread_blocked, id=159343, stack(0x0000000178360000,0x0000000178563000)]
  0x0000000c2feb5000 JavaThread "Unconstrained build operations Thread 14" [_thread_blocked, id=86083, stack(0x000000017856c000,0x000000017876f000)]
  0x0000000c2fd15000 JavaThread "Unconstrained build operations Thread 15" [_thread_blocked, id=182827, stack(0x0000000178778000,0x000000017897b000)]
  0x0000000c2fd17000 JavaThread "Unconstrained build operations Thread 16" [_thread_blocked, id=185631, stack(0x0000000178984000,0x0000000178b87000)]
  0x0000000c31bea000 JavaThread "Unconstrained build operations Thread 17" [_thread_blocked, id=174923, stack(0x0000000178b90000,0x0000000178d93000)]
  0x0000000c31beb000 JavaThread "Unconstrained build operations Thread 18" [_thread_blocked, id=117775, stack(0x0000000178d9c000,0x0000000178f9f000)]
  0x0000000c31be8000 JavaThread "WorkerExecutor Queue" [_thread_blocked, id=175523, stack(0x00000001795cc000,0x00000001797cf000)]
  0x0000000c2fec6000 JavaThread "WorkerExecutor Queue Thread 2" [_thread_blocked, id=139083, stack(0x00000001797d8000,0x00000001799db000)]
  0x0000000c31a81000 JavaThread "WorkerExecutor Queue Thread 3" [_thread_blocked, id=188199, stack(0x00000001799e4000,0x0000000179be7000)]
  0x0000000c2f0f2000 JavaThread "WorkerExecutor Queue Thread 4" [_thread_blocked, id=249939, stack(0x0000000179bf0000,0x0000000179df3000)]
  0x0000000c2fd05000 JavaThread "WorkerExecutor Queue Thread 5" [_thread_blocked, id=76179, stack(0x0000000179dfc000,0x0000000179fff000)]
  0x0000000c30f2a000 JavaThread "WorkerExecutor Queue Thread 6" [_thread_blocked, id=33683, stack(0x000000017a008000,0x000000017a20b000)]
  0x0000000c30f2b000 JavaThread "WorkerExecutor Queue Thread 7" [_thread_blocked, id=144751, stack(0x000000017a214000,0x000000017a417000)]
  0x0000000c2feb0000 JavaThread "WorkerExecutor Queue Thread 8" [_thread_blocked, id=59431, stack(0x000000017a420000,0x000000017a623000)]
=>0x0000000c30f84000 JavaThread "WorkerExecutor Queue Thread 9" [_thread_in_vm, id=181907, stack(0x000000017a62c000,0x000000017a82f000)]
  0x0000000c30f85000 JavaThread "WorkerExecutor Queue Thread 10" [_thread_blocked, id=74307, stack(0x000000017aa44000,0x000000017ac47000)]
  0x0000000c2fec7000 JavaThread "WorkerExecutor Queue Thread 11" [_thread_blocked, id=35283, stack(0x000000017ac50000,0x000000017ae53000)]
  0x0000000c30f6f000 JavaThread "Unconstrained build operations Thread 19" [_thread_blocked, id=113227, stack(0x000000017ae5c000,0x000000017b05f000)]
  0x0000000c30f6d000 JavaThread "Unconstrained build operations Thread 20" [_thread_blocked, id=247579, stack(0x000000017b068000,0x000000017b26b000)]
  0x0000000c30ec8000 JavaThread "Unconstrained build operations Thread 21" [_thread_blocked, id=259719, stack(0x000000017b274000,0x000000017b477000)]
  0x0000000c30ec9000 JavaThread "Unconstrained build operations Thread 22" [_thread_blocked, id=71755, stack(0x000000017b480000,0x000000017b683000)]
  0x0000000c30eca000 JavaThread "Unconstrained build operations Thread 23" [_thread_blocked, id=149755, stack(0x000000017b68c000,0x000000017b88f000)]
  0x0000000c30ecb000 JavaThread "Unconstrained build operations Thread 24" [_thread_blocked, id=176155, stack(0x000000017b898000,0x000000017ba9b000)]
  0x0000000c34700000 JavaThread "Unconstrained build operations Thread 25" [_thread_blocked, id=34707, stack(0x000000017baa4000,0x000000017bca7000)]
  0x0000000c34701000 JavaThread "Unconstrained build operations Thread 26" [_thread_blocked, id=75331, stack(0x000000017bcb0000,0x000000017beb3000)]
  0x0000000c34702000 JavaThread "Unconstrained build operations Thread 27" [_thread_blocked, id=257063, stack(0x000000017bebc000,0x000000017c0bf000)]
  0x0000000c30f7c000 JavaThread "Unconstrained build operations Thread 28" [_thread_blocked, id=152355, stack(0x000000017c0c8000,0x000000017c2cb000)]
  0x0000000c30f7d000 JavaThread "pool-35-thread-1" [_thread_blocked, id=260891, stack(0x000000017c2d4000,0x000000017c4d7000)]
  0x0000000c30f7e000 JavaThread "process reaper (pid 26805)" daemon [_thread_in_native, id=258843, stack(0x000000016cfa8000,0x000000016cfdf000)]
  0x0000000c30f7f000 JavaThread "stderr" [_thread_in_native, id=258315, stack(0x000000017c4e0000,0x000000017c6e3000)]
  0x0000000c30e28000 JavaThread "stdout" [_thread_in_native, id=180259, stack(0x000000017c6ec000,0x000000017c8ef000)]
  0x0000000c30e29000 JavaThread "ForkJoinPool-2-worker-19" daemon [_thread_blocked, id=252963, stack(0x000000017c8f8000,0x000000017cafb000)]
  0x0000000c30e2a000 JavaThread "ForkJoinPool-2-worker-5" daemon [_thread_blocked, id=154123, stack(0x000000017cb04000,0x000000017cd07000)]
  0x0000000c30e2b000 JavaThread "ForkJoinPool-2-worker-23" daemon [_thread_blocked, id=175627, stack(0x000000017cd10000,0x000000017cf13000)]
  0x0000000c30f78000 JavaThread "ForkJoinPool-2-worker-9" daemon [_thread_blocked, id=255527, stack(0x000000017cf1c000,0x000000017d11f000)]
  0x0000000c30f79000 JavaThread "ForkJoinPool-2-worker-27" daemon [_thread_blocked, id=34067, stack(0x000000017d128000,0x000000017d32b000)]
  0x0000000c30f7a000 JavaThread "ForkJoinPool-2-worker-13" daemon [_thread_blocked, id=183843, stack(0x000000017d334000,0x000000017d537000)]
  0x0000000c30f7b000 JavaThread "ForkJoinPool-2-worker-31" daemon [_thread_blocked, id=41755, stack(0x000000017d540000,0x000000017d743000)]
  0x0000000c2fca4000 JavaThread "ForkJoinPool-2-worker-3" daemon [_thread_blocked, id=260131, stack(0x000000017dd70000,0x000000017df73000)]
  0x0000000c2fca5000 JavaThread "ForkJoinPool-2-worker-21" daemon [_thread_blocked, id=151347, stack(0x000000017df7c000,0x000000017e17f000)]
  0x0000000c2fca6000 JavaThread "ForkJoinPool-2-worker-17" daemon [_thread_blocked, id=171035, stack(0x000000017e188000,0x000000017e38b000)]

Other Threads:
  0x0000000c350f0000 VMThread "VM Thread" [stack: 0x000000016c984000,0x000000016cb87000] [id=21507]
  0x0000000c358cd800 WatcherThread [stack: 0x000000016dfa0000,0x000000016e1a3000] [id=23811]
  0x0000000c35060000 GCTaskThread "GC Thread#0" [stack: 0x000000016bf48000,0x000000016c14b000] [id=11267]
  0x0000000c353f5000 GCTaskThread "GC Thread#1" [stack: 0x000000016e1ac000,0x000000016e3af000] [id=24323]
  0x0000000c353f5800 GCTaskThread "GC Thread#2" [stack: 0x000000016e3b8000,0x000000016e5bb000] [id=24835]
  0x0000000c353f6800 GCTaskThread "GC Thread#3" [stack: 0x000000016e5c4000,0x000000016e7c7000] [id=29443]
  0x0000000c353f7000 GCTaskThread "GC Thread#4" [stack: 0x000000016e7d0000,0x000000016e9d3000] [id=25603]
  0x0000000c35bf0000 GCTaskThread "GC Thread#5" [stack: 0x000000016e9dc000,0x000000016ebdf000] [id=28931]
  0x0000000c36947000 GCTaskThread "GC Thread#6" [stack: 0x000000017026c000,0x000000017046f000] [id=35331]
  0x0000000c354d4000 GCTaskThread "GC Thread#7" [stack: 0x0000000170478000,0x000000017067b000] [id=35843]
  0x0000000c354d5000 GCTaskThread "GC Thread#8" [stack: 0x0000000170684000,0x0000000170887000] [id=36355]
  0x0000000c35061000 ConcurrentGCThread "G1 Main Marker" [stack: 0x000000016c154000,0x000000016c357000] [id=11523]
  0x0000000c35061800 ConcurrentGCThread "G1 Conc#0" [stack: 0x000000016c360000,0x000000016c563000] [id=13827]
  0x0000000c354d5800 ConcurrentGCThread "G1 Conc#1" [stack: 0x0000000170890000,0x0000000170a93000] [id=36867]
  0x0000000c35062800 ConcurrentGCThread "G1 Refine#0" [stack: 0x000000016c56c000,0x000000016c76f000] [id=11779]
  0x0000000c38389000 ConcurrentGCThread "G1 Refine#1" [stack: 0x0000000178fa8000,0x00000001791ab000] [id=90163]
  0x0000000c38389800 ConcurrentGCThread "G1 Refine#2" [stack: 0x00000001791b4000,0x00000001793b7000] [id=128259]
  0x0000000c3838a800 ConcurrentGCThread "G1 Refine#3" [stack: 0x00000001793c0000,0x00000001795c3000] [id=128003]
  0x0000000c3900b000 ConcurrentGCThread "G1 Refine#4" [stack: 0x0000000308b34000,0x0000000308d37000] [id=183355]
  0x0000000c35063000 ConcurrentGCThread "G1 Young RemSet Sampling" [stack: 0x000000016c778000,0x000000016c97b000] [id=13059]

Threads with active compile tasks:
C2 CompilerThread0   860521 34571       4       com.android.tools.r8.dex.i::b (271 bytes)

VM state:not at safepoint (normal execution)

VM Mutex/Monitor currently owned by a thread: None

Heap address: 0x0000000740000000, size: 2048 MB, Compressed Oops mode: Zero based, Oop shift amount: 3
Narrow klass base: 0x0000000800000000, Narrow klass shift: 0
Compressed class space size: 1073741824 Address: 0x0000000800000000

Heap:
 garbage-first heap   total 693248K, used 364911K [0x0000000740000000, 0x00000007c0000000)
  region size 1024K, 121 young (123904K), 5 survivors (5120K)
 Metaspace       used 157467K, capacity 163180K, committed 163424K, reserved 1191936K
  class space    used 19760K, capacity 22006K, committed 22016K, reserved 1048576K
Heap Regions: E=young(eden), S=young(survivor), O=old, HS=humongous(starts), HC=humongous(continues), CS=collection set, F=free, A=archive, TAMS=top-at-mark-start (previous, next)
|   0|0x0000000740000000, 0x0000000740100000, 0x0000000740100000|100%|HS|  |TAMS 0x0000000740100000, 0x0000000740000000| Complete 
|   1|0x0000000740100000, 0x0000000740200000, 0x0000000740200000|100%|HC|  |TAMS 0x0000000740200000, 0x0000000740100000| Complete 
|   2|0x0000000740200000, 0x0000000740300000, 0x0000000740300000|100%|HC|  |TAMS 0x0000000740300000, 0x0000000740200000| Complete 
|   3|0x0000000740300000, 0x0000000740400000, 0x0000000740400000|100%|HC|  |TAMS 0x0000000740400000, 0x0000000740300000| Complete 
|   4|0x0000000740400000, 0x0000000740500000, 0x0000000740500000|100%| O|  |TAMS 0x0000000740500000, 0x0000000740400000| Untracked 
|   5|0x0000000740500000, 0x0000000740600000, 0x0000000740600000|100%| O|  |TAMS 0x0000000740600000, 0x0000000740500000| Untracked 
|   6|0x0000000740600000, 0x0000000740700000, 0x0000000740700000|100%| O|  |TAMS 0x0000000740700000, 0x0000000740600000| Untracked 
|   7|0x0000000740700000, 0x0000000740800000, 0x0000000740800000|100%| O|  |TAMS 0x0000000740800000, 0x0000000740700000| Untracked 
|   8|0x0000000740800000, 0x0000000740900000, 0x0000000740900000|100%| O|  |TAMS 0x0000000740900000, 0x0000000740800000| Untracked 
|   9|0x0000000740900000, 0x0000000740a00000, 0x0000000740a00000|100%| O|  |TAMS 0x0000000740a00000, 0x0000000740900000| Untracked 
|  10|0x0000000740a00000, 0x0000000740b00000, 0x0000000740b00000|100%| O|  |TAMS 0x0000000740b00000, 0x0000000740a00000| Untracked 
|  11|0x0000000740b00000, 0x0000000740c00000, 0x0000000740c00000|100%| O|  |TAMS 0x0000000740c00000, 0x0000000740b00000| Untracked 
|  12|0x0000000740c00000, 0x0000000740d00000, 0x0000000740d00000|100%| O|  |TAMS 0x0000000740d00000, 0x0000000740c00000| Untracked 
|  13|0x0000000740d00000, 0x0000000740e00000, 0x0000000740e00000|100%| O|  |TAMS 0x0000000740e00000, 0x0000000740d00000| Untracked 
|  14|0x0000000740e00000, 0x0000000740f00000, 0x0000000740f00000|100%| O|  |TAMS 0x0000000740f00000, 0x0000000740e00000| Untracked 
|  15|0x0000000740f00000, 0x0000000741000000, 0x0000000741000000|100%| O|  |TAMS 0x0000000741000000, 0x0000000740f00000| Untracked 
|  16|0x0000000741000000, 0x0000000741100000, 0x0000000741100000|100%| O|  |TAMS 0x0000000741100000, 0x0000000741000000| Untracked 
|  17|0x0000000741100000, 0x0000000741200000, 0x0000000741200000|100%| O|  |TAMS 0x0000000741200000, 0x0000000741100000| Untracked 
|  18|0x0000000741200000, 0x0000000741300000, 0x0000000741300000|100%| O|  |TAMS 0x0000000741300000, 0x0000000741200000| Untracked 
|  19|0x0000000741300000, 0x0000000741400000, 0x0000000741400000|100%| O|  |TAMS 0x0000000741400000, 0x0000000741300000| Untracked 
|  20|0x0000000741400000, 0x0000000741500000, 0x0000000741500000|100%| O|  |TAMS 0x0000000741500000, 0x0000000741400000| Untracked 
|  21|0x0000000741500000, 0x0000000741600000, 0x0000000741600000|100%| O|  |TAMS 0x0000000741600000, 0x0000000741500000| Untracked 
|  22|0x0000000741600000, 0x0000000741700000, 0x0000000741700000|100%|HS|  |TAMS 0x0000000741700000, 0x0000000741600000| Complete 
|  23|0x0000000741700000, 0x0000000741800000, 0x0000000741800000|100%|HS|  |TAMS 0x0000000741800000, 0x0000000741700000| Complete 
|  24|0x0000000741800000, 0x0000000741900000, 0x0000000741900000|100%|HC|  |TAMS 0x0000000741900000, 0x0000000741800000| Complete 
|  25|0x0000000741900000, 0x0000000741a00000, 0x0000000741a00000|100%|HS|  |TAMS 0x0000000741a00000, 0x0000000741900000| Complete 
|  26|0x0000000741a00000, 0x0000000741b00000, 0x0000000741b00000|100%|HS|  |TAMS 0x0000000741b00000, 0x0000000741a00000| Complete 
|  27|0x0000000741b00000, 0x0000000741c00000, 0x0000000741c00000|100%|HC|  |TAMS 0x0000000741c00000, 0x0000000741b00000| Complete 
|  28|0x0000000741c00000, 0x0000000741d00000, 0x0000000741d00000|100%|HC|  |TAMS 0x0000000741d00000, 0x0000000741c00000| Complete 
|  29|0x0000000741d00000, 0x0000000741e00000, 0x0000000741e00000|100%|HC|  |TAMS 0x0000000741e00000, 0x0000000741d00000| Complete 
|  30|0x0000000741e00000, 0x0000000741f00000, 0x0000000741f00000|100%| O|  |TAMS 0x0000000741f00000, 0x0000000741e00000| Untracked 
|  31|0x0000000741f00000, 0x0000000742000000, 0x0000000742000000|100%|HS|  |TAMS 0x0000000742000000, 0x0000000741f00000| Complete 
|  32|0x0000000742000000, 0x0000000742100000, 0x0000000742100000|100%|HS|  |TAMS 0x0000000742100000, 0x0000000742000000| Complete 
|  33|0x0000000742100000, 0x0000000742200000, 0x0000000742200000|100%|HC|  |TAMS 0x0000000742200000, 0x0000000742100000| Complete 
|  34|0x0000000742200000, 0x0000000742300000, 0x0000000742300000|100%| O|  |TAMS 0x0000000742300000, 0x0000000742200000| Untracked 
|  35|0x0000000742300000, 0x0000000742400000, 0x0000000742400000|100%| O|  |TAMS 0x0000000742400000, 0x0000000742300000| Untracked 
|  36|0x0000000742400000, 0x0000000742500000, 0x0000000742500000|100%| O|  |TAMS 0x0000000742500000, 0x0000000742400000| Untracked 
|  37|0x0000000742500000, 0x0000000742600000, 0x0000000742600000|100%| O|  |TAMS 0x0000000742600000, 0x0000000742500000| Untracked 
|  38|0x0000000742600000, 0x0000000742700000, 0x0000000742700000|100%| O|  |TAMS 0x0000000742700000, 0x0000000742600000| Untracked 
|  39|0x0000000742700000, 0x0000000742800000, 0x0000000742800000|100%| O|  |TAMS 0x0000000742800000, 0x0000000742700000| Untracked 
|  40|0x0000000742800000, 0x0000000742900000, 0x0000000742900000|100%| O|  |TAMS 0x0000000742900000, 0x0000000742800000| Untracked 
|  41|0x0000000742900000, 0x0000000742a00000, 0x0000000742a00000|100%| O|  |TAMS 0x0000000742a00000, 0x0000000742900000| Untracked 
|  42|0x0000000742a00000, 0x0000000742b00000, 0x0000000742b00000|100%|HS|  |TAMS 0x0000000742b00000, 0x0000000742a00000| Complete 
|  43|0x0000000742b00000, 0x0000000742c00000, 0x0000000742c00000|100%|HC|  |TAMS 0x0000000742c00000, 0x0000000742b00000| Complete 
|  44|0x0000000742c00000, 0x0000000742d00000, 0x0000000742d00000|100%|HC|  |TAMS 0x0000000742d00000, 0x0000000742c00000| Complete 
|  45|0x0000000742d00000, 0x0000000742e00000, 0x0000000742e00000|100%|HC|  |TAMS 0x0000000742e00000, 0x0000000742d00000| Complete 
|  46|0x0000000742e00000, 0x0000000742f00000, 0x0000000742f00000|100%| O|  |TAMS 0x0000000742f00000, 0x0000000742e00000| Untracked 
|  47|0x0000000742f00000, 0x0000000743000000, 0x0000000743000000|100%| O|  |TAMS 0x0000000743000000, 0x0000000742f00000| Untracked 
|  48|0x0000000743000000, 0x0000000743100000, 0x0000000743100000|100%| O|  |TAMS 0x0000000743100000, 0x0000000743000000| Untracked 
|  49|0x0000000743100000, 0x0000000743200000, 0x0000000743200000|100%| O|  |TAMS 0x0000000743200000, 0x0000000743100000| Untracked 
|  50|0x0000000743200000, 0x0000000743200000, 0x0000000743300000|  0%| F|  |TAMS 0x0000000743200000, 0x0000000743200000| Untracked 
|  51|0x0000000743300000, 0x0000000743400000, 0x0000000743400000|100%| O|  |TAMS 0x0000000743300000, 0x0000000743300000| Untracked 
|  52|0x0000000743400000, 0x0000000743500000, 0x0000000743500000|100%| O|  |TAMS 0x0000000743500000, 0x0000000743400000| Untracked 
|  53|0x0000000743500000, 0x0000000743600000, 0x0000000743600000|100%| O|  |TAMS 0x0000000743600000, 0x0000000743500000| Untracked 
|  54|0x0000000743600000, 0x0000000743700000, 0x0000000743700000|100%| O|  |TAMS 0x0000000743700000, 0x0000000743600000| Untracked 
|  55|0x0000000743700000, 0x0000000743800000, 0x0000000743800000|100%| O|  |TAMS 0x0000000743800000, 0x0000000743700000| Untracked 
|  56|0x0000000743800000, 0x0000000743900000, 0x0000000743900000|100%| O|  |TAMS 0x0000000743900000, 0x0000000743800000| Untracked 
|  57|0x0000000743900000, 0x0000000743a00000, 0x0000000743a00000|100%| O|  |TAMS 0x0000000743a00000, 0x0000000743900000| Untracked 
|  58|0x0000000743a00000, 0x0000000743b00000, 0x0000000743b00000|100%| O|  |TAMS 0x0000000743b00000, 0x0000000743a00000| Untracked 
|  59|0x0000000743b00000, 0x0000000743c00000, 0x0000000743c00000|100%| O|  |TAMS 0x0000000743c00000, 0x0000000743b00000| Untracked 
|  60|0x0000000743c00000, 0x0000000743d00000, 0x0000000743d00000|100%| O|  |TAMS 0x0000000743d00000, 0x0000000743c00000| Untracked 
|  61|0x0000000743d00000, 0x0000000743e00000, 0x0000000743e00000|100%| O|  |TAMS 0x0000000743e00000, 0x0000000743d00000| Untracked 
|  62|0x0000000743e00000, 0x0000000743f00000, 0x0000000743f00000|100%| O|  |TAMS 0x0000000743f00000, 0x0000000743e00000| Untracked 
|  63|0x0000000743f00000, 0x0000000744000000, 0x0000000744000000|100%| O|  |TAMS 0x0000000744000000, 0x0000000743f00000| Untracked 
|  64|0x0000000744000000, 0x0000000744100000, 0x0000000744100000|100%| O|  |TAMS 0x0000000744100000, 0x0000000744000000| Untracked 
|  65|0x0000000744100000, 0x0000000744200000, 0x0000000744200000|100%| O|  |TAMS 0x0000000744200000, 0x0000000744100000| Untracked 
|  66|0x0000000744200000, 0x0000000744300000, 0x0000000744300000|100%| O|  |TAMS 0x0000000744300000, 0x0000000744200000| Untracked 
|  67|0x0000000744300000, 0x0000000744400000, 0x0000000744400000|100%| O|  |TAMS 0x0000000744400000, 0x0000000744300000| Untracked 
|  68|0x0000000744400000, 0x0000000744500000, 0x0000000744500000|100%| O|  |TAMS 0x0000000744500000, 0x0000000744400000| Untracked 
|  69|0x0000000744500000, 0x0000000744600000, 0x0000000744600000|100%| O|  |TAMS 0x0000000744600000, 0x0000000744500000| Untracked 
|  70|0x0000000744600000, 0x0000000744700000, 0x0000000744700000|100%| O|  |TAMS 0x0000000744700000, 0x0000000744600000| Untracked 
|  71|0x0000000744700000, 0x0000000744800000, 0x0000000744800000|100%| O|  |TAMS 0x0000000744800000, 0x0000000744700000| Untracked 
|  72|0x0000000744800000, 0x0000000744900000, 0x0000000744900000|100%| O|  |TAMS 0x0000000744900000, 0x0000000744800000| Untracked 
|  73|0x0000000744900000, 0x0000000744a00000, 0x0000000744a00000|100%| O|  |TAMS 0x0000000744a00000, 0x0000000744900000| Untracked 
|  74|0x0000000744a00000, 0x0000000744b00000, 0x0000000744b00000|100%| O|  |TAMS 0x0000000744b00000, 0x0000000744a00000| Untracked 
|  75|0x0000000744b00000, 0x0000000744c00000, 0x0000000744c00000|100%| O|  |TAMS 0x0000000744c00000, 0x0000000744b00000| Untracked 
|  76|0x0000000744c00000, 0x0000000744d00000, 0x0000000744d00000|100%| O|  |TAMS 0x0000000744d00000, 0x0000000744c00000| Untracked 
|  77|0x0000000744d00000, 0x0000000744e00000, 0x0000000744e00000|100%| O|  |TAMS 0x0000000744e00000, 0x0000000744d00000| Untracked 
|  78|0x0000000744e00000, 0x0000000744f00000, 0x0000000744f00000|100%| O|  |TAMS 0x0000000744f00000, 0x0000000744e00000| Untracked 
|  79|0x0000000744f00000, 0x0000000745000000, 0x0000000745000000|100%| O|  |TAMS 0x0000000745000000, 0x0000000744f00000| Untracked 
|  80|0x0000000745000000, 0x0000000745100000, 0x0000000745100000|100%| O|  |TAMS 0x0000000745100000, 0x0000000745000000| Untracked 
|  81|0x0000000745100000, 0x0000000745200000, 0x0000000745200000|100%| O|  |TAMS 0x0000000745100000, 0x0000000745100000| Untracked 
|  82|0x0000000745200000, 0x0000000745300000, 0x0000000745300000|100%| O|  |TAMS 0x0000000745300000, 0x0000000745200000| Untracked 
|  83|0x0000000745300000, 0x0000000745400000, 0x0000000745400000|100%| O|  |TAMS 0x0000000745300000, 0x0000000745300000| Untracked 
|  84|0x0000000745400000, 0x0000000745500000, 0x0000000745500000|100%| O|  |TAMS 0x0000000745500000, 0x0000000745400000| Untracked 
|  85|0x0000000745500000, 0x0000000745600000, 0x0000000745600000|100%| O|  |TAMS 0x0000000745600000, 0x0000000745500000| Untracked 
|  86|0x0000000745600000, 0x0000000745600000, 0x0000000745700000|  0%| F|  |TAMS 0x0000000745600000, 0x0000000745600000| Untracked 
|  87|0x0000000745700000, 0x0000000745800000, 0x0000000745800000|100%| O|  |TAMS 0x0000000745800000, 0x0000000745700000| Untracked 
|  88|0x0000000745800000, 0x0000000745900000, 0x0000000745900000|100%| O|  |TAMS 0x0000000745900000, 0x0000000745800000| Untracked 
|  89|0x0000000745900000, 0x0000000745a00000, 0x0000000745a00000|100%| O|  |TAMS 0x0000000745a00000, 0x0000000745900000| Untracked 
|  90|0x0000000745a00000, 0x0000000745b00000, 0x0000000745b00000|100%| O|  |TAMS 0x0000000745a00000, 0x0000000745a00000| Untracked 
|  91|0x0000000745b00000, 0x0000000745c00000, 0x0000000745c00000|100%|HS|  |TAMS 0x0000000745b00000, 0x0000000745b00000| Complete 
|  92|0x0000000745c00000, 0x0000000745d00000, 0x0000000745d00000|100%| O|  |TAMS 0x0000000745d00000, 0x0000000745c00000| Untracked 
|  93|0x0000000745d00000, 0x0000000745e00000, 0x0000000745e00000|100%| O|  |TAMS 0x0000000745e00000, 0x0000000745d00000| Untracked 
|  94|0x0000000745e00000, 0x0000000745f00000, 0x0000000745f00000|100%| O|  |TAMS 0x0000000745f00000, 0x0000000745e00000| Untracked 
|  95|0x0000000745f00000, 0x0000000746000000, 0x0000000746000000|100%| O|  |TAMS 0x0000000746000000, 0x0000000745f00000| Untracked 
|  96|0x0000000746000000, 0x0000000746100000, 0x0000000746100000|100%| O|  |TAMS 0x0000000746100000, 0x0000000746000000| Untracked 
|  97|0x0000000746100000, 0x0000000746200000, 0x0000000746200000|100%| O|  |TAMS 0x0000000746200000, 0x0000000746100000| Untracked 
|  98|0x0000000746200000, 0x0000000746300000, 0x0000000746300000|100%| O|  |TAMS 0x0000000746300000, 0x0000000746200000| Untracked 
|  99|0x0000000746300000, 0x0000000746400000, 0x0000000746400000|100%| O|  |TAMS 0x0000000746400000, 0x0000000746300000| Untracked 
| 100|0x0000000746400000, 0x0000000746500000, 0x0000000746500000|100%| O|  |TAMS 0x0000000746500000, 0x0000000746400000| Untracked 
| 101|0x0000000746500000, 0x0000000746600000, 0x0000000746600000|100%| O|  |TAMS 0x0000000746600000, 0x0000000746500000| Untracked 
| 102|0x0000000746600000, 0x0000000746700000, 0x0000000746700000|100%| O|  |TAMS 0x0000000746700000, 0x0000000746600000| Untracked 
| 103|0x0000000746700000, 0x0000000746800000, 0x0000000746800000|100%| O|  |TAMS 0x0000000746800000, 0x0000000746700000| Untracked 
| 104|0x0000000746800000, 0x0000000746900000, 0x0000000746900000|100%| O|  |TAMS 0x0000000746900000, 0x0000000746800000| Untracked 
| 105|0x0000000746900000, 0x0000000746a00000, 0x0000000746a00000|100%| O|  |TAMS 0x0000000746a00000, 0x0000000746900000| Untracked 
| 106|0x0000000746a00000, 0x0000000746b00000, 0x0000000746b00000|100%| O|  |TAMS 0x0000000746b00000, 0x0000000746a00000| Untracked 
| 107|0x0000000746b00000, 0x0000000746c00000, 0x0000000746c00000|100%| O|  |TAMS 0x0000000746c00000, 0x0000000746b00000| Untracked 
| 108|0x0000000746c00000, 0x0000000746d00000, 0x0000000746d00000|100%| O|  |TAMS 0x0000000746d00000, 0x0000000746c00000| Untracked 
| 109|0x0000000746d00000, 0x0000000746e00000, 0x0000000746e00000|100%| O|  |TAMS 0x0000000746e00000, 0x0000000746d00000| Untracked 
| 110|0x0000000746e00000, 0x0000000746f00000, 0x0000000746f00000|100%| O|  |TAMS 0x0000000746f00000, 0x0000000746e00000| Untracked 
| 111|0x0000000746f00000, 0x0000000747000000, 0x0000000747000000|100%| O|  |TAMS 0x0000000747000000, 0x0000000746f00000| Untracked 
| 112|0x0000000747000000, 0x0000000747100000, 0x0000000747100000|100%| O|  |TAMS 0x0000000747100000, 0x0000000747000000| Untracked 
| 113|0x0000000747100000, 0x0000000747200000, 0x0000000747200000|100%|HS|  |TAMS 0x0000000747100000, 0x0000000747100000| Complete 
| 114|0x0000000747200000, 0x0000000747200000, 0x0000000747300000|  0%| F|  |TAMS 0x0000000747200000, 0x0000000747200000| Untracked 
| 115|0x0000000747300000, 0x0000000747400000, 0x0000000747400000|100%|HS|  |TAMS 0x0000000747300000, 0x0000000747300000| Complete 
| 116|0x0000000747400000, 0x0000000747500000, 0x0000000747500000|100%| O|  |TAMS 0x0000000747500000, 0x0000000747400000| Untracked 
| 117|0x0000000747500000, 0x0000000747500000, 0x0000000747600000|  0%| F|  |TAMS 0x0000000747500000, 0x0000000747500000| Untracked 
| 118|0x0000000747600000, 0x0000000747700000, 0x0000000747700000|100%| O|  |TAMS 0x0000000747600000, 0x0000000747600000| Untracked 
| 119|0x0000000747700000, 0x0000000747800000, 0x0000000747800000|100%| O|  |TAMS 0x0000000747700000, 0x0000000747700000| Untracked 
| 120|0x0000000747800000, 0x0000000747900000, 0x0000000747900000|100%| O|  |TAMS 0x0000000747800000, 0x0000000747800000| Untracked 
| 121|0x0000000747900000, 0x0000000747a00000, 0x0000000747a00000|100%| O|  |TAMS 0x0000000747900000, 0x0000000747900000| Untracked 
| 122|0x0000000747a00000, 0x0000000747b00000, 0x0000000747b00000|100%| O|  |TAMS 0x0000000747a00000, 0x0000000747a00000| Untracked 
| 123|0x0000000747b00000, 0x0000000747c00000, 0x0000000747c00000|100%| O|  |TAMS 0x0000000747b00000, 0x0000000747b00000| Untracked 
| 124|0x0000000747c00000, 0x0000000747d00000, 0x0000000747d00000|100%| O|  |TAMS 0x0000000747c00000, 0x0000000747c00000| Untracked 
| 125|0x0000000747d00000, 0x0000000747e00000, 0x0000000747e00000|100%| O|  |TAMS 0x0000000747d00000, 0x0000000747d00000| Untracked 
| 126|0x0000000747e00000, 0x0000000747f00000, 0x0000000747f00000|100%| O|  |TAMS 0x0000000747f00000, 0x0000000747e00000| Untracked 
| 127|0x0000000747f00000, 0x0000000747f00000, 0x0000000748000000|  0%| F|  |TAMS 0x0000000747f00000, 0x0000000747f00000| Untracked 
| 128|0x0000000748000000, 0x0000000748100000, 0x0000000748100000|100%|HS|  |TAMS 0x0000000748000000, 0x0000000748000000| Complete 
| 129|0x0000000748100000, 0x0000000748200000, 0x0000000748200000|100%|HS|  |TAMS 0x0000000748200000, 0x0000000748100000| Complete 
| 130|0x0000000748200000, 0x0000000748300000, 0x0000000748300000|100%| O|  |TAMS 0x0000000748300000, 0x0000000748200000| Untracked 
| 131|0x0000000748300000, 0x0000000748400000, 0x0000000748400000|100%| O|  |TAMS 0x0000000748400000, 0x0000000748300000| Untracked 
| 132|0x0000000748400000, 0x0000000748500000, 0x0000000748500000|100%|HS|  |TAMS 0x0000000748400000, 0x0000000748400000| Complete 
| 133|0x0000000748500000, 0x0000000748600000, 0x0000000748600000|100%|HC|  |TAMS 0x0000000748500000, 0x0000000748500000| Complete 
| 134|0x0000000748600000, 0x0000000748600000, 0x0000000748700000|  0%| F|  |TAMS 0x0000000748600000, 0x0000000748600000| Untracked 
| 135|0x0000000748700000, 0x0000000748800000, 0x0000000748800000|100%| O|  |TAMS 0x0000000748800000, 0x0000000748700000| Untracked 
| 136|0x0000000748800000, 0x0000000748900000, 0x0000000748900000|100%| O|  |TAMS 0x0000000748800000, 0x0000000748800000| Untracked 
| 137|0x0000000748900000, 0x0000000748a00000, 0x0000000748a00000|100%| O|  |TAMS 0x0000000748a00000, 0x0000000748900000| Untracked 
| 138|0x0000000748a00000, 0x0000000748b00000, 0x0000000748b00000|100%| O|  |TAMS 0x0000000748b00000, 0x0000000748a00000| Untracked 
| 139|0x0000000748b00000, 0x0000000748c00000, 0x0000000748c00000|100%| O|  |TAMS 0x0000000748c00000, 0x0000000748b00000| Untracked 
| 140|0x0000000748c00000, 0x0000000748c00000, 0x0000000748d00000|  0%| F|  |TAMS 0x0000000748c00000, 0x0000000748c00000| Untracked 
| 141|0x0000000748d00000, 0x0000000748e00000, 0x0000000748e00000|100%| O|  |TAMS 0x0000000748d00000, 0x0000000748d00000| Untracked 
| 142|0x0000000748e00000, 0x0000000748f00000, 0x0000000748f00000|100%| O|  |TAMS 0x0000000748e00000, 0x0000000748e00000| Untracked 
| 143|0x0000000748f00000, 0x0000000749000000, 0x0000000749000000|100%| O|  |TAMS 0x0000000748f00000, 0x0000000748f00000| Untracked 
| 144|0x0000000749000000, 0x0000000749100000, 0x0000000749100000|100%| O|  |TAMS 0x0000000749000000, 0x0000000749000000| Untracked 
| 145|0x0000000749100000, 0x0000000749200000, 0x0000000749200000|100%| O|  |TAMS 0x0000000749200000, 0x0000000749100000| Untracked 
| 146|0x0000000749200000, 0x0000000749300000, 0x0000000749300000|100%| O|  |TAMS 0x0000000749300000, 0x0000000749200000| Untracked 
| 147|0x0000000749300000, 0x0000000749400000, 0x0000000749400000|100%| O|  |TAMS 0x0000000749300000, 0x0000000749300000| Untracked 
| 148|0x0000000749400000, 0x0000000749500000, 0x0000000749500000|100%| O|  |TAMS 0x0000000749500000, 0x0000000749400000| Untracked 
| 149|0x0000000749500000, 0x0000000749500000, 0x0000000749600000|  0%| F|  |TAMS 0x0000000749500000, 0x0000000749500000| Untracked 
| 150|0x0000000749600000, 0x0000000749700000, 0x0000000749700000|100%| O|  |TAMS 0x0000000749700000, 0x0000000749600000| Untracked 
| 151|0x0000000749700000, 0x0000000749800000, 0x0000000749800000|100%| O|  |TAMS 0x0000000749800000, 0x0000000749700000| Untracked 
| 152|0x0000000749800000, 0x0000000749900000, 0x0000000749900000|100%| O|  |TAMS 0x0000000749800000, 0x0000000749800000| Untracked 
| 153|0x0000000749900000, 0x0000000749a00000, 0x0000000749a00000|100%| O|  |TAMS 0x0000000749a00000, 0x0000000749900000| Untracked 
| 154|0x0000000749a00000, 0x0000000749b00000, 0x0000000749b00000|100%| O|  |TAMS 0x0000000749b00000, 0x0000000749a00000| Untracked 
| 155|0x0000000749b00000, 0x0000000749c00000, 0x0000000749c00000|100%|HS|  |TAMS 0x0000000749b00000, 0x0000000749b00000| Complete 
| 156|0x0000000749c00000, 0x0000000749d00000, 0x0000000749d00000|100%|HC|  |TAMS 0x0000000749c00000, 0x0000000749c00000| Complete 
| 157|0x0000000749d00000, 0x0000000749e00000, 0x0000000749e00000|100%|HC|  |TAMS 0x0000000749d00000, 0x0000000749d00000| Complete 
| 158|0x0000000749e00000, 0x0000000749e00000, 0x0000000749f00000|  0%| F|  |TAMS 0x0000000749e00000, 0x0000000749e00000| Untracked 
| 159|0x0000000749f00000, 0x000000074a000000, 0x000000074a000000|100%| O|  |TAMS 0x0000000749f00000, 0x0000000749f00000| Untracked 
| 160|0x000000074a000000, 0x000000074a100000, 0x000000074a100000|100%| O|  |TAMS 0x000000074a100000, 0x000000074a000000| Untracked 
| 161|0x000000074a100000, 0x000000074a100000, 0x000000074a200000|  0%| F|  |TAMS 0x000000074a100000, 0x000000074a100000| Untracked 
| 162|0x000000074a200000, 0x000000074a300000, 0x000000074a300000|100%|HS|  |TAMS 0x000000074a200000, 0x000000074a200000| Complete 
| 163|0x000000074a300000, 0x000000074a400000, 0x000000074a400000|100%|HC|  |TAMS 0x000000074a300000, 0x000000074a300000| Complete 
| 164|0x000000074a400000, 0x000000074a400000, 0x000000074a500000|  0%| F|  |TAMS 0x000000074a400000, 0x000000074a400000| Untracked 
| 165|0x000000074a500000, 0x000000074a600000, 0x000000074a600000|100%| O|  |TAMS 0x000000074a500000, 0x000000074a500000| Untracked 
| 166|0x000000074a600000, 0x000000074a700000, 0x000000074a700000|100%| O|  |TAMS 0x000000074a600000, 0x000000074a600000| Untracked 
| 167|0x000000074a700000, 0x000000074a800000, 0x000000074a800000|100%|HS|  |TAMS 0x000000074a700000, 0x000000074a700000| Complete 
| 168|0x000000074a800000, 0x000000074a900000, 0x000000074a900000|100%| O|  |TAMS 0x000000074a900000, 0x000000074a800000| Untracked 
| 169|0x000000074a900000, 0x000000074aa00000, 0x000000074aa00000|100%| O|  |TAMS 0x000000074aa00000, 0x000000074a900000| Untracked 
| 170|0x000000074aa00000, 0x000000074ab00000, 0x000000074ab00000|100%| O|  |TAMS 0x000000074aa00000, 0x000000074aa00000| Untracked 
| 171|0x000000074ab00000, 0x000000074ac00000, 0x000000074ac00000|100%| O|  |TAMS 0x000000074ac00000, 0x000000074ab00000| Untracked 
| 172|0x000000074ac00000, 0x000000074ad00000, 0x000000074ad00000|100%| O|  |TAMS 0x000000074ad00000, 0x000000074ac00000| Untracked 
| 173|0x000000074ad00000, 0x000000074ae00000, 0x000000074ae00000|100%| O|  |TAMS 0x000000074ae00000, 0x000000074ad00000| Untracked 
| 174|0x000000074ae00000, 0x000000074af00000, 0x000000074af00000|100%| O|  |TAMS 0x000000074af00000, 0x000000074ae00000| Untracked 
| 175|0x000000074af00000, 0x000000074b000000, 0x000000074b000000|100%| O|  |TAMS 0x000000074b000000, 0x000000074af00000| Untracked 
| 176|0x000000074b000000, 0x000000074b100000, 0x000000074b100000|100%| O|  |TAMS 0x000000074b100000, 0x000000074b000000| Untracked 
| 177|0x000000074b100000, 0x000000074b200000, 0x000000074b200000|100%|HS|  |TAMS 0x000000074b100000, 0x000000074b100000| Complete 
| 178|0x000000074b200000, 0x000000074b300000, 0x000000074b300000|100%| O|  |TAMS 0x000000074b300000, 0x000000074b200000| Untracked 
| 179|0x000000074b300000, 0x000000074b400000, 0x000000074b400000|100%| O|  |TAMS 0x000000074b400000, 0x000000074b300000| Untracked 
| 180|0x000000074b400000, 0x000000074b500000, 0x000000074b500000|100%| O|  |TAMS 0x000000074b500000, 0x000000074b400000| Untracked 
| 181|0x000000074b500000, 0x000000074b600000, 0x000000074b600000|100%| O|  |TAMS 0x000000074b600000, 0x000000074b500000| Untracked 
| 182|0x000000074b600000, 0x000000074b700000, 0x000000074b700000|100%| O|  |TAMS 0x000000074b700000, 0x000000074b600000| Untracked 
| 183|0x000000074b700000, 0x000000074b800000, 0x000000074b800000|100%| O|  |TAMS 0x000000074b800000, 0x000000074b700000| Untracked 
| 184|0x000000074b800000, 0x000000074b900000, 0x000000074b900000|100%| O|  |TAMS 0x000000074b900000, 0x000000074b800000| Untracked 
| 185|0x000000074b900000, 0x000000074ba00000, 0x000000074ba00000|100%| O|  |TAMS 0x000000074ba00000, 0x000000074b900000| Untracked 
| 186|0x000000074ba00000, 0x000000074bb00000, 0x000000074bb00000|100%| O|  |TAMS 0x000000074bb00000, 0x000000074ba00000| Untracked 
| 187|0x000000074bb00000, 0x000000074bc00000, 0x000000074bc00000|100%| O|  |TAMS 0x000000074bc00000, 0x000000074bb00000| Untracked 
| 188|0x000000074bc00000, 0x000000074bd00000, 0x000000074bd00000|100%| O|  |TAMS 0x000000074bd00000, 0x000000074bc00000| Untracked 
| 189|0x000000074bd00000, 0x000000074be00000, 0x000000074be00000|100%| O|  |TAMS 0x000000074be00000, 0x000000074bd00000| Untracked 
| 190|0x000000074be00000, 0x000000074bf00000, 0x000000074bf00000|100%| O|  |TAMS 0x000000074bf00000, 0x000000074be00000| Untracked 
| 191|0x000000074bf00000, 0x000000074c000000, 0x000000074c000000|100%| O|  |TAMS 0x000000074c000000, 0x000000074bf00000| Untracked 
| 192|0x000000074c000000, 0x000000074c100000, 0x000000074c100000|100%| O|  |TAMS 0x000000074c100000, 0x000000074c000000| Untracked 
| 193|0x000000074c100000, 0x000000074c200000, 0x000000074c200000|100%| O|  |TAMS 0x000000074c200000, 0x000000074c100000| Untracked 
| 194|0x000000074c200000, 0x000000074c300000, 0x000000074c300000|100%| O|  |TAMS 0x000000074c300000, 0x000000074c200000| Untracked 
| 195|0x000000074c300000, 0x000000074c400000, 0x000000074c400000|100%| O|  |TAMS 0x000000074c400000, 0x000000074c300000| Untracked 
| 196|0x000000074c400000, 0x000000074c500000, 0x000000074c500000|100%| O|  |TAMS 0x000000074c500000, 0x000000074c400000| Untracked 
| 197|0x000000074c500000, 0x000000074c600000, 0x000000074c600000|100%| O|  |TAMS 0x000000074c600000, 0x000000074c500000| Untracked 
| 198|0x000000074c600000, 0x000000074c700000, 0x000000074c700000|100%| O|  |TAMS 0x000000074c700000, 0x000000074c600000| Untracked 
| 199|0x000000074c700000, 0x000000074c800000, 0x000000074c800000|100%| O|  |TAMS 0x000000074c800000, 0x000000074c700000| Untracked 
| 200|0x000000074c800000, 0x000000074c900000, 0x000000074c900000|100%| O|  |TAMS 0x000000074c900000, 0x000000074c800000| Untracked 
| 201|0x000000074c900000, 0x000000074ca00000, 0x000000074ca00000|100%| O|  |TAMS 0x000000074ca00000, 0x000000074c900000| Untracked 
| 202|0x000000074ca00000, 0x000000074cb00000, 0x000000074cb00000|100%| O|  |TAMS 0x000000074ca2f200, 0x000000074ca00000| Untracked 
| 203|0x000000074cb00000, 0x000000074cc00000, 0x000000074cc00000|100%| O|  |TAMS 0x000000074cb00000, 0x000000074cb00000| Untracked 
| 204|0x000000074cc00000, 0x000000074cd00000, 0x000000074cd00000|100%| O|  |TAMS 0x000000074cc00000, 0x000000074cc00000| Untracked 
| 205|0x000000074cd00000, 0x000000074ce00000, 0x000000074ce00000|100%| O|  |TAMS 0x000000074cd00000, 0x000000074cd00000| Untracked 
| 206|0x000000074ce00000, 0x000000074cf00000, 0x000000074cf00000|100%| O|  |TAMS 0x000000074ce00000, 0x000000074ce00000| Untracked 
| 207|0x000000074cf00000, 0x000000074d000000, 0x000000074d000000|100%|HS|  |TAMS 0x000000074cf00000, 0x000000074cf00000| Complete 
| 208|0x000000074d000000, 0x000000074d100000, 0x000000074d100000|100%|HC|  |TAMS 0x000000074d000000, 0x000000074d000000| Complete 
| 209|0x000000074d100000, 0x000000074d200000, 0x000000074d200000|100%| O|  |TAMS 0x000000074d100000, 0x000000074d100000| Untracked 
| 210|0x000000074d200000, 0x000000074d300000, 0x000000074d300000|100%| O|  |TAMS 0x000000074d200000, 0x000000074d200000| Untracked 
| 211|0x000000074d300000, 0x000000074d400000, 0x000000074d400000|100%| O|  |TAMS 0x000000074d300000, 0x000000074d300000| Untracked 
| 212|0x000000074d400000, 0x000000074d500000, 0x000000074d500000|100%| O|  |TAMS 0x000000074d400000, 0x000000074d400000| Untracked 
| 213|0x000000074d500000, 0x000000074d600000, 0x000000074d600000|100%| O|  |TAMS 0x000000074d500000, 0x000000074d500000| Untracked 
| 214|0x000000074d600000, 0x000000074d700000, 0x000000074d700000|100%|HS|  |TAMS 0x000000074d600000, 0x000000074d600000| Complete 
| 215|0x000000074d700000, 0x000000074d800000, 0x000000074d800000|100%|HC|  |TAMS 0x000000074d700000, 0x000000074d700000| Complete 
| 216|0x000000074d800000, 0x000000074d900000, 0x000000074d900000|100%|HC|  |TAMS 0x000000074d800000, 0x000000074d800000| Complete 
| 217|0x000000074d900000, 0x000000074da00000, 0x000000074da00000|100%| O|  |TAMS 0x000000074d900000, 0x000000074d900000| Untracked 
| 218|0x000000074da00000, 0x000000074db00000, 0x000000074db00000|100%| O|  |TAMS 0x000000074da00000, 0x000000074da00000| Untracked 
| 219|0x000000074db00000, 0x000000074dc00000, 0x000000074dc00000|100%|HS|  |TAMS 0x000000074db00000, 0x000000074db00000| Complete 
| 220|0x000000074dc00000, 0x000000074dd00000, 0x000000074dd00000|100%|HC|  |TAMS 0x000000074dc00000, 0x000000074dc00000| Complete 
| 221|0x000000074dd00000, 0x000000074de00000, 0x000000074de00000|100%| O|  |TAMS 0x000000074dd00000, 0x000000074dd00000| Untracked 
| 222|0x000000074de00000, 0x000000074df00000, 0x000000074df00000|100%|HS|  |TAMS 0x000000074de00000, 0x000000074de00000| Complete 
| 223|0x000000074df00000, 0x000000074e000000, 0x000000074e000000|100%| O|  |TAMS 0x000000074df00000, 0x000000074df00000| Untracked 
| 224|0x000000074e000000, 0x000000074e100000, 0x000000074e100000|100%|HS|  |TAMS 0x000000074e000000, 0x000000074e000000| Complete 
| 225|0x000000074e100000, 0x000000074e200000, 0x000000074e200000|100%|HS|  |TAMS 0x000000074e100000, 0x000000074e100000| Complete 
| 226|0x000000074e200000, 0x000000074e300000, 0x000000074e300000|100%|HS|  |TAMS 0x000000074e200000, 0x000000074e200000| Complete 
| 227|0x000000074e300000, 0x000000074e400000, 0x000000074e400000|100%| O|  |TAMS 0x000000074e300000, 0x000000074e300000| Untracked 
| 228|0x000000074e400000, 0x000000074e500000, 0x000000074e500000|100%| O|  |TAMS 0x000000074e400000, 0x000000074e400000| Untracked 
| 229|0x000000074e500000, 0x000000074e600000, 0x000000074e600000|100%| O|  |TAMS 0x000000074e500000, 0x000000074e500000| Untracked 
| 230|0x000000074e600000, 0x000000074e700000, 0x000000074e700000|100%| O|  |TAMS 0x000000074e600000, 0x000000074e600000| Untracked 
| 231|0x000000074e700000, 0x000000074e800000, 0x000000074e800000|100%| O|  |TAMS 0x000000074e700000, 0x000000074e700000| Untracked 
| 232|0x000000074e800000, 0x000000074e900000, 0x000000074e900000|100%| O|  |TAMS 0x000000074e800000, 0x000000074e800000| Untracked 
| 233|0x000000074e900000, 0x000000074ea00000, 0x000000074ea00000|100%| O|  |TAMS 0x000000074e900000, 0x000000074e900000| Untracked 
| 234|0x000000074ea00000, 0x000000074eb00000, 0x000000074eb00000|100%| O|  |TAMS 0x000000074eb00000, 0x000000074ea00000| Untracked 
| 235|0x000000074eb00000, 0x000000074ec00000, 0x000000074ec00000|100%| O|  |TAMS 0x000000074eb00000, 0x000000074eb00000| Untracked 
| 236|0x000000074ec00000, 0x000000074ed00000, 0x000000074ed00000|100%| O|  |TAMS 0x000000074ec00000, 0x000000074ec00000| Untracked 
| 237|0x000000074ed00000, 0x000000074ee00000, 0x000000074ee00000|100%| O|  |TAMS 0x000000074ed00000, 0x000000074ed00000| Untracked 
| 238|0x000000074ee00000, 0x000000074ef00000, 0x000000074ef00000|100%| O|  |TAMS 0x000000074ee00000, 0x000000074ee00000| Untracked 
| 239|0x000000074ef00000, 0x000000074f000000, 0x000000074f000000|100%| O|  |TAMS 0x000000074ef00000, 0x000000074ef00000| Untracked 
| 240|0x000000074f000000, 0x000000074f100000, 0x000000074f100000|100%| O|  |TAMS 0x000000074f000000, 0x000000074f000000| Untracked 
| 241|0x000000074f100000, 0x000000074f200000, 0x000000074f200000|100%| O|  |TAMS 0x000000074f100000, 0x000000074f100000| Untracked 
| 242|0x000000074f200000, 0x000000074f2dbe00, 0x000000074f300000| 85%| O|  |TAMS 0x000000074f200000, 0x000000074f200000| Untracked 
| 243|0x000000074f300000, 0x000000074f300000, 0x000000074f400000|  0%| F|  |TAMS 0x000000074f300000, 0x000000074f300000| Untracked 
| 244|0x000000074f400000, 0x000000074f500000, 0x000000074f500000|100%| O|  |TAMS 0x000000074f500000, 0x000000074f400000| Untracked 
| 245|0x000000074f500000, 0x000000074f600000, 0x000000074f600000|100%| O|  |TAMS 0x000000074f600000, 0x000000074f500000| Untracked 
| 246|0x000000074f600000, 0x000000074f600000, 0x000000074f700000|  0%| F|  |TAMS 0x000000074f600000, 0x000000074f600000| Untracked 
| 247|0x000000074f700000, 0x000000074f700000, 0x000000074f800000|  0%| F|  |TAMS 0x000000074f700000, 0x000000074f700000| Untracked 
| 248|0x000000074f800000, 0x000000074f800000, 0x000000074f900000|  0%| F|  |TAMS 0x000000074f800000, 0x000000074f800000| Untracked 
| 249|0x000000074f900000, 0x000000074f900000, 0x000000074fa00000|  0%| F|  |TAMS 0x000000074f900000, 0x000000074f900000| Untracked 
| 250|0x000000074fa00000, 0x000000074fa00000, 0x000000074fb00000|  0%| F|  |TAMS 0x000000074fa00000, 0x000000074fa00000| Untracked 
| 251|0x000000074fb00000, 0x000000074fb00000, 0x000000074fc00000|  0%| F|  |TAMS 0x000000074fb00000, 0x000000074fb00000| Untracked 
| 252|0x000000074fc00000, 0x000000074fc00000, 0x000000074fd00000|  0%| F|  |TAMS 0x000000074fc00000, 0x000000074fc00000| Untracked 
| 253|0x000000074fd00000, 0x000000074fd00000, 0x000000074fe00000|  0%| F|  |TAMS 0x000000074fd00000, 0x000000074fd00000| Untracked 
| 254|0x000000074fe00000, 0x000000074fe00000, 0x000000074ff00000|  0%| F|  |TAMS 0x000000074fe00000, 0x000000074fe00000| Untracked 
| 255|0x000000074ff00000, 0x000000074ff00000, 0x0000000750000000|  0%| F|  |TAMS 0x000000074ff00000, 0x000000074ff00000| Untracked 
| 256|0x0000000750000000, 0x0000000750000000, 0x0000000750100000|  0%| F|  |TAMS 0x0000000750000000, 0x0000000750000000| Untracked 
| 257|0x0000000750100000, 0x0000000750100000, 0x0000000750200000|  0%| F|  |TAMS 0x0000000750100000, 0x0000000750100000| Untracked 
| 258|0x0000000750200000, 0x0000000750300000, 0x0000000750300000|100%| O|  |TAMS 0x0000000750300000, 0x0000000750200000| Untracked 
| 259|0x0000000750300000, 0x0000000750400000, 0x0000000750400000|100%| O|  |TAMS 0x0000000750400000, 0x0000000750300000| Untracked 
| 260|0x0000000750400000, 0x0000000750500000, 0x0000000750500000|100%| O|  |TAMS 0x0000000750500000, 0x0000000750400000| Untracked 
| 261|0x0000000750500000, 0x0000000750600000, 0x0000000750600000|100%| O|  |TAMS 0x0000000750600000, 0x0000000750500000| Untracked 
| 262|0x0000000750600000, 0x0000000750600000, 0x0000000750700000|  0%| F|  |TAMS 0x0000000750600000, 0x0000000750600000| Untracked 
| 263|0x0000000750700000, 0x0000000750700000, 0x0000000750800000|  0%| F|  |TAMS 0x0000000750700000, 0x0000000750700000| Untracked 
| 264|0x0000000750800000, 0x0000000750800000, 0x0000000750900000|  0%| F|  |TAMS 0x0000000750800000, 0x0000000750800000| Untracked 
| 265|0x0000000750900000, 0x0000000750900000, 0x0000000750a00000|  0%| F|  |TAMS 0x0000000750900000, 0x0000000750900000| Untracked 
| 266|0x0000000750a00000, 0x0000000750a00000, 0x0000000750b00000|  0%| F|  |TAMS 0x0000000750a00000, 0x0000000750a00000| Untracked 
| 267|0x0000000750b00000, 0x0000000750b00000, 0x0000000750c00000|  0%| F|  |TAMS 0x0000000750b00000, 0x0000000750b00000| Untracked 
| 268|0x0000000750c00000, 0x0000000750c00000, 0x0000000750d00000|  0%| F|  |TAMS 0x0000000750c00000, 0x0000000750c00000| Untracked 
| 269|0x0000000750d00000, 0x0000000750d00000, 0x0000000750e00000|  0%| F|  |TAMS 0x0000000750d00000, 0x0000000750d00000| Untracked 
| 270|0x0000000750e00000, 0x0000000750e00000, 0x0000000750f00000|  0%| F|  |TAMS 0x0000000750e00000, 0x0000000750e00000| Untracked 
| 271|0x0000000750f00000, 0x0000000750f00000, 0x0000000751000000|  0%| F|  |TAMS 0x0000000750f00000, 0x0000000750f00000| Untracked 
| 272|0x0000000751000000, 0x0000000751000000, 0x0000000751100000|  0%| F|  |TAMS 0x0000000751000000, 0x0000000751000000| Untracked 
| 273|0x0000000751100000, 0x0000000751100000, 0x0000000751200000|  0%| F|  |TAMS 0x0000000751100000, 0x0000000751100000| Untracked 
| 274|0x0000000751200000, 0x0000000751200000, 0x0000000751300000|  0%| F|  |TAMS 0x0000000751200000, 0x0000000751200000| Untracked 
| 275|0x0000000751300000, 0x0000000751300000, 0x0000000751400000|  0%| F|  |TAMS 0x0000000751300000, 0x0000000751300000| Untracked 
| 276|0x0000000751400000, 0x0000000751400000, 0x0000000751500000|  0%| F|  |TAMS 0x0000000751400000, 0x0000000751400000| Untracked 
| 277|0x0000000751500000, 0x0000000751500000, 0x0000000751600000|  0%| F|  |TAMS 0x0000000751500000, 0x0000000751500000| Untracked 
| 278|0x0000000751600000, 0x0000000751600000, 0x0000000751700000|  0%| F|  |TAMS 0x0000000751600000, 0x0000000751600000| Untracked 
| 279|0x0000000751700000, 0x0000000751700000, 0x0000000751800000|  0%| F|  |TAMS 0x0000000751700000, 0x0000000751700000| Untracked 
| 280|0x0000000751800000, 0x0000000751800000, 0x0000000751900000|  0%| F|  |TAMS 0x0000000751800000, 0x0000000751800000| Untracked 
| 281|0x0000000751900000, 0x0000000751900000, 0x0000000751a00000|  0%| F|  |TAMS 0x0000000751900000, 0x0000000751900000| Untracked 
| 282|0x0000000751a00000, 0x0000000751a00000, 0x0000000751b00000|  0%| F|  |TAMS 0x0000000751a00000, 0x0000000751a00000| Untracked 
| 283|0x0000000751b00000, 0x0000000751b00000, 0x0000000751c00000|  0%| F|  |TAMS 0x0000000751b00000, 0x0000000751b00000| Untracked 
| 284|0x0000000751c00000, 0x0000000751c00000, 0x0000000751d00000|  0%| F|  |TAMS 0x0000000751c00000, 0x0000000751c00000| Untracked 
| 285|0x0000000751d00000, 0x0000000751d00000, 0x0000000751e00000|  0%| F|  |TAMS 0x0000000751d00000, 0x0000000751d00000| Untracked 
| 286|0x0000000751e00000, 0x0000000751e00000, 0x0000000751f00000|  0%| F|  |TAMS 0x0000000751e00000, 0x0000000751e00000| Untracked 
| 287|0x0000000751f00000, 0x0000000751f00000, 0x0000000752000000|  0%| F|  |TAMS 0x0000000751f00000, 0x0000000751f00000| Untracked 
| 288|0x0000000752000000, 0x0000000752000000, 0x0000000752100000|  0%| F|  |TAMS 0x0000000752000000, 0x0000000752000000| Untracked 
| 289|0x0000000752100000, 0x0000000752100000, 0x0000000752200000|  0%| F|  |TAMS 0x0000000752100000, 0x0000000752100000| Untracked 
| 290|0x0000000752200000, 0x0000000752200000, 0x0000000752300000|  0%| F|  |TAMS 0x0000000752200000, 0x0000000752200000| Untracked 
| 291|0x0000000752300000, 0x0000000752300000, 0x0000000752400000|  0%| F|  |TAMS 0x0000000752300000, 0x0000000752300000| Untracked 
| 292|0x0000000752400000, 0x0000000752400000, 0x0000000752500000|  0%| F|  |TAMS 0x0000000752400000, 0x0000000752400000| Untracked 
| 293|0x0000000752500000, 0x0000000752500000, 0x0000000752600000|  0%| F|  |TAMS 0x0000000752500000, 0x0000000752500000| Untracked 
| 294|0x0000000752600000, 0x0000000752600000, 0x0000000752700000|  0%| F|  |TAMS 0x0000000752600000, 0x0000000752600000| Untracked 
| 295|0x0000000752700000, 0x0000000752700000, 0x0000000752800000|  0%| F|  |TAMS 0x0000000752700000, 0x0000000752700000| Untracked 
| 296|0x0000000752800000, 0x0000000752800000, 0x0000000752900000|  0%| F|  |TAMS 0x0000000752800000, 0x0000000752800000| Untracked 
| 297|0x0000000752900000, 0x0000000752900000, 0x0000000752a00000|  0%| F|  |TAMS 0x0000000752900000, 0x0000000752900000| Untracked 
| 298|0x0000000752a00000, 0x0000000752a00000, 0x0000000752b00000|  0%| F|  |TAMS 0x0000000752a00000, 0x0000000752a00000| Untracked 
| 299|0x0000000752b00000, 0x0000000752b00000, 0x0000000752c00000|  0%| F|  |TAMS 0x0000000752b00000, 0x0000000752b00000| Untracked 
| 300|0x0000000752c00000, 0x0000000752c00000, 0x0000000752d00000|  0%| F|  |TAMS 0x0000000752c00000, 0x0000000752c00000| Untracked 
| 301|0x0000000752d00000, 0x0000000752d00000, 0x0000000752e00000|  0%| F|  |TAMS 0x0000000752d00000, 0x0000000752d00000| Untracked 
| 302|0x0000000752e00000, 0x0000000752e00000, 0x0000000752f00000|  0%| F|  |TAMS 0x0000000752e00000, 0x0000000752e00000| Untracked 
| 303|0x0000000752f00000, 0x0000000752f00000, 0x0000000753000000|  0%| F|  |TAMS 0x0000000752f00000, 0x0000000752f00000| Untracked 
| 304|0x0000000753000000, 0x0000000753000000, 0x0000000753100000|  0%| F|  |TAMS 0x0000000753000000, 0x0000000753000000| Untracked 
| 305|0x0000000753100000, 0x0000000753100000, 0x0000000753200000|  0%| F|  |TAMS 0x0000000753100000, 0x0000000753100000| Untracked 
| 306|0x0000000753200000, 0x0000000753200000, 0x0000000753300000|  0%| F|  |TAMS 0x0000000753200000, 0x0000000753200000| Untracked 
| 307|0x0000000753300000, 0x0000000753300000, 0x0000000753400000|  0%| F|  |TAMS 0x0000000753300000, 0x0000000753300000| Untracked 
| 308|0x0000000753400000, 0x0000000753400000, 0x0000000753500000|  0%| F|  |TAMS 0x0000000753400000, 0x0000000753400000| Untracked 
| 309|0x0000000753500000, 0x0000000753500000, 0x0000000753600000|  0%| F|  |TAMS 0x0000000753500000, 0x0000000753500000| Untracked 
| 310|0x0000000753600000, 0x0000000753600000, 0x0000000753700000|  0%| F|  |TAMS 0x0000000753600000, 0x0000000753600000| Untracked 
| 311|0x0000000753700000, 0x0000000753700000, 0x0000000753800000|  0%| F|  |TAMS 0x0000000753700000, 0x0000000753700000| Untracked 
| 312|0x0000000753800000, 0x0000000753800000, 0x0000000753900000|  0%| F|  |TAMS 0x0000000753800000, 0x0000000753800000| Untracked 
| 313|0x0000000753900000, 0x0000000753900000, 0x0000000753a00000|  0%| F|  |TAMS 0x0000000753900000, 0x0000000753900000| Untracked 
| 314|0x0000000753a00000, 0x0000000753a00000, 0x0000000753b00000|  0%| F|  |TAMS 0x0000000753a00000, 0x0000000753a00000| Untracked 
| 315|0x0000000753b00000, 0x0000000753b00000, 0x0000000753c00000|  0%| F|  |TAMS 0x0000000753b00000, 0x0000000753b00000| Untracked 
| 316|0x0000000753c00000, 0x0000000753c00000, 0x0000000753d00000|  0%| F|  |TAMS 0x0000000753c00000, 0x0000000753c00000| Untracked 
| 317|0x0000000753d00000, 0x0000000753d00000, 0x0000000753e00000|  0%| F|  |TAMS 0x0000000753d00000, 0x0000000753d00000| Untracked 
| 318|0x0000000753e00000, 0x0000000753e00000, 0x0000000753f00000|  0%| F|  |TAMS 0x0000000753e00000, 0x0000000753e00000| Untracked 
| 319|0x0000000753f00000, 0x0000000753f00000, 0x0000000754000000|  0%| F|  |TAMS 0x0000000753f00000, 0x0000000753f00000| Untracked 
| 320|0x0000000754000000, 0x0000000754000000, 0x0000000754100000|  0%| F|  |TAMS 0x0000000754000000, 0x0000000754000000| Untracked 
| 321|0x0000000754100000, 0x0000000754100000, 0x0000000754200000|  0%| F|  |TAMS 0x0000000754100000, 0x0000000754100000| Untracked 
| 322|0x0000000754200000, 0x0000000754200000, 0x0000000754300000|  0%| F|  |TAMS 0x0000000754200000, 0x0000000754200000| Untracked 
| 323|0x0000000754300000, 0x0000000754300000, 0x0000000754400000|  0%| F|  |TAMS 0x0000000754300000, 0x0000000754300000| Untracked 
| 324|0x0000000754400000, 0x0000000754400000, 0x0000000754500000|  0%| F|  |TAMS 0x0000000754400000, 0x0000000754400000| Untracked 
| 325|0x0000000754500000, 0x0000000754500000, 0x0000000754600000|  0%| F|  |TAMS 0x0000000754500000, 0x0000000754500000| Untracked 
| 326|0x0000000754600000, 0x0000000754600000, 0x0000000754700000|  0%| F|  |TAMS 0x0000000754600000, 0x0000000754600000| Untracked 
| 327|0x0000000754700000, 0x0000000754700000, 0x0000000754800000|  0%| F|  |TAMS 0x0000000754700000, 0x0000000754700000| Untracked 
| 328|0x0000000754800000, 0x0000000754800000, 0x0000000754900000|  0%| F|  |TAMS 0x0000000754800000, 0x0000000754800000| Untracked 
| 329|0x0000000754900000, 0x0000000754900000, 0x0000000754a00000|  0%| F|  |TAMS 0x0000000754900000, 0x0000000754900000| Untracked 
| 330|0x0000000754a00000, 0x0000000754a00000, 0x0000000754b00000|  0%| F|  |TAMS 0x0000000754a00000, 0x0000000754a00000| Untracked 
| 331|0x0000000754b00000, 0x0000000754b00000, 0x0000000754c00000|  0%| F|  |TAMS 0x0000000754b00000, 0x0000000754b00000| Untracked 
| 332|0x0000000754c00000, 0x0000000754c00000, 0x0000000754d00000|  0%| F|  |TAMS 0x0000000754c00000, 0x0000000754c00000| Untracked 
| 333|0x0000000754d00000, 0x0000000754d00000, 0x0000000754e00000|  0%| F|  |TAMS 0x0000000754d00000, 0x0000000754d00000| Untracked 
| 334|0x0000000754e00000, 0x0000000754e00000, 0x0000000754f00000|  0%| F|  |TAMS 0x0000000754e00000, 0x0000000754e00000| Untracked 
| 335|0x0000000754f00000, 0x0000000754f00000, 0x0000000755000000|  0%| F|  |TAMS 0x0000000754f00000, 0x0000000754f00000| Untracked 
| 336|0x0000000755000000, 0x0000000755000000, 0x0000000755100000|  0%| F|  |TAMS 0x0000000755000000, 0x0000000755000000| Untracked 
| 337|0x0000000755100000, 0x0000000755100000, 0x0000000755200000|  0%| F|  |TAMS 0x0000000755100000, 0x0000000755100000| Untracked 
| 338|0x0000000755200000, 0x0000000755200000, 0x0000000755300000|  0%| F|  |TAMS 0x0000000755200000, 0x0000000755200000| Untracked 
| 339|0x0000000755300000, 0x0000000755300000, 0x0000000755400000|  0%| F|  |TAMS 0x0000000755300000, 0x0000000755300000| Untracked 
| 340|0x0000000755400000, 0x0000000755400000, 0x0000000755500000|  0%| F|  |TAMS 0x0000000755400000, 0x0000000755400000| Untracked 
| 341|0x0000000755500000, 0x0000000755500000, 0x0000000755600000|  0%| F|  |TAMS 0x0000000755500000, 0x0000000755500000| Untracked 
| 342|0x0000000755600000, 0x0000000755600000, 0x0000000755700000|  0%| F|  |TAMS 0x0000000755600000, 0x0000000755600000| Untracked 
| 343|0x0000000755700000, 0x0000000755700000, 0x0000000755800000|  0%| F|  |TAMS 0x0000000755700000, 0x0000000755700000| Untracked 
| 344|0x0000000755800000, 0x0000000755800000, 0x0000000755900000|  0%| F|  |TAMS 0x0000000755800000, 0x0000000755800000| Untracked 
| 345|0x0000000755900000, 0x0000000755900000, 0x0000000755a00000|  0%| F|  |TAMS 0x0000000755900000, 0x0000000755900000| Untracked 
| 346|0x0000000755a00000, 0x0000000755a00000, 0x0000000755b00000|  0%| F|  |TAMS 0x0000000755a00000, 0x0000000755a00000| Untracked 
| 347|0x0000000755b00000, 0x0000000755b00000, 0x0000000755c00000|  0%| F|  |TAMS 0x0000000755b00000, 0x0000000755b00000| Untracked 
| 348|0x0000000755c00000, 0x0000000755c00000, 0x0000000755d00000|  0%| F|  |TAMS 0x0000000755c00000, 0x0000000755c00000| Untracked 
| 349|0x0000000755d00000, 0x0000000755d00000, 0x0000000755e00000|  0%| F|  |TAMS 0x0000000755d00000, 0x0000000755d00000| Untracked 
| 350|0x0000000755e00000, 0x0000000755e00000, 0x0000000755f00000|  0%| F|  |TAMS 0x0000000755e00000, 0x0000000755e00000| Untracked 
| 351|0x0000000755f00000, 0x0000000755f00000, 0x0000000756000000|  0%| F|  |TAMS 0x0000000755f00000, 0x0000000755f00000| Untracked 
| 352|0x0000000756000000, 0x0000000756000000, 0x0000000756100000|  0%| F|  |TAMS 0x0000000756000000, 0x0000000756000000| Untracked 
| 353|0x0000000756100000, 0x0000000756100000, 0x0000000756200000|  0%| F|  |TAMS 0x0000000756100000, 0x0000000756100000| Untracked 
| 354|0x0000000756200000, 0x0000000756200000, 0x0000000756300000|  0%| F|  |TAMS 0x0000000756200000, 0x0000000756200000| Untracked 
| 355|0x0000000756300000, 0x0000000756300000, 0x0000000756400000|  0%| F|  |TAMS 0x0000000756300000, 0x0000000756300000| Untracked 
| 356|0x0000000756400000, 0x0000000756400000, 0x0000000756500000|  0%| F|  |TAMS 0x0000000756400000, 0x0000000756400000| Untracked 
| 357|0x0000000756500000, 0x0000000756500000, 0x0000000756600000|  0%| F|  |TAMS 0x0000000756500000, 0x0000000756500000| Untracked 
| 358|0x0000000756600000, 0x0000000756600000, 0x0000000756700000|  0%| F|  |TAMS 0x0000000756600000, 0x0000000756600000| Untracked 
| 359|0x0000000756700000, 0x0000000756700000, 0x0000000756800000|  0%| F|  |TAMS 0x0000000756700000, 0x0000000756700000| Untracked 
| 360|0x0000000756800000, 0x0000000756800000, 0x0000000756900000|  0%| F|  |TAMS 0x0000000756800000, 0x0000000756800000| Untracked 
| 361|0x0000000756900000, 0x0000000756900000, 0x0000000756a00000|  0%| F|  |TAMS 0x0000000756900000, 0x0000000756900000| Untracked 
| 362|0x0000000756a00000, 0x0000000756a00000, 0x0000000756b00000|  0%| F|  |TAMS 0x0000000756a00000, 0x0000000756a00000| Untracked 
| 363|0x0000000756b00000, 0x0000000756b00000, 0x0000000756c00000|  0%| F|  |TAMS 0x0000000756b00000, 0x0000000756b00000| Untracked 
| 364|0x0000000756c00000, 0x0000000756c00000, 0x0000000756d00000|  0%| F|  |TAMS 0x0000000756c00000, 0x0000000756c00000| Untracked 
| 365|0x0000000756d00000, 0x0000000756d00000, 0x0000000756e00000|  0%| F|  |TAMS 0x0000000756d00000, 0x0000000756d00000| Untracked 
| 366|0x0000000756e00000, 0x0000000756e00000, 0x0000000756f00000|  0%| F|  |TAMS 0x0000000756e00000, 0x0000000756e00000| Untracked 
| 367|0x0000000756f00000, 0x0000000756f00000, 0x0000000757000000|  0%| F|  |TAMS 0x0000000756f00000, 0x0000000756f00000| Untracked 
| 368|0x0000000757000000, 0x0000000757000000, 0x0000000757100000|  0%| F|  |TAMS 0x0000000757000000, 0x0000000757000000| Untracked 
| 369|0x0000000757100000, 0x0000000757100000, 0x0000000757200000|  0%| F|  |TAMS 0x0000000757100000, 0x0000000757100000| Untracked 
| 370|0x0000000757200000, 0x0000000757200000, 0x0000000757300000|  0%| F|  |TAMS 0x0000000757200000, 0x0000000757200000| Untracked 
| 371|0x0000000757300000, 0x0000000757300000, 0x0000000757400000|  0%| F|  |TAMS 0x0000000757300000, 0x0000000757300000| Untracked 
| 372|0x0000000757400000, 0x0000000757400000, 0x0000000757500000|  0%| F|  |TAMS 0x0000000757400000, 0x0000000757400000| Untracked 
| 373|0x0000000757500000, 0x0000000757500000, 0x0000000757600000|  0%| F|  |TAMS 0x0000000757500000, 0x0000000757500000| Untracked 
| 374|0x0000000757600000, 0x0000000757600000, 0x0000000757700000|  0%| F|  |TAMS 0x0000000757600000, 0x0000000757600000| Untracked 
| 375|0x0000000757700000, 0x0000000757700000, 0x0000000757800000|  0%| F|  |TAMS 0x0000000757700000, 0x0000000757700000| Untracked 
| 376|0x0000000757800000, 0x0000000757800000, 0x0000000757900000|  0%| F|  |TAMS 0x0000000757800000, 0x0000000757800000| Untracked 
| 377|0x0000000757900000, 0x0000000757900000, 0x0000000757a00000|  0%| F|  |TAMS 0x0000000757900000, 0x0000000757900000| Untracked 
| 378|0x0000000757a00000, 0x0000000757a00000, 0x0000000757b00000|  0%| F|  |TAMS 0x0000000757a00000, 0x0000000757a00000| Untracked 
| 379|0x0000000757b00000, 0x0000000757b00000, 0x0000000757c00000|  0%| F|  |TAMS 0x0000000757b00000, 0x0000000757b00000| Untracked 
| 380|0x0000000757c00000, 0x0000000757c00000, 0x0000000757d00000|  0%| F|  |TAMS 0x0000000757c00000, 0x0000000757c00000| Untracked 
| 381|0x0000000757d00000, 0x0000000757d00000, 0x0000000757e00000|  0%| F|  |TAMS 0x0000000757d00000, 0x0000000757d00000| Untracked 
| 382|0x0000000757e00000, 0x0000000757e00000, 0x0000000757f00000|  0%| F|  |TAMS 0x0000000757e00000, 0x0000000757e00000| Untracked 
| 383|0x0000000757f00000, 0x0000000757f00000, 0x0000000758000000|  0%| F|  |TAMS 0x0000000757f00000, 0x0000000757f00000| Untracked 
| 384|0x0000000758000000, 0x0000000758000000, 0x0000000758100000|  0%| F|  |TAMS 0x0000000758000000, 0x0000000758000000| Untracked 
| 385|0x0000000758100000, 0x0000000758100000, 0x0000000758200000|  0%| F|  |TAMS 0x0000000758100000, 0x0000000758100000| Untracked 
| 386|0x0000000758200000, 0x0000000758200000, 0x0000000758300000|  0%| F|  |TAMS 0x0000000758200000, 0x0000000758200000| Untracked 
| 387|0x0000000758300000, 0x0000000758300000, 0x0000000758400000|  0%| F|  |TAMS 0x0000000758300000, 0x0000000758300000| Untracked 
| 388|0x0000000758400000, 0x0000000758400000, 0x0000000758500000|  0%| F|  |TAMS 0x0000000758400000, 0x0000000758400000| Untracked 
| 389|0x0000000758500000, 0x0000000758500000, 0x0000000758600000|  0%| F|  |TAMS 0x0000000758500000, 0x0000000758500000| Untracked 
| 390|0x0000000758600000, 0x0000000758600000, 0x0000000758700000|  0%| F|  |TAMS 0x0000000758600000, 0x0000000758600000| Untracked 
| 391|0x0000000758700000, 0x0000000758700000, 0x0000000758800000|  0%| F|  |TAMS 0x0000000758700000, 0x0000000758700000| Untracked 
| 392|0x0000000758800000, 0x0000000758800000, 0x0000000758900000|  0%| F|  |TAMS 0x0000000758800000, 0x0000000758800000| Untracked 
| 393|0x0000000758900000, 0x0000000758900000, 0x0000000758a00000|  0%| F|  |TAMS 0x0000000758900000, 0x0000000758900000| Untracked 
| 394|0x0000000758a00000, 0x0000000758a00000, 0x0000000758b00000|  0%| F|  |TAMS 0x0000000758a00000, 0x0000000758a00000| Untracked 
| 395|0x0000000758b00000, 0x0000000758b00000, 0x0000000758c00000|  0%| F|  |TAMS 0x0000000758b00000, 0x0000000758b00000| Untracked 
| 396|0x0000000758c00000, 0x0000000758c00000, 0x0000000758d00000|  0%| F|  |TAMS 0x0000000758c00000, 0x0000000758c00000| Untracked 
| 397|0x0000000758d00000, 0x0000000758d00000, 0x0000000758e00000|  0%| F|  |TAMS 0x0000000758d00000, 0x0000000758d00000| Untracked 
| 398|0x0000000758e00000, 0x0000000758e00000, 0x0000000758f00000|  0%| F|  |TAMS 0x0000000758e00000, 0x0000000758e00000| Untracked 
| 399|0x0000000758f00000, 0x0000000758f00000, 0x0000000759000000|  0%| F|  |TAMS 0x0000000758f00000, 0x0000000758f00000| Untracked 
| 400|0x0000000759000000, 0x0000000759000000, 0x0000000759100000|  0%| F|  |TAMS 0x0000000759000000, 0x0000000759000000| Untracked 
| 401|0x0000000759100000, 0x0000000759100000, 0x0000000759200000|  0%| F|  |TAMS 0x0000000759100000, 0x0000000759100000| Untracked 
| 402|0x0000000759200000, 0x0000000759200000, 0x0000000759300000|  0%| F|  |TAMS 0x0000000759200000, 0x0000000759200000| Untracked 
| 403|0x0000000759300000, 0x0000000759300000, 0x0000000759400000|  0%| F|  |TAMS 0x0000000759300000, 0x0000000759300000| Untracked 
| 404|0x0000000759400000, 0x0000000759400000, 0x0000000759500000|  0%| F|  |TAMS 0x0000000759400000, 0x0000000759400000| Untracked 
| 405|0x0000000759500000, 0x0000000759500000, 0x0000000759600000|  0%| F|  |TAMS 0x0000000759500000, 0x0000000759500000| Untracked 
| 406|0x0000000759600000, 0x0000000759600000, 0x0000000759700000|  0%| F|  |TAMS 0x0000000759600000, 0x0000000759600000| Untracked 
| 407|0x0000000759700000, 0x0000000759700000, 0x0000000759800000|  0%| F|  |TAMS 0x0000000759700000, 0x0000000759700000| Untracked 
| 408|0x0000000759800000, 0x0000000759800000, 0x0000000759900000|  0%| F|  |TAMS 0x0000000759800000, 0x0000000759800000| Untracked 
| 409|0x0000000759900000, 0x0000000759900000, 0x0000000759a00000|  0%| F|  |TAMS 0x0000000759900000, 0x0000000759900000| Untracked 
| 410|0x0000000759a00000, 0x0000000759a00000, 0x0000000759b00000|  0%| F|  |TAMS 0x0000000759a00000, 0x0000000759a00000| Untracked 
| 411|0x0000000759b00000, 0x0000000759b00000, 0x0000000759c00000|  0%| F|  |TAMS 0x0000000759b00000, 0x0000000759b00000| Untracked 
| 412|0x0000000759c00000, 0x0000000759c00000, 0x0000000759d00000|  0%| F|  |TAMS 0x0000000759c00000, 0x0000000759c00000| Untracked 
| 413|0x0000000759d00000, 0x0000000759d00000, 0x0000000759e00000|  0%| F|  |TAMS 0x0000000759d00000, 0x0000000759d00000| Untracked 
| 414|0x0000000759e00000, 0x0000000759e00000, 0x0000000759f00000|  0%| F|  |TAMS 0x0000000759e00000, 0x0000000759e00000| Untracked 
| 415|0x0000000759f00000, 0x0000000759f00000, 0x000000075a000000|  0%| F|  |TAMS 0x0000000759f00000, 0x0000000759f00000| Untracked 
| 416|0x000000075a000000, 0x000000075a000000, 0x000000075a100000|  0%| F|  |TAMS 0x000000075a000000, 0x000000075a000000| Untracked 
| 417|0x000000075a100000, 0x000000075a100000, 0x000000075a200000|  0%| F|  |TAMS 0x000000075a100000, 0x000000075a100000| Untracked 
| 418|0x000000075a200000, 0x000000075a200000, 0x000000075a300000|  0%| F|  |TAMS 0x000000075a200000, 0x000000075a200000| Untracked 
| 419|0x000000075a300000, 0x000000075a300000, 0x000000075a400000|  0%| F|  |TAMS 0x000000075a300000, 0x000000075a300000| Untracked 
| 420|0x000000075a400000, 0x000000075a400000, 0x000000075a500000|  0%| F|  |TAMS 0x000000075a400000, 0x000000075a400000| Untracked 
| 421|0x000000075a500000, 0x000000075a500000, 0x000000075a600000|  0%| F|  |TAMS 0x000000075a500000, 0x000000075a500000| Untracked 
| 422|0x000000075a600000, 0x000000075a600000, 0x000000075a700000|  0%| F|  |TAMS 0x000000075a600000, 0x000000075a600000| Untracked 
| 423|0x000000075a700000, 0x000000075a700000, 0x000000075a800000|  0%| F|  |TAMS 0x000000075a700000, 0x000000075a700000| Untracked 
| 424|0x000000075a800000, 0x000000075a800000, 0x000000075a900000|  0%| F|  |TAMS 0x000000075a800000, 0x000000075a800000| Untracked 
| 425|0x000000075a900000, 0x000000075a900000, 0x000000075aa00000|  0%| F|  |TAMS 0x000000075a900000, 0x000000075a900000| Untracked 
| 426|0x000000075aa00000, 0x000000075aa00000, 0x000000075ab00000|  0%| F|  |TAMS 0x000000075aa00000, 0x000000075aa00000| Untracked 
| 427|0x000000075ab00000, 0x000000075ab00000, 0x000000075ac00000|  0%| F|  |TAMS 0x000000075ab00000, 0x000000075ab00000| Untracked 
| 428|0x000000075ac00000, 0x000000075ac00000, 0x000000075ad00000|  0%| F|  |TAMS 0x000000075ac00000, 0x000000075ac00000| Untracked 
| 429|0x000000075ad00000, 0x000000075ad00000, 0x000000075ae00000|  0%| F|  |TAMS 0x000000075ad00000, 0x000000075ad00000| Untracked 
| 430|0x000000075ae00000, 0x000000075ae00000, 0x000000075af00000|  0%| F|  |TAMS 0x000000075ae00000, 0x000000075ae00000| Untracked 
| 431|0x000000075af00000, 0x000000075af00000, 0x000000075b000000|  0%| F|  |TAMS 0x000000075af00000, 0x000000075af00000| Untracked 
| 432|0x000000075b000000, 0x000000075b000000, 0x000000075b100000|  0%| F|  |TAMS 0x000000075b000000, 0x000000075b000000| Untracked 
| 433|0x000000075b100000, 0x000000075b100000, 0x000000075b200000|  0%| F|  |TAMS 0x000000075b100000, 0x000000075b100000| Untracked 
| 434|0x000000075b200000, 0x000000075b200000, 0x000000075b300000|  0%| F|  |TAMS 0x000000075b200000, 0x000000075b200000| Untracked 
| 435|0x000000075b300000, 0x000000075b300000, 0x000000075b400000|  0%| F|  |TAMS 0x000000075b300000, 0x000000075b300000| Untracked 
| 436|0x000000075b400000, 0x000000075b400000, 0x000000075b500000|  0%| F|  |TAMS 0x000000075b400000, 0x000000075b400000| Untracked 
| 437|0x000000075b500000, 0x000000075b500000, 0x000000075b600000|  0%| F|  |TAMS 0x000000075b500000, 0x000000075b500000| Untracked 
| 438|0x000000075b600000, 0x000000075b600000, 0x000000075b700000|  0%| F|  |TAMS 0x000000075b600000, 0x000000075b600000| Untracked 
| 439|0x000000075b700000, 0x000000075b700000, 0x000000075b800000|  0%| F|  |TAMS 0x000000075b700000, 0x000000075b700000| Untracked 
| 440|0x000000075b800000, 0x000000075b800000, 0x000000075b900000|  0%| F|  |TAMS 0x000000075b800000, 0x000000075b800000| Untracked 
| 441|0x000000075b900000, 0x000000075b900000, 0x000000075ba00000|  0%| F|  |TAMS 0x000000075b900000, 0x000000075b900000| Untracked 
| 442|0x000000075ba00000, 0x000000075ba00000, 0x000000075bb00000|  0%| F|  |TAMS 0x000000075ba00000, 0x000000075ba00000| Untracked 
| 443|0x000000075bb00000, 0x000000075bb00000, 0x000000075bc00000|  0%| F|  |TAMS 0x000000075bb00000, 0x000000075bb00000| Untracked 
| 444|0x000000075bc00000, 0x000000075bc00000, 0x000000075bd00000|  0%| F|  |TAMS 0x000000075bc00000, 0x000000075bc00000| Untracked 
| 445|0x000000075bd00000, 0x000000075bd00000, 0x000000075be00000|  0%| F|  |TAMS 0x000000075bd00000, 0x000000075bd00000| Untracked 
| 446|0x000000075be00000, 0x000000075be00000, 0x000000075bf00000|  0%| F|  |TAMS 0x000000075be00000, 0x000000075be00000| Untracked 
| 447|0x000000075bf00000, 0x000000075bf00000, 0x000000075c000000|  0%| F|  |TAMS 0x000000075bf00000, 0x000000075bf00000| Untracked 
| 448|0x000000075c000000, 0x000000075c000000, 0x000000075c100000|  0%| F|  |TAMS 0x000000075c000000, 0x000000075c000000| Untracked 
| 449|0x000000075c100000, 0x000000075c100000, 0x000000075c200000|  0%| F|  |TAMS 0x000000075c100000, 0x000000075c100000| Untracked 
| 450|0x000000075c200000, 0x000000075c200000, 0x000000075c300000|  0%| F|  |TAMS 0x000000075c200000, 0x000000075c200000| Untracked 
| 451|0x000000075c300000, 0x000000075c300000, 0x000000075c400000|  0%| F|  |TAMS 0x000000075c300000, 0x000000075c300000| Untracked 
| 452|0x000000075c400000, 0x000000075c400000, 0x000000075c500000|  0%| F|  |TAMS 0x000000075c400000, 0x000000075c400000| Untracked 
| 453|0x000000075c500000, 0x000000075c500000, 0x000000075c600000|  0%| F|  |TAMS 0x000000075c500000, 0x000000075c500000| Untracked 
| 454|0x000000075c600000, 0x000000075c600000, 0x000000075c700000|  0%| F|  |TAMS 0x000000075c600000, 0x000000075c600000| Untracked 
| 455|0x000000075c700000, 0x000000075c700000, 0x000000075c800000|  0%| F|  |TAMS 0x000000075c700000, 0x000000075c700000| Untracked 
| 456|0x000000075c800000, 0x000000075c800000, 0x000000075c900000|  0%| F|  |TAMS 0x000000075c800000, 0x000000075c800000| Untracked 
| 457|0x000000075c900000, 0x000000075c900000, 0x000000075ca00000|  0%| F|  |TAMS 0x000000075c900000, 0x000000075c900000| Untracked 
| 458|0x000000075ca00000, 0x000000075ca00000, 0x000000075cb00000|  0%| F|  |TAMS 0x000000075ca00000, 0x000000075ca00000| Untracked 
| 459|0x000000075cb00000, 0x000000075cb00000, 0x000000075cc00000|  0%| F|  |TAMS 0x000000075cb00000, 0x000000075cb00000| Untracked 
| 460|0x000000075cc00000, 0x000000075cc00000, 0x000000075cd00000|  0%| F|  |TAMS 0x000000075cc00000, 0x000000075cc00000| Untracked 
| 461|0x000000075cd00000, 0x000000075cd00000, 0x000000075ce00000|  0%| F|  |TAMS 0x000000075cd00000, 0x000000075cd00000| Untracked 
| 462|0x000000075ce00000, 0x000000075ce00000, 0x000000075cf00000|  0%| F|  |TAMS 0x000000075ce00000, 0x000000075ce00000| Untracked 
| 463|0x000000075cf00000, 0x000000075cf00000, 0x000000075d000000|  0%| F|  |TAMS 0x000000075cf00000, 0x000000075cf00000| Untracked 
| 464|0x000000075d000000, 0x000000075d000000, 0x000000075d100000|  0%| F|  |TAMS 0x000000075d000000, 0x000000075d000000| Untracked 
| 465|0x000000075d100000, 0x000000075d100000, 0x000000075d200000|  0%| F|  |TAMS 0x000000075d100000, 0x000000075d100000| Untracked 
| 466|0x000000075d200000, 0x000000075d200000, 0x000000075d300000|  0%| F|  |TAMS 0x000000075d200000, 0x000000075d200000| Untracked 
| 467|0x000000075d300000, 0x000000075d300000, 0x000000075d400000|  0%| F|  |TAMS 0x000000075d300000, 0x000000075d300000| Untracked 
| 468|0x000000075d400000, 0x000000075d400000, 0x000000075d500000|  0%| F|  |TAMS 0x000000075d400000, 0x000000075d400000| Untracked 
| 469|0x000000075d500000, 0x000000075d500000, 0x000000075d600000|  0%| F|  |TAMS 0x000000075d500000, 0x000000075d500000| Untracked 
| 470|0x000000075d600000, 0x000000075d600000, 0x000000075d700000|  0%| F|  |TAMS 0x000000075d600000, 0x000000075d600000| Untracked 
| 471|0x000000075d700000, 0x000000075d700000, 0x000000075d800000|  0%| F|  |TAMS 0x000000075d700000, 0x000000075d700000| Untracked 
| 472|0x000000075d800000, 0x000000075d800000, 0x000000075d900000|  0%| F|  |TAMS 0x000000075d800000, 0x000000075d800000| Untracked 
| 473|0x000000075d900000, 0x000000075d900000, 0x000000075da00000|  0%| F|  |TAMS 0x000000075d900000, 0x000000075d900000| Untracked 
| 474|0x000000075da00000, 0x000000075da00000, 0x000000075db00000|  0%| F|  |TAMS 0x000000075da00000, 0x000000075da00000| Untracked 
| 475|0x000000075db00000, 0x000000075db00000, 0x000000075dc00000|  0%| F|  |TAMS 0x000000075db00000, 0x000000075db00000| Untracked 
| 476|0x000000075dc00000, 0x000000075dc00000, 0x000000075dd00000|  0%| F|  |TAMS 0x000000075dc00000, 0x000000075dc00000| Untracked 
| 477|0x000000075dd00000, 0x000000075dd00000, 0x000000075de00000|  0%| F|  |TAMS 0x000000075dd00000, 0x000000075dd00000| Untracked 
| 478|0x000000075de00000, 0x000000075de00000, 0x000000075df00000|  0%| F|  |TAMS 0x000000075de00000, 0x000000075de00000| Untracked 
| 479|0x000000075df00000, 0x000000075df00000, 0x000000075e000000|  0%| F|  |TAMS 0x000000075df00000, 0x000000075df00000| Untracked 
| 480|0x000000075e000000, 0x000000075e000000, 0x000000075e100000|  0%| F|  |TAMS 0x000000075e000000, 0x000000075e000000| Untracked 
| 481|0x000000075e100000, 0x000000075e100000, 0x000000075e200000|  0%| F|  |TAMS 0x000000075e100000, 0x000000075e100000| Untracked 
| 482|0x000000075e200000, 0x000000075e200000, 0x000000075e300000|  0%| F|  |TAMS 0x000000075e200000, 0x000000075e200000| Untracked 
| 483|0x000000075e300000, 0x000000075e300000, 0x000000075e400000|  0%| F|  |TAMS 0x000000075e300000, 0x000000075e300000| Untracked 
| 484|0x000000075e400000, 0x000000075e400000, 0x000000075e500000|  0%| F|  |TAMS 0x000000075e400000, 0x000000075e400000| Untracked 
| 485|0x000000075e500000, 0x000000075e500000, 0x000000075e600000|  0%| F|  |TAMS 0x000000075e500000, 0x000000075e500000| Untracked 
| 486|0x000000075e600000, 0x000000075e600000, 0x000000075e700000|  0%| F|  |TAMS 0x000000075e600000, 0x000000075e600000| Untracked 
| 487|0x000000075e700000, 0x000000075e700000, 0x000000075e800000|  0%| F|  |TAMS 0x000000075e700000, 0x000000075e700000| Untracked 
| 488|0x000000075e800000, 0x000000075e800000, 0x000000075e900000|  0%| F|  |TAMS 0x000000075e800000, 0x000000075e800000| Untracked 
| 489|0x000000075e900000, 0x000000075e900000, 0x000000075ea00000|  0%| F|  |TAMS 0x000000075e900000, 0x000000075e900000| Untracked 
| 490|0x000000075ea00000, 0x000000075ea00000, 0x000000075eb00000|  0%| F|  |TAMS 0x000000075ea00000, 0x000000075ea00000| Untracked 
| 491|0x000000075eb00000, 0x000000075eb00000, 0x000000075ec00000|  0%| F|  |TAMS 0x000000075eb00000, 0x000000075eb00000| Untracked 
| 492|0x000000075ec00000, 0x000000075ec00000, 0x000000075ed00000|  0%| F|  |TAMS 0x000000075ec00000, 0x000000075ec00000| Untracked 
| 493|0x000000075ed00000, 0x000000075ed00000, 0x000000075ee00000|  0%| F|  |TAMS 0x000000075ed00000, 0x000000075ed00000| Untracked 
| 494|0x000000075ee00000, 0x000000075ee00000, 0x000000075ef00000|  0%| F|  |TAMS 0x000000075ee00000, 0x000000075ee00000| Untracked 
| 495|0x000000075ef00000, 0x000000075ef00000, 0x000000075f000000|  0%| F|  |TAMS 0x000000075ef00000, 0x000000075ef00000| Untracked 
| 496|0x000000075f000000, 0x000000075f000000, 0x000000075f100000|  0%| F|  |TAMS 0x000000075f000000, 0x000000075f000000| Untracked 
| 497|0x000000075f100000, 0x000000075f100000, 0x000000075f200000|  0%| F|  |TAMS 0x000000075f100000, 0x000000075f100000| Untracked 
| 498|0x000000075f200000, 0x000000075f200000, 0x000000075f300000|  0%| F|  |TAMS 0x000000075f200000, 0x000000075f200000| Untracked 
| 499|0x000000075f300000, 0x000000075f300000, 0x000000075f400000|  0%| F|  |TAMS 0x000000075f300000, 0x000000075f300000| Untracked 
| 500|0x000000075f400000, 0x000000075f400000, 0x000000075f500000|  0%| F|  |TAMS 0x000000075f400000, 0x000000075f400000| Untracked 
| 501|0x000000075f500000, 0x000000075f500000, 0x000000075f600000|  0%| F|  |TAMS 0x000000075f500000, 0x000000075f500000| Untracked 
| 502|0x000000075f600000, 0x000000075f600000, 0x000000075f700000|  0%| F|  |TAMS 0x000000075f600000, 0x000000075f600000| Untracked 
| 503|0x000000075f700000, 0x000000075f700000, 0x000000075f800000|  0%| F|  |TAMS 0x000000075f700000, 0x000000075f700000| Untracked 
| 504|0x000000075f800000, 0x000000075f800000, 0x000000075f900000|  0%| F|  |TAMS 0x000000075f800000, 0x000000075f800000| Untracked 
| 505|0x000000075f900000, 0x000000075f900000, 0x000000075fa00000|  0%| F|  |TAMS 0x000000075f900000, 0x000000075f900000| Untracked 
| 506|0x000000075fa00000, 0x000000075fa00000, 0x000000075fb00000|  0%| F|  |TAMS 0x000000075fa00000, 0x000000075fa00000| Untracked 
| 507|0x000000075fb00000, 0x000000075fb00000, 0x000000075fc00000|  0%| F|  |TAMS 0x000000075fb00000, 0x000000075fb00000| Untracked 
| 508|0x000000075fc00000, 0x000000075fc00000, 0x000000075fd00000|  0%| F|  |TAMS 0x000000075fc00000, 0x000000075fc00000| Untracked 
| 509|0x000000075fd00000, 0x000000075fd00000, 0x000000075fe00000|  0%| F|  |TAMS 0x000000075fd00000, 0x000000075fd00000| Untracked 
| 510|0x000000075fe00000, 0x000000075fe00000, 0x000000075ff00000|  0%| F|  |TAMS 0x000000075fe00000, 0x000000075fe00000| Untracked 
| 511|0x000000075ff00000, 0x000000075ff00000, 0x0000000760000000|  0%| F|  |TAMS 0x000000075ff00000, 0x000000075ff00000| Untracked 
| 512|0x0000000760000000, 0x0000000760000000, 0x0000000760100000|  0%| F|  |TAMS 0x0000000760000000, 0x0000000760000000| Untracked 
| 513|0x0000000760100000, 0x0000000760100000, 0x0000000760200000|  0%| F|  |TAMS 0x0000000760100000, 0x0000000760100000| Untracked 
| 514|0x0000000760200000, 0x0000000760200000, 0x0000000760300000|  0%| F|  |TAMS 0x0000000760200000, 0x0000000760200000| Untracked 
| 515|0x0000000760300000, 0x0000000760300000, 0x0000000760400000|  0%| F|  |TAMS 0x0000000760300000, 0x0000000760300000| Untracked 
| 516|0x0000000760400000, 0x0000000760400000, 0x0000000760500000|  0%| F|  |TAMS 0x0000000760400000, 0x0000000760400000| Untracked 
| 517|0x0000000760500000, 0x0000000760500000, 0x0000000760600000|  0%| F|  |TAMS 0x0000000760500000, 0x0000000760500000| Untracked 
| 518|0x0000000760600000, 0x0000000760600000, 0x0000000760700000|  0%| F|  |TAMS 0x0000000760600000, 0x0000000760600000| Untracked 
| 519|0x0000000760700000, 0x0000000760700000, 0x0000000760800000|  0%| F|  |TAMS 0x0000000760700000, 0x0000000760700000| Untracked 
| 520|0x0000000760800000, 0x0000000760800000, 0x0000000760900000|  0%| F|  |TAMS 0x0000000760800000, 0x0000000760800000| Untracked 
| 521|0x0000000760900000, 0x0000000760900000, 0x0000000760a00000|  0%| F|  |TAMS 0x0000000760900000, 0x0000000760900000| Untracked 
| 522|0x0000000760a00000, 0x0000000760a00000, 0x0000000760b00000|  0%| F|  |TAMS 0x0000000760a00000, 0x0000000760a00000| Untracked 
| 523|0x0000000760b00000, 0x0000000760b00000, 0x0000000760c00000|  0%| F|  |TAMS 0x0000000760b00000, 0x0000000760b00000| Untracked 
| 524|0x0000000760c00000, 0x0000000760c00000, 0x0000000760d00000|  0%| F|  |TAMS 0x0000000760c00000, 0x0000000760c00000| Untracked 
| 525|0x0000000760d00000, 0x0000000760d00000, 0x0000000760e00000|  0%| F|  |TAMS 0x0000000760d00000, 0x0000000760d00000| Untracked 
| 526|0x0000000760e00000, 0x0000000760e00000, 0x0000000760f00000|  0%| F|  |TAMS 0x0000000760e00000, 0x0000000760e00000| Untracked 
| 527|0x0000000760f00000, 0x0000000760f00000, 0x0000000761000000|  0%| F|  |TAMS 0x0000000760f00000, 0x0000000760f00000| Untracked 
| 528|0x0000000761000000, 0x0000000761000000, 0x0000000761100000|  0%| F|  |TAMS 0x0000000761000000, 0x0000000761000000| Untracked 
| 529|0x0000000761100000, 0x0000000761100000, 0x0000000761200000|  0%| F|  |TAMS 0x0000000761100000, 0x0000000761100000| Untracked 
| 530|0x0000000761200000, 0x0000000761200000, 0x0000000761300000|  0%| F|  |TAMS 0x0000000761200000, 0x0000000761200000| Untracked 
| 531|0x0000000761300000, 0x0000000761300000, 0x0000000761400000|  0%| F|  |TAMS 0x0000000761300000, 0x0000000761300000| Untracked 
| 532|0x0000000761400000, 0x0000000761400000, 0x0000000761500000|  0%| F|  |TAMS 0x0000000761400000, 0x0000000761400000| Untracked 
| 533|0x0000000761500000, 0x0000000761500000, 0x0000000761600000|  0%| F|  |TAMS 0x0000000761500000, 0x0000000761500000| Untracked 
| 534|0x0000000761600000, 0x0000000761600000, 0x0000000761700000|  0%| F|  |TAMS 0x0000000761600000, 0x0000000761600000| Untracked 
| 535|0x0000000761700000, 0x0000000761700000, 0x0000000761800000|  0%| F|  |TAMS 0x0000000761700000, 0x0000000761700000| Untracked 
| 536|0x0000000761800000, 0x0000000761800000, 0x0000000761900000|  0%| F|  |TAMS 0x0000000761800000, 0x0000000761800000| Untracked 
| 537|0x0000000761900000, 0x0000000761900000, 0x0000000761a00000|  0%| F|  |TAMS 0x0000000761900000, 0x0000000761900000| Untracked 
| 538|0x0000000761a00000, 0x0000000761a00000, 0x0000000761b00000|  0%| F|  |TAMS 0x0000000761a00000, 0x0000000761a00000| Untracked 
| 539|0x0000000761b00000, 0x0000000761b00000, 0x0000000761c00000|  0%| F|  |TAMS 0x0000000761b00000, 0x0000000761b00000| Untracked 
| 540|0x0000000761c00000, 0x0000000761c00000, 0x0000000761d00000|  0%| F|  |TAMS 0x0000000761c00000, 0x0000000761c00000| Untracked 
| 541|0x0000000761d00000, 0x0000000761d00000, 0x0000000761e00000|  0%| F|  |TAMS 0x0000000761d00000, 0x0000000761d00000| Untracked 
| 542|0x0000000761e00000, 0x0000000761e00000, 0x0000000761f00000|  0%| F|  |TAMS 0x0000000761e00000, 0x0000000761e00000| Untracked 
| 543|0x0000000761f00000, 0x0000000761f00000, 0x0000000762000000|  0%| F|  |TAMS 0x0000000761f00000, 0x0000000761f00000| Untracked 
| 544|0x0000000762000000, 0x0000000762000000, 0x0000000762100000|  0%| F|  |TAMS 0x0000000762000000, 0x0000000762000000| Untracked 
| 545|0x0000000762100000, 0x0000000762100000, 0x0000000762200000|  0%| F|  |TAMS 0x0000000762100000, 0x0000000762100000| Untracked 
| 546|0x0000000762200000, 0x0000000762200000, 0x0000000762300000|  0%| F|  |TAMS 0x0000000762200000, 0x0000000762200000| Untracked 
| 547|0x0000000762300000, 0x0000000762300000, 0x0000000762400000|  0%| F|  |TAMS 0x0000000762300000, 0x0000000762300000| Untracked 
| 548|0x0000000762400000, 0x0000000762400000, 0x0000000762500000|  0%| F|  |TAMS 0x0000000762400000, 0x0000000762400000| Untracked 
| 549|0x0000000762500000, 0x0000000762500000, 0x0000000762600000|  0%| F|  |TAMS 0x0000000762500000, 0x0000000762500000| Untracked 
| 550|0x0000000762600000, 0x0000000762600000, 0x0000000762700000|  0%| F|  |TAMS 0x0000000762600000, 0x0000000762600000| Untracked 
| 551|0x0000000762700000, 0x0000000762700000, 0x0000000762800000|  0%| F|  |TAMS 0x0000000762700000, 0x0000000762700000| Untracked 
| 552|0x0000000762800000, 0x0000000762800000, 0x0000000762900000|  0%| F|  |TAMS 0x0000000762800000, 0x0000000762800000| Untracked 
| 553|0x0000000762900000, 0x0000000762900000, 0x0000000762a00000|  0%| F|  |TAMS 0x0000000762900000, 0x0000000762900000| Untracked 
| 554|0x0000000762a00000, 0x0000000762a00000, 0x0000000762b00000|  0%| F|  |TAMS 0x0000000762a00000, 0x0000000762a00000| Untracked 
| 555|0x0000000762b00000, 0x0000000762b00000, 0x0000000762c00000|  0%| F|  |TAMS 0x0000000762b00000, 0x0000000762b00000| Untracked 
| 556|0x0000000762c00000, 0x0000000762cb3f58, 0x0000000762d00000| 70%| E|  |TAMS 0x0000000762c00000, 0x0000000762c00000| Complete 
| 557|0x0000000762d00000, 0x0000000762e00000, 0x0000000762e00000|100%| E|CS|TAMS 0x0000000762d00000, 0x0000000762d00000| Complete 
| 558|0x0000000762e00000, 0x0000000762f00000, 0x0000000762f00000|100%| E|CS|TAMS 0x0000000762e00000, 0x0000000762e00000| Complete 
| 559|0x0000000762f00000, 0x0000000763000000, 0x0000000763000000|100%| E|CS|TAMS 0x0000000762f00000, 0x0000000762f00000| Complete 
| 560|0x0000000763000000, 0x0000000763100000, 0x0000000763100000|100%| E|CS|TAMS 0x0000000763000000, 0x0000000763000000| Complete 
| 561|0x0000000763100000, 0x0000000763200000, 0x0000000763200000|100%| E|CS|TAMS 0x0000000763100000, 0x0000000763100000| Complete 
| 562|0x0000000763200000, 0x0000000763300000, 0x0000000763300000|100%| E|CS|TAMS 0x0000000763200000, 0x0000000763200000| Complete 
| 563|0x0000000763300000, 0x0000000763400000, 0x0000000763400000|100%| E|CS|TAMS 0x0000000763300000, 0x0000000763300000| Complete 
| 564|0x0000000763400000, 0x0000000763500000, 0x0000000763500000|100%| E|CS|TAMS 0x0000000763400000, 0x0000000763400000| Complete 
| 565|0x0000000763500000, 0x0000000763600000, 0x0000000763600000|100%| E|CS|TAMS 0x0000000763500000, 0x0000000763500000| Complete 
| 566|0x0000000763600000, 0x0000000763700000, 0x0000000763700000|100%| E|CS|TAMS 0x0000000763600000, 0x0000000763600000| Complete 
| 567|0x0000000763700000, 0x0000000763800000, 0x0000000763800000|100%| E|CS|TAMS 0x0000000763700000, 0x0000000763700000| Complete 
| 568|0x0000000763800000, 0x0000000763900000, 0x0000000763900000|100%| E|CS|TAMS 0x0000000763800000, 0x0000000763800000| Complete 
| 569|0x0000000763900000, 0x0000000763a00000, 0x0000000763a00000|100%| E|CS|TAMS 0x0000000763900000, 0x0000000763900000| Complete 
| 570|0x0000000763a00000, 0x0000000763b00000, 0x0000000763b00000|100%| E|CS|TAMS 0x0000000763a00000, 0x0000000763a00000| Complete 
| 571|0x0000000763b00000, 0x0000000763c00000, 0x0000000763c00000|100%| E|CS|TAMS 0x0000000763b00000, 0x0000000763b00000| Complete 
| 572|0x0000000763c00000, 0x0000000763d00000, 0x0000000763d00000|100%| E|CS|TAMS 0x0000000763c00000, 0x0000000763c00000| Complete 
| 573|0x0000000763d00000, 0x0000000763e00000, 0x0000000763e00000|100%| E|CS|TAMS 0x0000000763d00000, 0x0000000763d00000| Complete 
| 574|0x0000000763e00000, 0x0000000763f00000, 0x0000000763f00000|100%| E|CS|TAMS 0x0000000763e00000, 0x0000000763e00000| Complete 
| 575|0x0000000763f00000, 0x0000000764000000, 0x0000000764000000|100%| E|CS|TAMS 0x0000000763f00000, 0x0000000763f00000| Complete 
| 576|0x0000000764000000, 0x0000000764100000, 0x0000000764100000|100%| E|CS|TAMS 0x0000000764000000, 0x0000000764000000| Complete 
| 577|0x0000000764100000, 0x0000000764200000, 0x0000000764200000|100%| E|CS|TAMS 0x0000000764100000, 0x0000000764100000| Complete 
| 578|0x0000000764200000, 0x0000000764300000, 0x0000000764300000|100%| E|CS|TAMS 0x0000000764200000, 0x0000000764200000| Complete 
| 579|0x0000000764300000, 0x0000000764400000, 0x0000000764400000|100%| E|CS|TAMS 0x0000000764300000, 0x0000000764300000| Complete 
| 580|0x0000000764400000, 0x0000000764500000, 0x0000000764500000|100%| E|CS|TAMS 0x0000000764400000, 0x0000000764400000| Complete 
| 581|0x0000000764500000, 0x0000000764600000, 0x0000000764600000|100%| E|  |TAMS 0x0000000764500000, 0x0000000764500000| Complete 
| 582|0x0000000764600000, 0x0000000764700000, 0x0000000764700000|100%| E|CS|TAMS 0x0000000764600000, 0x0000000764600000| Complete 
| 583|0x0000000764700000, 0x0000000764800000, 0x0000000764800000|100%| E|CS|TAMS 0x0000000764700000, 0x0000000764700000| Complete 
| 584|0x0000000764800000, 0x0000000764900000, 0x0000000764900000|100%| E|CS|TAMS 0x0000000764800000, 0x0000000764800000| Complete 
| 585|0x0000000764900000, 0x0000000764a00000, 0x0000000764a00000|100%| E|CS|TAMS 0x0000000764900000, 0x0000000764900000| Complete 
| 586|0x0000000764a00000, 0x0000000764b00000, 0x0000000764b00000|100%| E|CS|TAMS 0x0000000764a00000, 0x0000000764a00000| Complete 
| 587|0x0000000764b00000, 0x0000000764c00000, 0x0000000764c00000|100%| E|CS|TAMS 0x0000000764b00000, 0x0000000764b00000| Complete 
| 588|0x0000000764c00000, 0x0000000764d00000, 0x0000000764d00000|100%| E|CS|TAMS 0x0000000764c00000, 0x0000000764c00000| Complete 
| 589|0x0000000764d00000, 0x0000000764e00000, 0x0000000764e00000|100%| E|CS|TAMS 0x0000000764d00000, 0x0000000764d00000| Complete 
| 590|0x0000000764e00000, 0x0000000764f00000, 0x0000000764f00000|100%| E|CS|TAMS 0x0000000764e00000, 0x0000000764e00000| Complete 
| 591|0x0000000764f00000, 0x0000000765000000, 0x0000000765000000|100%| E|CS|TAMS 0x0000000764f00000, 0x0000000764f00000| Complete 
| 592|0x0000000765000000, 0x0000000765100000, 0x0000000765100000|100%| E|CS|TAMS 0x0000000765000000, 0x0000000765000000| Complete 
| 593|0x0000000765100000, 0x0000000765200000, 0x0000000765200000|100%| E|CS|TAMS 0x0000000765100000, 0x0000000765100000| Complete 
| 594|0x0000000765200000, 0x0000000765300000, 0x0000000765300000|100%| E|CS|TAMS 0x0000000765200000, 0x0000000765200000| Complete 
| 595|0x0000000765300000, 0x0000000765400000, 0x0000000765400000|100%| E|CS|TAMS 0x0000000765300000, 0x0000000765300000| Complete 
| 596|0x0000000765400000, 0x0000000765500000, 0x0000000765500000|100%| E|CS|TAMS 0x0000000765400000, 0x0000000765400000| Complete 
| 597|0x0000000765500000, 0x0000000765600000, 0x0000000765600000|100%| E|CS|TAMS 0x0000000765500000, 0x0000000765500000| Complete 
| 598|0x0000000765600000, 0x0000000765700000, 0x0000000765700000|100%| E|CS|TAMS 0x0000000765600000, 0x0000000765600000| Complete 
| 599|0x0000000765700000, 0x0000000765800000, 0x0000000765800000|100%| E|CS|TAMS 0x0000000765700000, 0x0000000765700000| Complete 
| 600|0x0000000765800000, 0x0000000765900000, 0x0000000765900000|100%| E|CS|TAMS 0x0000000765800000, 0x0000000765800000| Complete 
| 601|0x0000000765900000, 0x0000000765a00000, 0x0000000765a00000|100%| E|CS|TAMS 0x0000000765900000, 0x0000000765900000| Complete 
| 602|0x0000000765a00000, 0x0000000765b00000, 0x0000000765b00000|100%| E|CS|TAMS 0x0000000765a00000, 0x0000000765a00000| Complete 
| 603|0x0000000765b00000, 0x0000000765c00000, 0x0000000765c00000|100%| E|CS|TAMS 0x0000000765b00000, 0x0000000765b00000| Complete 
| 604|0x0000000765c00000, 0x0000000765d00000, 0x0000000765d00000|100%| E|CS|TAMS 0x0000000765c00000, 0x0000000765c00000| Complete 
| 605|0x0000000765d00000, 0x0000000765e00000, 0x0000000765e00000|100%| E|CS|TAMS 0x0000000765d00000, 0x0000000765d00000| Complete 
| 606|0x0000000765e00000, 0x0000000765f00000, 0x0000000765f00000|100%| E|CS|TAMS 0x0000000765e00000, 0x0000000765e00000| Complete 
| 607|0x0000000765f00000, 0x0000000766000000, 0x0000000766000000|100%| E|CS|TAMS 0x0000000765f00000, 0x0000000765f00000| Complete 
| 608|0x0000000766000000, 0x0000000766100000, 0x0000000766100000|100%| E|CS|TAMS 0x0000000766000000, 0x0000000766000000| Complete 
| 609|0x0000000766100000, 0x0000000766200000, 0x0000000766200000|100%| E|CS|TAMS 0x0000000766100000, 0x0000000766100000| Complete 
| 610|0x0000000766200000, 0x0000000766300000, 0x0000000766300000|100%| E|CS|TAMS 0x0000000766200000, 0x0000000766200000| Complete 
| 611|0x0000000766300000, 0x0000000766400000, 0x0000000766400000|100%| E|CS|TAMS 0x0000000766300000, 0x0000000766300000| Complete 
| 612|0x0000000766400000, 0x0000000766500000, 0x0000000766500000|100%| E|CS|TAMS 0x0000000766400000, 0x0000000766400000| Complete 
| 613|0x0000000766500000, 0x0000000766600000, 0x0000000766600000|100%| E|CS|TAMS 0x0000000766500000, 0x0000000766500000| Complete 
| 614|0x0000000766600000, 0x0000000766700000, 0x0000000766700000|100%| E|CS|TAMS 0x0000000766600000, 0x0000000766600000| Complete 
| 615|0x0000000766700000, 0x0000000766800000, 0x0000000766800000|100%| E|CS|TAMS 0x0000000766700000, 0x0000000766700000| Complete 
| 616|0x0000000766800000, 0x0000000766900000, 0x0000000766900000|100%| E|CS|TAMS 0x0000000766800000, 0x0000000766800000| Complete 
| 617|0x0000000766900000, 0x0000000766a00000, 0x0000000766a00000|100%| E|CS|TAMS 0x0000000766900000, 0x0000000766900000| Complete 
| 618|0x0000000766a00000, 0x0000000766b00000, 0x0000000766b00000|100%| E|CS|TAMS 0x0000000766a00000, 0x0000000766a00000| Complete 
| 619|0x0000000766b00000, 0x0000000766c00000, 0x0000000766c00000|100%| E|CS|TAMS 0x0000000766b00000, 0x0000000766b00000| Complete 
| 620|0x0000000766c00000, 0x0000000766d00000, 0x0000000766d00000|100%| E|CS|TAMS 0x0000000766c00000, 0x0000000766c00000| Complete 
| 621|0x0000000766d00000, 0x0000000766e00000, 0x0000000766e00000|100%| E|CS|TAMS 0x0000000766d00000, 0x0000000766d00000| Complete 
| 622|0x0000000766e00000, 0x0000000766f00000, 0x0000000766f00000|100%| E|CS|TAMS 0x0000000766e00000, 0x0000000766e00000| Complete 
| 623|0x0000000766f00000, 0x0000000767000000, 0x0000000767000000|100%| E|CS|TAMS 0x0000000766f00000, 0x0000000766f00000| Complete 
| 624|0x0000000767000000, 0x0000000767100000, 0x0000000767100000|100%| E|CS|TAMS 0x0000000767000000, 0x0000000767000000| Complete 
| 625|0x0000000767100000, 0x0000000767200000, 0x0000000767200000|100%| E|CS|TAMS 0x0000000767100000, 0x0000000767100000| Complete 
| 626|0x0000000767200000, 0x0000000767300000, 0x0000000767300000|100%| E|CS|TAMS 0x0000000767200000, 0x0000000767200000| Complete 
| 627|0x0000000767300000, 0x0000000767400000, 0x0000000767400000|100%| E|CS|TAMS 0x0000000767300000, 0x0000000767300000| Complete 
| 628|0x0000000767400000, 0x0000000767500000, 0x0000000767500000|100%| E|CS|TAMS 0x0000000767400000, 0x0000000767400000| Complete 
| 629|0x0000000767500000, 0x0000000767600000, 0x0000000767600000|100%| E|CS|TAMS 0x0000000767500000, 0x0000000767500000| Complete 
| 630|0x0000000767600000, 0x0000000767700000, 0x0000000767700000|100%| E|CS|TAMS 0x0000000767600000, 0x0000000767600000| Complete 
| 631|0x0000000767700000, 0x0000000767800000, 0x0000000767800000|100%| E|CS|TAMS 0x0000000767700000, 0x0000000767700000| Complete 
| 632|0x0000000767800000, 0x0000000767900000, 0x0000000767900000|100%| E|CS|TAMS 0x0000000767800000, 0x0000000767800000| Complete 
| 633|0x0000000767900000, 0x0000000767a00000, 0x0000000767a00000|100%| E|CS|TAMS 0x0000000767900000, 0x0000000767900000| Complete 
| 634|0x0000000767a00000, 0x0000000767b00000, 0x0000000767b00000|100%| E|CS|TAMS 0x0000000767a00000, 0x0000000767a00000| Complete 
| 635|0x0000000767b00000, 0x0000000767c00000, 0x0000000767c00000|100%| E|CS|TAMS 0x0000000767b00000, 0x0000000767b00000| Complete 
| 636|0x0000000767c00000, 0x0000000767d00000, 0x0000000767d00000|100%| E|CS|TAMS 0x0000000767c00000, 0x0000000767c00000| Complete 
| 637|0x0000000767d00000, 0x0000000767e00000, 0x0000000767e00000|100%| E|CS|TAMS 0x0000000767d00000, 0x0000000767d00000| Complete 
| 638|0x0000000767e00000, 0x0000000767f00000, 0x0000000767f00000|100%| E|CS|TAMS 0x0000000767e00000, 0x0000000767e00000| Complete 
| 639|0x0000000767f00000, 0x0000000768000000, 0x0000000768000000|100%| E|CS|TAMS 0x0000000767f00000, 0x0000000767f00000| Complete 
| 640|0x0000000768000000, 0x0000000768100000, 0x0000000768100000|100%| E|CS|TAMS 0x0000000768000000, 0x0000000768000000| Complete 
| 641|0x0000000768100000, 0x0000000768200000, 0x0000000768200000|100%| E|CS|TAMS 0x0000000768100000, 0x0000000768100000| Complete 
| 642|0x0000000768200000, 0x0000000768300000, 0x0000000768300000|100%| E|CS|TAMS 0x0000000768200000, 0x0000000768200000| Complete 
| 643|0x0000000768300000, 0x0000000768400000, 0x0000000768400000|100%| E|CS|TAMS 0x0000000768300000, 0x0000000768300000| Complete 
| 644|0x0000000768400000, 0x0000000768500000, 0x0000000768500000|100%| E|CS|TAMS 0x0000000768400000, 0x0000000768400000| Complete 
| 645|0x0000000768500000, 0x0000000768600000, 0x0000000768600000|100%| E|CS|TAMS 0x0000000768500000, 0x0000000768500000| Complete 
| 646|0x0000000768600000, 0x0000000768700000, 0x0000000768700000|100%| E|CS|TAMS 0x0000000768600000, 0x0000000768600000| Complete 
| 647|0x0000000768700000, 0x0000000768800000, 0x0000000768800000|100%| E|CS|TAMS 0x0000000768700000, 0x0000000768700000| Complete 
| 648|0x0000000768800000, 0x0000000768900000, 0x0000000768900000|100%| E|CS|TAMS 0x0000000768800000, 0x0000000768800000| Complete 
| 649|0x0000000768900000, 0x0000000768a00000, 0x0000000768a00000|100%| E|CS|TAMS 0x0000000768900000, 0x0000000768900000| Complete 
| 650|0x0000000768a00000, 0x0000000768b00000, 0x0000000768b00000|100%| E|CS|TAMS 0x0000000768a00000, 0x0000000768a00000| Complete 
| 651|0x0000000768b00000, 0x0000000768c00000, 0x0000000768c00000|100%| E|CS|TAMS 0x0000000768b00000, 0x0000000768b00000| Complete 
| 652|0x0000000768c00000, 0x0000000768d00000, 0x0000000768d00000|100%| E|CS|TAMS 0x0000000768c00000, 0x0000000768c00000| Complete 
| 653|0x0000000768d00000, 0x0000000768e00000, 0x0000000768e00000|100%| E|CS|TAMS 0x0000000768d00000, 0x0000000768d00000| Complete 
| 654|0x0000000768e00000, 0x0000000768f00000, 0x0000000768f00000|100%| E|CS|TAMS 0x0000000768e00000, 0x0000000768e00000| Complete 
| 655|0x0000000768f00000, 0x0000000769000000, 0x0000000769000000|100%| E|CS|TAMS 0x0000000768f00000, 0x0000000768f00000| Complete 
| 656|0x0000000769000000, 0x0000000769100000, 0x0000000769100000|100%| E|CS|TAMS 0x0000000769000000, 0x0000000769000000| Complete 
| 657|0x0000000769100000, 0x0000000769200000, 0x0000000769200000|100%| E|CS|TAMS 0x0000000769100000, 0x0000000769100000| Complete 
| 658|0x0000000769200000, 0x0000000769300000, 0x0000000769300000|100%| E|CS|TAMS 0x0000000769200000, 0x0000000769200000| Complete 
| 659|0x0000000769300000, 0x0000000769400000, 0x0000000769400000|100%| E|CS|TAMS 0x0000000769300000, 0x0000000769300000| Complete 
| 660|0x0000000769400000, 0x0000000769500000, 0x0000000769500000|100%| E|CS|TAMS 0x0000000769400000, 0x0000000769400000| Complete 
| 661|0x0000000769500000, 0x0000000769600000, 0x0000000769600000|100%| E|CS|TAMS 0x0000000769500000, 0x0000000769500000| Complete 
| 662|0x0000000769600000, 0x0000000769700000, 0x0000000769700000|100%| E|CS|TAMS 0x0000000769600000, 0x0000000769600000| Complete 
| 663|0x0000000769700000, 0x0000000769800000, 0x0000000769800000|100%| E|CS|TAMS 0x0000000769700000, 0x0000000769700000| Complete 
| 664|0x0000000769800000, 0x0000000769900000, 0x0000000769900000|100%| E|CS|TAMS 0x0000000769800000, 0x0000000769800000| Complete 
| 665|0x0000000769900000, 0x0000000769a00000, 0x0000000769a00000|100%| E|CS|TAMS 0x0000000769900000, 0x0000000769900000| Complete 
| 666|0x0000000769a00000, 0x0000000769b00000, 0x0000000769b00000|100%| E|CS|TAMS 0x0000000769a00000, 0x0000000769a00000| Complete 
| 667|0x0000000769b00000, 0x0000000769c00000, 0x0000000769c00000|100%| E|CS|TAMS 0x0000000769b00000, 0x0000000769b00000| Complete 
| 668|0x0000000769c00000, 0x0000000769d00000, 0x0000000769d00000|100%| E|CS|TAMS 0x0000000769c00000, 0x0000000769c00000| Complete 
| 669|0x0000000769d00000, 0x0000000769e00000, 0x0000000769e00000|100%| E|CS|TAMS 0x0000000769d00000, 0x0000000769d00000| Complete 
| 670|0x0000000769e00000, 0x0000000769f00000, 0x0000000769f00000|100%| E|CS|TAMS 0x0000000769e00000, 0x0000000769e00000| Complete 
| 671|0x0000000769f00000, 0x0000000769f80000, 0x000000076a000000| 50%| S|CS|TAMS 0x0000000769f00000, 0x0000000769f00000| Complete 
| 672|0x000000076a000000, 0x000000076a100000, 0x000000076a100000|100%| S|CS|TAMS 0x000000076a000000, 0x000000076a000000| Complete 
| 673|0x000000076a100000, 0x000000076a200000, 0x000000076a200000|100%| S|CS|TAMS 0x000000076a100000, 0x000000076a100000| Complete 
| 674|0x000000076a200000, 0x000000076a300000, 0x000000076a300000|100%| S|CS|TAMS 0x000000076a200000, 0x000000076a200000| Complete 
| 675|0x000000076a300000, 0x000000076a400000, 0x000000076a400000|100%| S|CS|TAMS 0x000000076a300000, 0x000000076a300000| Complete 
| 676|0x000000076a400000, 0x000000076a500000, 0x000000076a500000|100%| E|CS|TAMS 0x000000076a400000, 0x000000076a400000| Complete 

Card table byte_map: [0x0000000109228000,0x0000000109628000] _byte_map_base: 0x0000000105828000

Marking Bits (Prev, Next): (CMBitMap*) 0x0000000104a4f4d8, (CMBitMap*) 0x0000000104a4f510
 Prev Bits: [0x0000000112db8000, 0x0000000114db8000)
 Next Bits: [0x0000000114db8000, 0x0000000116db8000)

Polling page: 0x0000000104178000

Metaspace:

Usage:
  Non-class:    137.87 MB capacity,   134.48 MB ( 98%) used,     2.66 MB (  2%) free+waste,   743.31 KB ( <1%) overhead. 
      Class:     21.49 MB capacity,    19.30 MB ( 90%) used,     1.87 MB (  9%) free+waste,   327.69 KB (  1%) overhead. 
       Both:    159.36 MB capacity,   153.78 MB ( 96%) used,     4.53 MB (  3%) free+waste,     1.05 MB ( <1%) overhead. 

Virtual space:
  Non-class space:      140.00 MB reserved,     138.09 MB ( 99%) committed 
      Class space:        1.00 GB reserved,      21.50 MB (  2%) committed 
             Both:        1.14 GB reserved,     159.59 MB ( 14%) committed 

Chunk freelists:
   Non-Class:  90.00 KB
       Class:  10.00 KB
        Both:  100.00 KB

MaxMetaspaceSize: unlimited
CompressedClassSpaceSize: 1.00 GB
Initial GC threshold: 20.80 MB
Current GC threshold: 265.16 MB
CDS: off

CodeHeap 'non-profiled nmethods': size=120032Kb used=17612Kb max_used=18144Kb free=102419Kb
 bounds [0x00000001268cc000, 0x0000000127a8c000, 0x000000012de04000]
CodeHeap 'profiled nmethods': size=120016Kb used=65197Kb max_used=66581Kb free=54818Kb
 bounds [0x000000011f398000, 0x00000001234c8000, 0x00000001268cc000]
CodeHeap 'non-nmethods': size=5712Kb used=1721Kb max_used=1867Kb free=3990Kb
 bounds [0x000000011ee04000, 0x000000011f074000, 0x000000011f398000]
 total_blobs=28301 nmethods=27288 adapters=928
 compilation: enabled
              stopped_count=0, restarted_count=0
 full_count=0

Compilation events (20 events):
Event: 860.485 Thread 0x0000000c34cca000 34651       2       com.android.tools.r8.internal.q::a (7 bytes)
Event: 860.485 Thread 0x0000000c34cca000 nmethod 34651 0x000000012183cd10 code [0x000000012183cec0, 0x000000012183d080]
Event: 860.485 Thread 0x0000000c34cca000 34652       1       com.android.tools.r8.synthesis.H::c (2 bytes)
Event: 860.485 Thread 0x0000000c34cca000 nmethod 34652 0x0000000126a3bd10 code [0x0000000126a3bec0, 0x0000000126a3c010]
Event: 860.486 Thread 0x0000000c34cca000 34653       2       com.android.tools.r8.synthesis.C::<init> (12 bytes)
Event: 860.486 Thread 0x0000000c34cca000 nmethod 34653 0x000000012167a010 code [0x000000012167a1c0, 0x000000012167a400]
Event: 860.486 Thread 0x0000000c34cca000 34654       2       com.android.tools.r8.synthesis.d::<init> (25 bytes)
Event: 860.486 Thread 0x0000000c34cca000 nmethod 34654 0x00000001216a5610 code [0x00000001216a57c0, 0x00000001216a5ad0]
Event: 860.486 Thread 0x0000000c34cca000 34655       2       com.android.tools.r8.synthesis.B::l (31 bytes)
Event: 860.486 Thread 0x0000000c34cca000 nmethod 34655 0x000000012176cd90 code [0x000000012176cf40, 0x000000012176d240]
Event: 860.488 Thread 0x0000000c34cca000 34656       2       com.android.tools.r8.internal.Wp::<init> (12 bytes)
Event: 860.488 Thread 0x0000000c34cca000 nmethod 34656 0x000000012183a290 code [0x000000012183a440, 0x000000012183a740]
Event: 860.488 Thread 0x0000000c34cca000 34657       2       java.util.AbstractMap$SimpleEntry::<init> (15 bytes)
Event: 860.488 Thread 0x0000000c34cca000 nmethod 34657 0x000000012189be10 code [0x000000012189bfc0, 0x000000012189c210]
Event: 860.492 Thread 0x0000000c34cca000 34658 % !   3       com.android.tools.r8.utils.x::a @ 51 (165 bytes)
Event: 860.494 Thread 0x0000000c34cca000 nmethod 34658% 0x0000000121afc410 code [0x0000000121afc940, 0x0000000121afec20]
Event: 860.496 Thread 0x0000000c34cca000 34659       2       java.util.concurrent.ForkJoinPool$WorkQueue::topLevelExec (86 bytes)
Event: 860.497 Thread 0x0000000c34cca000 nmethod 34659 0x000000011fe73910 code [0x000000011fe73b00, 0x000000011fe73ee0]
Event: 860.498 Thread 0x0000000c34cca000 34660       2       java.util.concurrent.ForkJoinPool::tryExternalUnpush (53 bytes)
Event: 860.498 Thread 0x0000000c34cca000 nmethod 34660 0x000000012185e610 code [0x000000012185e7c0, 0x000000012185ea40]

GC Heap History (20 events):
Event: 611.004 GC heap before
{Heap before GC invocations=61 (full 0):
 garbage-first heap   total 693248K, used 213304K [0x0000000740000000, 0x00000007c0000000)
  region size 1024K, 33 young (33792K), 19 survivors (19456K)
 Metaspace       used 153168K, capacity 158132K, committed 158560K, reserved 1185792K
  class space    used 19410K, capacity 21382K, committed 21504K, reserved 1048576K
}
Event: 611.014 GC heap after
{Heap after GC invocations=62 (full 0):
 garbage-first heap   total 693248K, used 183218K [0x0000000740000000, 0x00000007c0000000)
  region size 1024K, 4 young (4096K), 4 survivors (4096K)
 Metaspace       used 153168K, capacity 158132K, committed 158560K, reserved 1185792K
  class space    used 19410K, capacity 21382K, committed 21504K, reserved 1048576K
}
Event: 611.455 GC heap before
{Heap before GC invocations=62 (full 0):
 garbage-first heap   total 693248K, used 336818K [0x0000000740000000, 0x00000007c0000000)
  region size 1024K, 156 young (159744K), 4 survivors (4096K)
 Metaspace       used 153436K, capacity 158428K, committed 158816K, reserved 1187840K
  class space    used 19413K, capacity 21383K, committed 21504K, reserved 1048576K
}
Event: 611.482 GC heap after
{Heap after GC invocations=63 (full 0):
 garbage-first heap   total 693248K, used 188479K [0x0000000740000000, 0x00000007c0000000)
  region size 1024K, 12 young (12288K), 12 survivors (12288K)
 Metaspace       used 153436K, capacity 158428K, committed 158816K, reserved 1187840K
  class space    used 19413K, capacity 21383K, committed 21504K, reserved 1048576K
}
Event: 674.620 GC heap before
{Heap before GC invocations=64 (full 0):
 garbage-first heap   total 693248K, used 576927K [0x0000000740000000, 0x00000007c0000000)
  region size 1024K, 314 young (321536K), 12 survivors (12288K)
 Metaspace       used 154507K, capacity 159595K, committed 159840K, reserved 1187840K
  class space    used 19474K, capacity 21483K, committed 21504K, reserved 1048576K
}
Event: 674.638 GC heap after
{Heap after GC invocations=65 (full 0):
 garbage-first heap   total 693248K, used 187960K [0x0000000740000000, 0x00000007c0000000)
  region size 1024K, 11 young (11264K), 11 survivors (11264K)
 Metaspace       used 154507K, capacity 159595K, committed 159840K, reserved 1187840K
  class space    used 19474K, capacity 21483K, committed 21504K, reserved 1048576K
}
Event: 674.757 GC heap before
{Heap before GC invocations=65 (full 0):
 garbage-first heap   total 693248K, used 209464K [0x0000000740000000, 0x00000007c0000000)
  region size 1024K, 33 young (33792K), 11 survivors (11264K)
 Metaspace       used 154653K, capacity 159800K, committed 159840K, reserved 1187840K
  class space    used 19475K, capacity 21484K, committed 21504K, reserved 1048576K
}
Event: 674.770 GC heap after
{Heap after GC invocations=66 (full 0):
 garbage-first heap   total 693248K, used 189058K [0x0000000740000000, 0x00000007c0000000)
  region size 1024K, 5 young (5120K), 5 survivors (5120K)
 Metaspace       used 154653K, capacity 159800K, committed 159840K, reserved 1187840K
  class space    used 19475K, capacity 21484K, committed 21504K, reserved 1048576K
}
Event: 724.688 GC heap before
{Heap before GC invocations=66 (full 0):
 garbage-first heap   total 693248K, used 520834K [0x0000000740000000, 0x00000007c0000000)
  region size 1024K, 330 young (337920K), 5 survivors (5120K)
 Metaspace       used 155736K, capacity 161102K, committed 161376K, reserved 1189888K
  class space    used 19589K, capacity 21696K, committed 21760K, reserved 1048576K
}
Event: 724.720 GC heap after
{Heap after GC invocations=67 (full 0):
 garbage-first heap   total 693248K, used 197287K [0x0000000740000000, 0x00000007c0000000)
  region size 1024K, 13 young (13312K), 13 survivors (13312K)
 Metaspace       used 155736K, capacity 161102K, committed 161376K, reserved 1189888K
  class space    used 19589K, capacity 21696K, committed 21760K, reserved 1048576K
}
Event: 859.185 GC heap before
{Heap before GC invocations=68 (full 0):
 garbage-first heap   total 693248K, used 524935K [0x0000000740000000, 0x00000007c0000000)
  region size 1024K, 339 young (347136K), 13 survivors (13312K)
 Metaspace       used 156862K, capacity 162560K, committed 162656K, reserved 1189888K
  class space    used 19758K, capacity 22001K, committed 22016K, reserved 1048576K
}
Event: 859.225 GC heap after
{Heap after GC invocations=69 (full 0):
 garbage-first heap   total 693248K, used 211411K [0x0000000740000000, 0x00000007c0000000)
  region size 1024K, 34 young (34816K), 34 survivors (34816K)
 Metaspace       used 156862K, capacity 162560K, committed 162656K, reserved 1189888K
  class space    used 19758K, capacity 22001K, committed 22016K, reserved 1048576K
}
Event: 859.230 GC heap before
{Heap before GC invocations=69 (full 0):
 garbage-first heap   total 693248K, used 212435K [0x0000000740000000, 0x00000007c0000000)
  region size 1024K, 35 young (35840K), 34 survivors (34816K)
 Metaspace       used 156862K, capacity 162560K, committed 162656K, reserved 1189888K
  class space    used 19758K, capacity 22001K, committed 22016K, reserved 1048576K
}
Event: 859.279 GC heap after
{Heap after GC invocations=70 (full 0):
 garbage-first heap   total 693248K, used 181948K [0x0000000740000000, 0x00000007c0000000)
  region size 1024K, 4 young (4096K), 4 survivors (4096K)
 Metaspace       used 156862K, capacity 162560K, committed 162656K, reserved 1189888K
  class space    used 19758K, capacity 22001K, committed 22016K, reserved 1048576K
}
Event: 859.467 GC heap before
{Heap before GC invocations=70 (full 0):
 garbage-first heap   total 693248K, used 230076K [0x0000000740000000, 0x00000007c0000000)
  region size 1024K, 53 young (54272K), 4 survivors (4096K)
 Metaspace       used 156967K, capacity 162624K, committed 162656K, reserved 1189888K
  class space    used 19758K, capacity 22001K, committed 22016K, reserved 1048576K
}
Event: 859.486 GC heap after
{Heap after GC invocations=71 (full 0):
 garbage-first heap   total 693248K, used 188041K [0x0000000740000000, 0x00000007c0000000)
  region size 1024K, 10 young (10240K), 10 survivors (10240K)
 Metaspace       used 156967K, capacity 162624K, committed 162656K, reserved 1189888K
  class space    used 19758K, capacity 22001K, committed 22016K, reserved 1048576K
}
Event: 860.239 GC heap before
{Heap before GC invocations=72 (full 0):
 garbage-first heap   total 693248K, used 602761K [0x0000000740000000, 0x00000007c0000000)
  region size 1024K, 355 young (363520K), 10 survivors (10240K)
 Metaspace       used 157458K, capacity 163176K, committed 163424K, reserved 1191936K
  class space    used 19760K, capacity 22006K, committed 22016K, reserved 1048576K
}
Event: 860.270 GC heap after
{Heap after GC invocations=73 (full 0):
 garbage-first heap   total 693248K, used 252928K [0x0000000740000000, 0x00000007c0000000)
  region size 1024K, 45 young (46080K), 45 survivors (46080K)
 Metaspace       used 157458K, capacity 163176K, committed 163424K, reserved 1191936K
  class space    used 19760K, capacity 22006K, committed 22016K, reserved 1048576K
}
Event: 860.271 GC heap before
{Heap before GC invocations=73 (full 0):
 garbage-first heap   total 693248K, used 253952K [0x0000000740000000, 0x00000007c0000000)
  region size 1024K, 46 young (47104K), 45 survivors (46080K)
 Metaspace       used 157458K, capacity 163176K, committed 163424K, reserved 1191936K
  class space    used 19760K, capacity 22006K, committed 22016K, reserved 1048576K
}
Event: 860.296 GC heap after
{Heap after GC invocations=74 (full 0):
 garbage-first heap   total 693248K, used 248175K [0x0000000740000000, 0x00000007c0000000)
  region size 1024K, 5 young (5120K), 5 survivors (5120K)
 Metaspace       used 157458K, capacity 163176K, committed 163424K, reserved 1191936K
  class space    used 19760K, capacity 22006K, committed 22016K, reserved 1048576K
}

Deoptimization events (20 events):
Event: 860.237 Thread 0x0000000c30f78000 DEOPT PACKING pc=0x00000001272e7af0 sp=0x000000017d11dfd0
Event: 860.237 Thread 0x0000000c30f78000 DEOPT UNPACKING pc=0x000000011ee38d9c sp=0x000000017d11df40 mode 2
Event: 860.238 Thread 0x0000000c2fca5000 Uncommon trap: trap_request=0xffffffbe fr.pc=0x0000000127657478 relative=0x0000000000004538
Event: 860.238 Thread 0x0000000c2fca5000 Uncommon trap: reason=profile_predicate action=maybe_recompile pc=0x0000000127657478 method=com.android.tools.r8.dex.i.a(I[Lcom/android/tools/r8/internal/gi;[Lcom/android/tools/r8/internal/hi;Z)[Lcom/android/tools/r8/graph/p0; @ 648 c2
Event: 860.238 Thread 0x0000000c2fca5000 DEOPT PACKING pc=0x0000000127657478 sp=0x000000017e17dfe0
Event: 860.238 Thread 0x0000000c2fca5000 DEOPT UNPACKING pc=0x000000011ee38d9c sp=0x000000017e17df40 mode 2
Event: 860.339 Thread 0x0000000c30f7a000 DEOPT PACKING pc=0x0000000121857e88 sp=0x000000017d535da0
Event: 860.339 Thread 0x0000000c30f7a000 DEOPT UNPACKING pc=0x000000011ee3927c sp=0x000000017d535c40 mode 0
Event: 860.412 Thread 0x0000000c30e29000 DEOPT PACKING pc=0x0000000121857e88 sp=0x000000017caf9da0
Event: 860.412 Thread 0x0000000c30e29000 DEOPT UNPACKING pc=0x000000011ee3927c sp=0x000000017caf9c40 mode 0
Event: 860.442 Thread 0x0000000c30e2a000 DEOPT PACKING pc=0x0000000122397be4 sp=0x000000017cd05dd0
Event: 860.442 Thread 0x0000000c30e2a000 DEOPT UNPACKING pc=0x000000011ee3927c sp=0x000000017cd05c00 mode 0
Event: 860.484 Thread 0x0000000c30f84000 DEOPT PACKING pc=0x000000012237f11c sp=0x000000017a82cd60
Event: 860.484 Thread 0x0000000c30f84000 DEOPT UNPACKING pc=0x000000011ee3927c sp=0x000000017a82cbe0 mode 0
Event: 860.489 Thread 0x0000000c30f84000 DEOPT PACKING pc=0x000000012237f11c sp=0x000000017a82ce10
Event: 860.489 Thread 0x0000000c30f84000 DEOPT UNPACKING pc=0x000000011ee3927c sp=0x000000017a82cc90 mode 0
Event: 860.495 Thread 0x0000000c30f84000 DEOPT PACKING pc=0x000000012237f11c sp=0x000000017a82cba0
Event: 860.495 Thread 0x0000000c30f84000 DEOPT UNPACKING pc=0x000000011ee3927c sp=0x000000017a82ca20 mode 0
Event: 860.496 Thread 0x0000000c30f84000 DEOPT PACKING pc=0x000000012237f11c sp=0x000000017a82cb10
Event: 860.496 Thread 0x0000000c30f84000 DEOPT UNPACKING pc=0x000000011ee3927c sp=0x000000017a82c990 mode 0

Classes redefined (0 events):
No events

Internal exceptions (20 events):
Event: 860.011 Thread 0x0000000c2fec6000 Exception <a 'sun/nio/fs/UnixException'{0x000000075bfe78a0}> (0x000000075bfe78a0) thrown at [src/hotspot/share/prims/jni.cpp, line 617]
Event: 860.011 Thread 0x0000000c30f2b000 Exception <a 'sun/nio/fs/UnixException'{0x000000075f9d2e08}> (0x000000075f9d2e08) thrown at [src/hotspot/share/prims/jni.cpp, line 617]
Event: 860.011 Thread 0x0000000c30f2b000 Exception <a 'sun/nio/fs/UnixException'{0x000000075f9d35a0}> (0x000000075f9d35a0) thrown at [src/hotspot/share/prims/jni.cpp, line 617]
Event: 860.011 Thread 0x0000000c2fec7000 Exception <a 'sun/nio/fs/UnixException'{0x000000075c425450}> (0x000000075c425450) thrown at [src/hotspot/share/prims/jni.cpp, line 617]
Event: 860.012 Thread 0x0000000c2feb0000 Exception <a 'sun/nio/fs/UnixException'{0x000000075c021c10}> (0x000000075c021c10) thrown at [src/hotspot/share/prims/jni.cpp, line 617]
Event: 860.012 Thread 0x0000000c30f62000 Exception <a 'sun/nio/fs/UnixException'{0x000000076a321da0}> (0x000000076a321da0) thrown at [src/hotspot/share/prims/jni.cpp, line 617]
Event: 860.012 Thread 0x0000000c30f2a000 Exception <a 'sun/nio/fs/UnixException'{0x000000075f4fb600}> (0x000000075f4fb600) thrown at [src/hotspot/share/prims/jni.cpp, line 617]
Event: 860.012 Thread 0x0000000c2f0f2000 Exception <a 'sun/nio/fs/UnixException'{0x000000075c1bb438}> (0x000000075c1bb438) thrown at [src/hotspot/share/prims/jni.cpp, line 617]
Event: 860.012 Thread 0x0000000c30f85000 Exception <a 'sun/nio/fs/UnixException'{0x000000075c952700}> (0x000000075c952700) thrown at [src/hotspot/share/prims/jni.cpp, line 617]
Event: 860.012 Thread 0x0000000c30f2b000 Exception <a 'sun/nio/fs/UnixException'{0x000000075f9d74b8}> (0x000000075f9d74b8) thrown at [src/hotspot/share/prims/jni.cpp, line 617]
Event: 860.012 Thread 0x0000000c2fec7000 Exception <a 'sun/nio/fs/UnixException'{0x000000075c428590}> (0x000000075c428590) thrown at [src/hotspot/share/prims/jni.cpp, line 617]
Event: 860.013 Thread 0x0000000c2fec6000 Exception <a 'sun/nio/fs/UnixException'{0x000000075bffe948}> (0x000000075bffe948) thrown at [src/hotspot/share/prims/jni.cpp, line 617]
Event: 860.013 Thread 0x0000000c2fec7000 Exception <a 'sun/nio/fs/UnixException'{0x000000075c42b850}> (0x000000075c42b850) thrown at [src/hotspot/share/prims/jni.cpp, line 617]
Event: 860.014 Thread 0x0000000c31a81000 Exception <a 'sun/nio/fs/UnixException'{0x000000075c1cb8f8}> (0x000000075c1cb8f8) thrown at [src/hotspot/share/prims/jni.cpp, line 617]
Event: 860.034 Thread 0x0000000c2fe5e000 Exception <a 'sun/nio/fs/UnixException'{0x000000075af6dd18}> (0x000000075af6dd18) thrown at [src/hotspot/share/prims/jni.cpp, line 617]
Event: 860.034 Thread 0x0000000c2fe5e000 Exception <a 'sun/nio/fs/UnixException'{0x000000075af6e188}> (0x000000075af6e188) thrown at [src/hotspot/share/prims/jni.cpp, line 617]
Event: 860.037 Thread 0x0000000c2fe5e000 Exception <a 'sun/nio/fs/UnixException'{0x000000075afc9cd0}> (0x000000075afc9cd0) thrown at [src/hotspot/share/prims/jni.cpp, line 617]
Event: 860.137 Thread 0x0000000c2fea0000 Exception <a 'sun/nio/fs/UnixException'{0x0000000757c94278}> (0x0000000757c94278) thrown at [src/hotspot/share/prims/jni.cpp, line 617]
Event: 860.137 Thread 0x0000000c2fea0000 Exception <a 'sun/nio/fs/UnixException'{0x0000000757c94908}> (0x0000000757c94908) thrown at [src/hotspot/share/prims/jni.cpp, line 617]
Event: 860.137 Thread 0x0000000c2fea0000 Exception <a 'sun/nio/fs/UnixException'{0x0000000757c94e10}> (0x0000000757c94e10) thrown at [src/hotspot/share/prims/jni.cpp, line 617]

Events (20 events):
Event: 860.235 Executing coalesced safepoint VM operation: RevokeBias done
Event: 860.235 Executing coalesced safepoint VM operation: BulkRevokeBias
Event: 860.235 Executing coalesced safepoint VM operation: BulkRevokeBias done
Event: 860.235 Executing coalesced safepoint VM operation: RevokeBias
Event: 860.235 Executing coalesced safepoint VM operation: RevokeBias done
Event: 860.235 Executing coalesced safepoint VM operation: RevokeBias
Event: 860.235 Executing coalesced safepoint VM operation: RevokeBias done
Event: 860.235 Executing VM operation: RevokeBias done
Event: 860.236 Executing VM operation: RevokeBias
Event: 860.236 Executing coalesced safepoint VM operation: RevokeBias
Event: 860.236 Executing coalesced safepoint VM operation: RevokeBias done
Event: 860.236 Executing VM operation: RevokeBias done
Event: 860.237 Executing VM operation: RevokeBias
Event: 860.237 Executing coalesced safepoint VM operation: RevokeBias
Event: 860.237 Executing coalesced safepoint VM operation: RevokeBias done
Event: 860.237 Executing VM operation: RevokeBias done
Event: 860.239 Executing VM operation: G1CollectForAllocation
Event: 860.270 Executing VM operation: G1CollectForAllocation done
Event: 860.271 Executing VM operation: G1CollectForAllocation
Event: 860.296 Executing VM operation: G1CollectForAllocation done


Dynamic libraries:
0x000000010418c000 	/opt/homebrew/Cellar/openjdk@11/11.0.24/libexec/openjdk.jdk/Contents/Home/lib/jli/libjli.dylib
0x00000001a430b000 	/System/Library/Frameworks/Cocoa.framework/Versions/A/Cocoa
0x0000000189698000 	/System/Library/Frameworks/AppKit.framework/Versions/C/AppKit
0x000000018cd0c000 	/System/Library/Frameworks/CoreData.framework/Versions/A/CoreData
0x0000000186a92000 	/System/Library/Frameworks/Foundation.framework/Versions/C/Foundation
0x0000000194ccf000 	/usr/lib/libSystem.B.dylib
0x000000018adc5000 	/System/Library/PrivateFrameworks/UIFoundation.framework/Versions/A/UIFoundation
0x000000023eadd000 	/System/Library/PrivateFrameworks/CollectionViewCore.framework/Versions/A/CollectionViewCore
0x0000000192060000 	/System/Library/PrivateFrameworks/XCTTargetBootstrap.framework/Versions/A/XCTTargetBootstrap
0x0000000197738000 	/System/Library/PrivateFrameworks/InternationalSupport.framework/Versions/A/InternationalSupport
0x0000000197a92000 	/System/Library/PrivateFrameworks/UserActivity.framework/Versions/A/UserActivity
0x000000018d39c000 	/System/Library/PrivateFrameworks/BaseBoard.framework/Versions/A/BaseBoard
0x00000002472aa000 	/System/Library/PrivateFrameworks/FrontBoard.framework/Versions/A/FrontBoard
0x000000019f14b000 	/System/Library/PrivateFrameworks/FrontBoardServices.framework/Versions/A/FrontBoardServices
0x0000000283249000 	/usr/lib/libRosetta.dylib
0x0000000276afe000 	/System/Library/PrivateFrameworks/UIIntelligenceSupport.framework/Versions/A/UIIntelligenceSupport
0x00000002339e6000 	/System/Library/Frameworks/SwiftUICore.framework/Versions/A/SwiftUICore
0x000000027d0b2000 	/System/Library/PrivateFrameworks/WritingTools.framework/Versions/A/WritingTools
0x000000027bf03000 	/System/Library/PrivateFrameworks/WindowManagement.framework/Versions/A/WindowManagement
0x00000001866f1000 	/System/Library/Frameworks/SystemConfiguration.framework/Versions/A/SystemConfiguration
0x000000019696a000 	/usr/lib/libspindump.dylib
0x000000018af80000 	/System/Library/Frameworks/UniformTypeIdentifiers.framework/Versions/A/UniformTypeIdentifiers
0x0000000193f66000 	/usr/lib/libbsm.0.dylib
0x000000018f76a000 	/usr/lib/libapp_launch_measurement.dylib
0x000000018ea5f000 	/System/Library/PrivateFrameworks/CoreAnalytics.framework/Versions/A/CoreAnalytics
0x000000018f76e000 	/System/Library/PrivateFrameworks/CoreAutoLayout.framework/Versions/A/CoreAutoLayout
0x00000001915ab000 	/System/Library/Frameworks/Metal.framework/Versions/A/Metal
0x00000001929b3000 	/usr/lib/liblangid.dylib
0x0000000192066000 	/System/Library/PrivateFrameworks/CoreSVG.framework/Versions/A/CoreSVG
0x000000018b9e1000 	/System/Library/PrivateFrameworks/SkyLight.framework/Versions/A/SkyLight
0x0000000246fe3000 	/System/Library/PrivateFrameworks/FocusEngine.framework/Versions/A/FocusEngine
0x000000018bfa8000 	/System/Library/Frameworks/CoreGraphics.framework/Versions/A/CoreGraphics
0x0000000244bde000 	/System/Library/PrivateFrameworks/DesignLibrary.framework/Versions/A/DesignLibrary
0x000000019d413000 	/System/Library/Frameworks/Accelerate.framework/Versions/A/Accelerate
0x000000019675f000 	/System/Library/PrivateFrameworks/IconServices.framework/Versions/A/IconServices
0x0000000191583000 	/System/Library/Frameworks/IOSurface.framework/Versions/A/IOSurface
0x000000018ea8f000 	/usr/lib/libDiagnosticMessagesClient.dylib
0x0000000194c18000 	/usr/lib/libz.1.dylib
0x00000001a173b000 	/System/Library/Frameworks/ApplicationServices.framework/Versions/A/ApplicationServices
0x000000019204b000 	/System/Library/PrivateFrameworks/DFRFoundation.framework/Versions/A/DFRFoundation
0x0000000188ee7000 	/usr/lib/libicucore.A.dylib
0x0000000198ccf000 	/System/Library/Frameworks/AudioToolbox.framework/Versions/A/AudioToolbox
0x0000000197a40000 	/System/Library/PrivateFrameworks/DataDetectorsCore.framework/Versions/A/DataDetectorsCore
0x0000000277711000 	/System/Library/PrivateFrameworks/UpdateCycle.framework/Versions/A/UpdateCycle
0x00000001b5936000 	/System/Library/PrivateFrameworks/TextInput.framework/Versions/A/TextInput
0x000000018b923000 	/usr/lib/libMobileGestalt.dylib
0x0000000191d47000 	/System/Library/Frameworks/Carbon.framework/Versions/A/Frameworks/HIToolbox.framework/Versions/A/HIToolbox
0x000000018efc4000 	/System/Library/Frameworks/QuartzCore.framework/Versions/A/QuartzCore
0x0000000188ac2000 	/System/Library/Frameworks/Security.framework/Versions/A/Security
0x000000019cd92000 	/System/Library/Frameworks/Carbon.framework/Versions/A/Frameworks/SpeechRecognition.framework/Versions/A/SpeechRecognition
0x000000018f439000 	/System/Library/PrivateFrameworks/CoreUI.framework/Versions/A/CoreUI
0x0000000188310000 	/System/Library/Frameworks/CoreAudio.framework/Versions/A/CoreAudio
0x000000018eb83000 	/System/Library/Frameworks/DiskArbitration.framework/Versions/A/DiskArbitration
0x0000000196f12000 	/System/Library/PrivateFrameworks/MultitouchSupport.framework/Versions/A/MultitouchSupport
0x000000018b921000 	/usr/lib/libenergytrace.dylib
0x00000001a8e1a000 	/System/Library/PrivateFrameworks/RenderBox.framework/Versions/A/RenderBox
0x000000018953f000 	/System/Library/Frameworks/IOKit.framework/Versions/A/IOKit
0x000000019d19c000 	/System/Library/Frameworks/CoreServices.framework/Versions/A/CoreServices
0x000000018f6fb000 	/System/Library/PrivateFrameworks/PerformanceAnalysis.framework/Versions/A/PerformanceAnalysis
0x00000002293d0000 	/System/Library/Frameworks/OpenGL.framework/Versions/A/OpenGL
0x000000018f7b8000 	/usr/lib/libxml2.2.dylib
0x0000000193e47000 	/System/Library/PrivateFrameworks/MobileKeyBag.framework/Versions/A/MobileKeyBag
0x0000000184da8000 	/usr/lib/libobjc.A.dylib
0x000000018510e000 	/usr/lib/libc++.1.dylib
0x000000019d119000 	/System/Library/Frameworks/Accessibility.framework/Versions/A/Accessibility
0x000000018c702000 	/System/Library/Frameworks/ColorSync.framework/Versions/A/ColorSync
0x000000018523f000 	/System/Library/Frameworks/CoreFoundation.framework/Versions/A/CoreFoundation
0x00000001923f3000 	/System/Library/Frameworks/CoreImage.framework/Versions/A/CoreImage
0x00000001880e3000 	/System/Library/Frameworks/CoreText.framework/Versions/A/CoreText
0x000000022acda000 	/System/Library/Frameworks/CoreTransferable.framework/Versions/A/CoreTransferable
0x000000022b216000 	/System/Library/Frameworks/DataDetection.framework/Versions/A/DataDetection
0x000000022b22b000 	/System/Library/Frameworks/DeveloperToolsSupport.framework/Versions/A/DeveloperToolsSupport
0x00000001920a4000 	/System/Library/Frameworks/ImageIO.framework/Versions/A/ImageIO
0x000000023495b000 	/System/Library/Frameworks/Symbols.framework/Versions/A/Symbols
0x00000001bab5b000 	/System/Library/PrivateFrameworks/AttributeGraph.framework/Versions/A/AttributeGraph
0x000000019f22a000 	/System/Library/PrivateFrameworks/BoardServices.framework/Versions/A/BoardServices
0x00000001df31a000 	/System/Library/PrivateFrameworks/FeatureFlags.framework/Versions/A/FeatureFlags
0x0000000250223000 	/System/Library/PrivateFrameworks/Gestures.framework/Versions/A/Gestures
0x0000000194cd4000 	/System/Library/PrivateFrameworks/SoftLinking.framework/Versions/A/SoftLinking
0x00000001c93ff000 	/usr/lib/swift/libswiftAccelerate.dylib
0x00000001bf876000 	/usr/lib/swift/libswiftCompression.dylib
0x0000000198637000 	/usr/lib/swift/libswiftCore.dylib
0x00000001b1c07000 	/usr/lib/swift/libswiftCoreFoundation.dylib
0x00000001b1c60000 	/usr/lib/swift/libswiftCoreImage.dylib
0x000000019eec6000 	/usr/lib/swift/libswiftDispatch.dylib
0x00000001b1c61000 	/usr/lib/swift/libswiftIOKit.dylib
0x00000001bf869000 	/usr/lib/swift/libswiftMetal.dylib
0x00000001cebee000 	/usr/lib/swift/libswiftOSLog.dylib
0x00000001a1d8c000 	/usr/lib/swift/libswiftObjectiveC.dylib
0x000000028448a000 	/usr/lib/swift/libswiftObservation.dylib
0x00000001c4b82000 	/usr/lib/swift/libswiftQuartzCore.dylib
0x00000002845c9000 	/usr/lib/swift/libswiftSynchronization.dylib
0x00000001c93f0000 	/usr/lib/swift/libswiftUniformTypeIdentifiers.dylib
0x00000001b1c19000 	/usr/lib/swift/libswiftXPC.dylib
0x0000000284603000 	/usr/lib/swift/libswift_Builtin_float.dylib
0x0000000284606000 	/usr/lib/swift/libswift_Concurrency.dylib
0x00000001a1d90000 	/usr/lib/swift/libswiftos.dylib
0x00000001b56c6000 	/usr/lib/swift/libswiftsimd.dylib
0x0000000194efb000 	/usr/lib/libcompression.dylib
0x0000000197698000 	/System/Library/PrivateFrameworks/TextureIO.framework/Versions/A/TextureIO
0x000000018c8ae000 	/System/Library/Frameworks/ApplicationServices.framework/Versions/A/Frameworks/HIServices.framework/Versions/A/HIServices
0x00000001963e8000 	/usr/lib/libate.dylib
0x0000000194cc9000 	/usr/lib/system/libcache.dylib
0x0000000194c84000 	/usr/lib/system/libcommonCrypto.dylib
0x0000000194caf000 	/usr/lib/system/libcompiler_rt.dylib
0x0000000194ca4000 	/usr/lib/system/libcopyfile.dylib
0x0000000184f48000 	/usr/lib/system/libcorecrypto.dylib
0x0000000185041000 	/usr/lib/system/libdispatch.dylib
0x0000000184dfc000 	/usr/lib/system/libdyld.dylib
0x0000000194cbf000 	/usr/lib/system/libkeymgr.dylib
0x0000000194c67000 	/usr/lib/system/libmacho.dylib
0x0000000193f3e000 	/usr/lib/system/libquarantine.dylib
0x0000000194cbc000 	/usr/lib/system/libremovefile.dylib
0x000000018b9a4000 	/usr/lib/system/libsystem_asl.dylib
0x0000000184ecd000 	/usr/lib/system/libsystem_blocks.dylib
0x000000018508b000 	/usr/lib/system/libsystem_c.dylib
0x0000000194cb3000 	/usr/lib/system/libsystem_collections.dylib
0x00000001929a0000 	/usr/lib/system/libsystem_configuration.dylib
0x000000019154a000 	/usr/lib/system/libsystem_containermanager.dylib
0x00000001946ce000 	/usr/lib/system/libsystem_coreservices.dylib
0x00000001891b9000 	/usr/lib/system/libsystem_darwin.dylib
0x0000000284959000 	/usr/lib/system/libsystem_darwindirectory.dylib
0x0000000194cc0000 	/usr/lib/system/libsystem_dnssd.dylib
0x000000028495d000 	/usr/lib/system/libsystem_eligibility.dylib
0x0000000185088000 	/usr/lib/system/libsystem_featureflags.dylib
0x000000018520f000 	/usr/lib/system/libsystem_info.dylib
0x0000000194c28000 	/usr/lib/system/libsystem_m.dylib
0x0000000184ff5000 	/usr/lib/system/libsystem_malloc.dylib
0x000000018b906000 	/usr/lib/system/libsystem_networkextension.dylib
0x000000018962a000 	/usr/lib/system/libsystem_notify.dylib
0x00000001929a5000 	/usr/lib/system/libsystem_sandbox.dylib
0x0000000284967000 	/usr/lib/system/libsystem_sanitizers.dylib
0x0000000194cb8000 	/usr/lib/system/libsystem_secinit.dylib
0x00000001851bc000 	/usr/lib/system/libsystem_kernel.dylib
0x0000000185206000 	/usr/lib/system/libsystem_platform.dylib
0x00000001851f9000 	/usr/lib/system/libsystem_pthread.dylib
0x000000018d580000 	/usr/lib/system/libsystem_symptoms.dylib
0x0000000184f27000 	/usr/lib/system/libsystem_trace.dylib
0x000000028496f000 	/usr/lib/system/libsystem_trial.dylib
0x0000000194c92000 	/usr/lib/system/libunwind.dylib
0x0000000184ed1000 	/usr/lib/system/libxpc.dylib
0x00000001851a1000 	/usr/lib/libc++abi.dylib
0x000000028419a000 	/usr/lib/libswiftPrespecialized.dylib
0x0000000194cd1000 	/usr/lib/libfakelink.dylib
0x000000018b54a000 	/System/Library/Frameworks/CFNetwork.framework/Versions/A/CFNetwork
0x0000000194d25000 	/usr/lib/libarchive.2.dylib
0x000000019aea7000 	/System/Library/Frameworks/Combine.framework/Versions/A/Combine
0x000000023eb02000 	/System/Library/PrivateFrameworks/CollectionsInternal.framework/Versions/A/CollectionsInternal
0x0000000265c81000 	/System/Library/PrivateFrameworks/ReflectionInternal.framework/Versions/A/ReflectionInternal
0x0000000266b0d000 	/System/Library/PrivateFrameworks/RuntimeInternal.framework/Versions/A/RuntimeInternal
0x00000001aeaae000 	/usr/lib/swift/libswiftDarwin.dylib
0x00000002845d1000 	/usr/lib/swift/libswiftSystem.dylib
0x0000000284690000 	/usr/lib/swift/libswift_DarwinFoundation1.dylib
0x0000000284771000 	/usr/lib/swift/libswift_StringProcessing.dylib
0x00000001894be000 	/System/Library/PrivateFrameworks/CoreServicesInternal.framework/Versions/A/CoreServicesInternal
0x0000000194c9c000 	/usr/lib/liboah.dylib
0x00000001a11d9000 	/System/Library/PrivateFrameworks/DiskImages.framework/Versions/A/DiskImages
0x00000001ae570000 	/System/Library/Frameworks/NetFS.framework/Versions/A/NetFS
0x000000018f732000 	/System/Library/Frameworks/CoreServices.framework/Versions/A/Frameworks/FSEvents.framework/Versions/A/FSEvents
0x00000001891c4000 	/System/Library/Frameworks/CoreServices.framework/Versions/A/Frameworks/CarbonCore.framework/Versions/A/CarbonCore
0x000000018eaf7000 	/System/Library/Frameworks/CoreServices.framework/Versions/A/Frameworks/Metadata.framework/Versions/A/Metadata
0x00000001946d6000 	/System/Library/Frameworks/CoreServices.framework/Versions/A/Frameworks/OSServices.framework/Versions/A/OSServices
0x0000000194e1d000 	/System/Library/Frameworks/CoreServices.framework/Versions/A/Frameworks/SearchKit.framework/Versions/A/SearchKit
0x000000018d4f9000 	/System/Library/Frameworks/CoreServices.framework/Versions/A/Frameworks/AE.framework/Versions/A/AE
0x0000000185789000 	/System/Library/Frameworks/CoreServices.framework/Versions/A/Frameworks/LaunchServices.framework/Versions/A/LaunchServices
0x000000019623e000 	/System/Library/Frameworks/CoreServices.framework/Versions/A/Frameworks/DictionaryServices.framework/Versions/A/DictionaryServices
0x000000018f740000 	/System/Library/Frameworks/CoreServices.framework/Versions/A/Frameworks/SharedFileList.framework/Versions/A/SharedFileList
0x0000000194eb2000 	/usr/lib/libapple_nghttp2.dylib
0x000000018d113000 	/usr/lib/libsqlite3.dylib
0x00000001a1421000 	/System/Library/PrivateFrameworks/AppSupport.framework/Versions/A/AppSupport
0x0000000199369000 	/System/Library/Frameworks/GSS.framework/Versions/A/GSS
0x000000018d48d000 	/System/Library/PrivateFrameworks/RunningBoardServices.framework/Versions/A/RunningBoardServices
0x00000001a1d1a000 	/System/Library/PrivateFrameworks/StreamingZip.framework/Versions/A/StreamingZip
0x000000018d589000 	/System/Library/Frameworks/Network.framework/Versions/A/Network
0x0000000194c6b000 	/usr/lib/system/libkxld.dylib
0x000000023a363000 	/System/Library/PrivateFrameworks/AppleKeyStore.framework/Versions/A/AppleKeyStore
0x0000000282f2c000 	/usr/lib/libCoreEntitlements.dylib
0x000000025bb53000 	/System/Library/PrivateFrameworks/MessageSecurity.framework/Versions/A/MessageSecurity
0x000000018d0f7000 	/System/Library/PrivateFrameworks/ProtocolBuffer.framework/Versions/A/ProtocolBuffer
0x000000019e2c7000 	/System/Library/PrivateFrameworks/SymptomDiagnosticReporter.framework/Versions/A/SymptomDiagnosticReporter
0x0000000196482000 	/System/Library/PrivateFrameworks/CrashReporterSupport.framework/Versions/A/CrashReporterSupport
0x00000001946b5000 	/System/Library/PrivateFrameworks/AppleFSCompression.framework/Versions/A/AppleFSCompression
0x0000000193f4e000 	/usr/lib/libcoretls.dylib
0x00000001962b5000 	/usr/lib/libcoretls_cfhelpers.dylib
0x0000000194ef4000 	/usr/lib/libpam.2.dylib
0x0000000196327000 	/usr/lib/libxar.1.dylib
0x00000001962b7000 	/System/Library/PrivateFrameworks/APFS.framework/Versions/A/APFS
0x00000002715b9000 	/System/Library/PrivateFrameworks/SwiftASN1Internal.framework/Versions/A/SwiftASN1Internal
0x0000000196336000 	/usr/lib/libutil.dylib
0x00000001929ae000 	/System/Library/PrivateFrameworks/AppleSystemInfo.framework/Versions/A/AppleSystemInfo
0x0000000193c36000 	/System/Library/PrivateFrameworks/IOMobileFramebuffer.framework/Versions/A/IOMobileFramebuffer
0x00000001b1acd000 	/System/Library/PrivateFrameworks/LoggingSupport.framework/Versions/A/LoggingSupport
0x00000001993cc000 	/System/Library/PrivateFrameworks/MobileAsset.framework/Versions/A/MobileAsset
0x000000019e2d7000 	/System/Library/PrivateFrameworks/PowerLog.framework/Versions/A/PowerLog
0x0000000233878000 	/System/Library/Frameworks/SwiftData.framework/Versions/A/SwiftData
0x000000018f965000 	/System/Library/PrivateFrameworks/UserManagement.framework/Versions/A/UserManagement
0x000000018b475000 	/usr/lib/libboringssl.dylib
0x000000018d56e000 	/usr/lib/libdns_services.dylib
0x00000001b0b04000 	/usr/lib/libquic.dylib
0x00000001985c7000 	/usr/lib/libusrtcp.dylib
0x000000023b155000 	/System/Library/PrivateFrameworks/AtomicsInternal.framework/Versions/A/AtomicsInternal
0x00000001d747a000 	/System/Library/PrivateFrameworks/InternalSwiftProtobuf.framework/Versions/A/InternalSwiftProtobuf
0x0000000284461000 	/usr/lib/swift/libswiftDistributed.dylib
0x00000001929ac000 	/System/Library/PrivateFrameworks/AggregateDictionary.framework/Versions/A/AggregateDictionary
0x000000023b8e8000 	/System/Library/PrivateFrameworks/BiomeLibrary.framework/Versions/A/BiomeLibrary
0x00000001c0889000 	/System/Library/PrivateFrameworks/BiomeStreams.framework/Versions/A/BiomeStreams
0x00000001bca54000 	/System/Library/PrivateFrameworks/BiomeFoundation.framework/Versions/A/BiomeFoundation
0x00000001c694a000 	/System/Library/PrivateFrameworks/BiomePubSub.framework/Versions/A/BiomePubSub
0x00000001a2d46000 	/System/Library/PrivateFrameworks/ProactiveSupport.framework/Versions/A/ProactiveSupport
0x0000000196296000 	/usr/lib/liblzma.5.dylib
0x00000001a173c000 	/System/Library/PrivateFrameworks/InternationalTextSearch.framework/Versions/A/InternationalTextSearch
0x00000001b8f58000 	/System/Library/PrivateFrameworks/SoftwareUpdateCoreSupport.framework/Versions/A/SoftwareUpdateCoreSupport
0x00000001c130d000 	/System/Library/PrivateFrameworks/SoftwareUpdateCoreConnect.framework/Versions/A/SoftwareUpdateCoreConnect
0x00000001a12d7000 	/System/Library/PrivateFrameworks/RemoteServiceDiscovery.framework/Versions/A/RemoteServiceDiscovery
0x00000001b8b4f000 	/System/Library/PrivateFrameworks/MSUDataAccessor.framework/Versions/A/MSUDataAccessor
0x00000001b3c29000 	/usr/lib/libbootpolicy.dylib
0x00000001a12ee000 	/System/Library/PrivateFrameworks/RemoteXPC.framework/Versions/A/RemoteXPC
0x00000001c0755000 	/usr/lib/libFDR.dylib
0x00000001c656b000 	/usr/lib/libamsupport.dylib
0x0000000283241000 	/usr/lib/libReverseProxyDevice.dylib
0x0000000239c8c000 	/System/Library/PrivateFrameworks/AppleDeviceQuerySupport.framework/Versions/A/AppleDeviceQuerySupport
0x00000001c95ff000 	/usr/lib/libpartition2_dynamic.dylib
0x0000000194e8e000 	/System/Library/PrivateFrameworks/AppleSauce.framework/Versions/A/AppleSauce
0x0000000282dcd000 	/usr/lib/libAppleArchive.dylib
0x00000001946c1000 	/usr/lib/libbz2.1.0.dylib
0x000000018eb8d000 	/System/Library/Frameworks/Accelerate.framework/Versions/A/Frameworks/vImage.framework/Versions/A/vImage
0x000000019d176000 	/System/Library/Frameworks/Accelerate.framework/Versions/A/Frameworks/vecLib.framework/Versions/A/vecLib
0x000000019636d000 	/System/Library/Frameworks/Accelerate.framework/Versions/A/Frameworks/vecLib.framework/Versions/A/libvMisc.dylib
0x0000000185c89000 	/System/Library/Frameworks/Accelerate.framework/Versions/A/Frameworks/vecLib.framework/Versions/A/libBLAS.dylib
0x000000018f89f000 	/System/Library/Frameworks/CoreVideo.framework/Versions/A/CoreVideo
0x0000000198f70000 	/System/Library/Frameworks/ApplicationServices.framework/Versions/A/Frameworks/ATS.framework/Versions/A/ATS
0x0000000197621000 	/System/Library/Frameworks/ApplicationServices.framework/Versions/A/Frameworks/PrintCore.framework/Versions/A/PrintCore
0x0000000199332000 	/System/Library/Frameworks/ApplicationServices.framework/Versions/A/Frameworks/QD.framework/Versions/A/QD
0x000000019932d000 	/System/Library/Frameworks/ApplicationServices.framework/Versions/A/Frameworks/ColorSyncLegacy.framework/Versions/A/ColorSyncLegacy
0x0000000198f42000 	/System/Library/Frameworks/ApplicationServices.framework/Versions/A/Frameworks/SpeechSynthesis.framework/Versions/A/SpeechSynthesis
0x0000000191a75000 	/System/Library/PrivateFrameworks/FontServices.framework/libFontParser.dylib
0x00000001a0ffd000 	/System/Library/PrivateFrameworks/BackBoardServices.framework/Versions/A/BackBoardServices
0x000000023b801000 	/System/Library/PrivateFrameworks/BackBoardHIDEventFoundation.framework/Versions/A/BackBoardHIDEventFoundation
0x0000000187bf4000 	/System/Library/Frameworks/CoreDisplay.framework/Versions/A/CoreDisplay
0x0000000196f58000 	/System/Library/Frameworks/VideoToolbox.framework/Versions/A/VideoToolbox
0x0000000194ef2000 	/System/Library/Frameworks/MetalPerformanceShaders.framework/Versions/A/MetalPerformanceShaders
0x0000000264ced000 	/System/Library/PrivateFrameworks/ProDisplayLibrary.framework/Versions/A/ProDisplayLibrary
0x00000001a4ddd000 	/System/Library/PrivateFrameworks/IOSurfaceAccelerator.framework/Versions/A/IOSurfaceAccelerator
0x00000001915a0000 	/System/Library/PrivateFrameworks/IOAccelerator.framework/Versions/A/IOAccelerator
0x00000001918b8000 	/System/Library/Frameworks/CoreMedia.framework/Versions/A/CoreMedia
0x000000018b9bc000 	/System/Library/PrivateFrameworks/TCC.framework/Versions/A/TCC
0x0000000196f10000 	/System/Library/PrivateFrameworks/WatchdogClient.framework/Versions/A/WatchdogClient
0x00000001b1be7000 	/usr/lib/swift/libswiftCoreAudio.dylib
0x00000001cd447000 	/usr/lib/swift/libswiftCoreMedia.dylib
0x00000002845eb000 	/usr/lib/swift/libswiftVideoToolbox.dylib
0x00000001c69a8000 	/System/Library/PrivateFrameworks/BiomeStorage.framework/Versions/A/BiomeStorage
0x00000002561b3000 	/System/Library/PrivateFrameworks/IntelligencePlatformLibrary.framework/Versions/A/IntelligencePlatformLibrary
0x0000000263fec000 	/System/Library/PrivateFrameworks/PoirotSchematizer.framework/Versions/A/PoirotSchematizer
0x000000023c130000 	/System/Library/PrivateFrameworks/BiomeSync.framework/Versions/A/BiomeSync
0x000000023b8ce000 	/System/Library/PrivateFrameworks/BiomeDSL.framework/Versions/A/BiomeDSL
0x0000000264056000 	/System/Library/PrivateFrameworks/PoirotUDFs.framework/Versions/A/PoirotUDFs
0x0000000263fbb000 	/System/Library/PrivateFrameworks/PoirotSQLite.framework/Versions/A/PoirotSQLite
0x000000019f747000 	/System/Library/PrivateFrameworks/CoreTime.framework/Versions/A/CoreTime
0x0000000194d0a000 	/usr/lib/libiconv.2.dylib
0x0000000194c66000 	/usr/lib/libcharset.1.dylib
0x00000002846d1000 	/usr/lib/swift/libswift_RegexParser.dylib
0x000000023d741000 	/System/Library/PrivateFrameworks/CascadeSets.framework/Versions/A/CascadeSets
0x000000019953c000 	/System/Library/PrivateFrameworks/CorePhoneNumbers.framework/Versions/A/CorePhoneNumbers
0x0000000196cf8000 	/System/Library/PrivateFrameworks/AppleJPEG.framework/Versions/A/AppleJPEG
0x00000001966da000 	/usr/lib/libexpat.1.dylib
0x00000001974f4000 	/System/Library/Frameworks/ImageIO.framework/Versions/A/Resources/libPng.dylib
0x0000000197520000 	/System/Library/Frameworks/ImageIO.framework/Versions/A/Resources/libTIFF.dylib
0x000000019760a000 	/System/Library/Frameworks/ImageIO.framework/Versions/A/Resources/libGIF.dylib
0x0000000196d3d000 	/System/Library/Frameworks/ImageIO.framework/Versions/A/Resources/libJP2.dylib
0x00000001975b0000 	/System/Library/Frameworks/ImageIO.framework/Versions/A/Resources/libJPEG.dylib
0x00000001975a7000 	/System/Library/Frameworks/ImageIO.framework/Versions/A/Resources/libRadiance.dylib
0x000000024c991000 	/System/Library/PrivateFrameworks/GPUCompiler.framework/Versions/32023/Libraries/libllvm-flatbuffers.dylib
0x000000024729d000 	/System/Library/PrivateFrameworks/FramePacing.framework/Versions/A/FramePacing
0x00000002293c2000 	/System/Library/Frameworks/OpenGL.framework/Versions/A/Libraries/libCoreFSCache.dylib
0x00000002483de000 	/System/Library/PrivateFrameworks/GPUCompiler.framework/Versions/32023/Libraries/libGPUCompilerUtils.dylib
0x000000019f2f7000 	/System/Library/PrivateFrameworks/GraphicsServices.framework/Versions/A/GraphicsServices
0x00000001a2ed2000 	/System/Library/PrivateFrameworks/ASEProcessing.framework/Versions/A/ASEProcessing
0x00000001d2c49000 	/System/Library/PrivateFrameworks/Symbolication.framework/Versions/A/Symbolication
0x0000000263bd8000 	/System/Library/PrivateFrameworks/PhotosensitivityProcessing.framework/Versions/A/PhotosensitivityProcessing
0x0000000266d46000 	/System/Library/PrivateFrameworks/SILManager.framework/Versions/A/SILManager
0x000000019690c000 	/System/Library/PrivateFrameworks/GraphVisualizer.framework/Versions/A/GraphVisualizer
0x0000000229421000 	/System/Library/Frameworks/OpenGL.framework/Versions/A/Libraries/libGLU.dylib
0x00000002293e4000 	/System/Library/Frameworks/OpenGL.framework/Versions/A/Libraries/libGFXShared.dylib
0x00000002295b0000 	/System/Library/Frameworks/OpenGL.framework/Versions/A/Libraries/libGL.dylib
0x00000002293ed000 	/System/Library/Frameworks/OpenGL.framework/Versions/A/Libraries/libGLImage.dylib
0x00000002293e1000 	/System/Library/Frameworks/OpenGL.framework/Versions/A/Libraries/libCVMSPluginSupport.dylib
0x00000002293ca000 	/System/Library/Frameworks/OpenGL.framework/Versions/A/Libraries/libCoreVMClient.dylib
0x00000002471a8000 	/System/Library/PrivateFrameworks/FontServices.framework/Versions/A/FontServices
0x000000019691c000 	/System/Library/PrivateFrameworks/OTSVG.framework/Versions/A/OTSVG
0x000000018f3e6000 	/System/Library/Frameworks/ApplicationServices.framework/Versions/A/Frameworks/ATS.framework/Versions/A/Resources/libFontRegistry.dylib
0x0000000283751000 	/usr/lib/libhvf.dylib
0x0000000260a10000 	/System/Library/PrivateFrameworks/ParsingInternal.framework/Versions/A/ParsingInternal
0x00000002471ac000 	/System/Library/PrivateFrameworks/FontServices.framework/libXTFontStaticRegistryData.dylib
0x00000001928eb000 	/System/Library/Frameworks/MetalPerformanceShaders.framework/Versions/A/Frameworks/MPSCore.framework/Versions/A/MPSCore
0x0000000194620000 	/System/Library/Frameworks/MetalPerformanceShaders.framework/Versions/A/Frameworks/MPSImage.framework/Versions/A/MPSImage
0x0000000193ff1000 	/System/Library/Frameworks/MetalPerformanceShaders.framework/Versions/A/Frameworks/MPSNeuralNetwork.framework/Versions/A/MPSNeuralNetwork
0x0000000194429000 	/System/Library/Frameworks/MetalPerformanceShaders.framework/Versions/A/Frameworks/MPSMatrix.framework/Versions/A/MPSMatrix
0x000000019423e000 	/System/Library/Frameworks/MetalPerformanceShaders.framework/Versions/A/Frameworks/MPSRayIntersector.framework/Versions/A/MPSRayIntersector
0x000000019445b000 	/System/Library/Frameworks/MetalPerformanceShaders.framework/Versions/A/Frameworks/MPSNDArray.framework/Versions/A/MPSNDArray
0x000000022d559000 	/System/Library/Frameworks/MetalPerformanceShaders.framework/Versions/A/Frameworks/MPSFunctions.framework/Versions/A/MPSFunctions
0x000000022d53a000 	/System/Library/Frameworks/MetalPerformanceShaders.framework/Versions/A/Frameworks/MPSBenchmarkLoop.framework/Versions/A/MPSBenchmarkLoop
0x000000022d56e000 	/System/Library/Frameworks/MetalPerformanceShaders.framework/Versions/A/Frameworks/MPSHost.framework/Versions/A/MPSHost
0x0000000185aa5000 	/System/Library/PrivateFrameworks/MetalTools.framework/Versions/A/MetalTools
0x00000001b6d72000 	/System/Library/PrivateFrameworks/IOAccelMemoryInfo.framework/Versions/A/IOAccelMemoryInfo
0x00000001c4f78000 	/System/Library/PrivateFrameworks/kperf.framework/Versions/A/kperf
0x00000001b1be3000 	/System/Library/PrivateFrameworks/GPURawCounter.framework/Versions/A/GPURawCounter
0x000000019f630000 	/System/Library/PrivateFrameworks/CoreSymbolication.framework/Versions/A/CoreSymbolication
0x00000001b1b5a000 	/System/Library/PrivateFrameworks/MallocStackLogging.framework/Versions/A/MallocStackLogging
0x000000019f60d000 	/System/Library/PrivateFrameworks/DebugSymbols.framework/Versions/A/DebugSymbols
0x00000001c37de000 	/System/Library/PrivateFrameworks/OSAnalytics.framework/Versions/A/OSAnalytics
0x0000000245095000 	/System/Library/PrivateFrameworks/DeviceRecovery.framework/Versions/A/DeviceRecovery
0x000000022b370000 	/System/Library/Frameworks/ExtensionFoundation.framework/Versions/A/ExtensionFoundation
0x000000019695d000 	/System/Library/PrivateFrameworks/AppServerSupport.framework/Versions/A/AppServerSupport
0x000000022c6d8000 	/System/Library/Frameworks/LightweightCodeRequirements.framework/Versions/A/LightweightCodeRequirements
0x00000001965d9000 	/System/Library/PrivateFrameworks/PlugInKit.framework/Versions/A/PlugInKit
0x0000000193e5f000 	/System/Library/PrivateFrameworks/AssertionServices.framework/Versions/A/AssertionServices
0x00000001966ff000 	/System/Library/PrivateFrameworks/IconFoundation.framework/Versions/A/IconFoundation
0x00000002530b5000 	/System/Library/PrivateFrameworks/IconRendering.framework/Versions/A/IconRendering
0x0000000266cbe000 	/System/Library/PrivateFrameworks/SFSymbols.framework/Versions/A/SFSymbols
0x0000000187d18000 	/System/Library/PrivateFrameworks/AudioToolboxCore.framework/Versions/A/AudioToolboxCore
0x0000000198eaa000 	/System/Library/PrivateFrameworks/AudioSession.framework/Versions/A/AudioSession
0x00000001a411e000 	/System/Library/Frameworks/CoreMIDI.framework/Versions/A/CoreMIDI
0x0000000198f29000 	/usr/lib/libAudioStatistics.dylib
0x000000019188f000 	/System/Library/PrivateFrameworks/caulk.framework/Versions/A/caulk
0x00000001974ce000 	/usr/lib/libAudioToolboxUtility.dylib
0x00000001b8398000 	/usr/lib/swift/libswiftCoreMIDI.dylib
0x000000019933b000 	/System/Library/PrivateFrameworks/perfdata.framework/Versions/A/perfdata
0x00000001b0c01000 	/System/Library/PrivateFrameworks/SystemPolicy.framework/Versions/A/SystemPolicy
0x00000001991e0000 	/usr/lib/libSMC.dylib
0x0000000199349000 	/usr/lib/libperfcheck.dylib
0x000000023b215000 	/System/Library/PrivateFrameworks/AudioAnalytics.framework/Versions/A/AudioAnalytics
0x0000000284694000 	/usr/lib/swift/libswift_DarwinFoundation2.dylib
0x0000000284695000 	/usr/lib/swift/libswift_DarwinFoundation3.dylib
0x00000001d7177000 	/System/Library/Frameworks/OSLog.framework/Versions/A/OSLog
0x00000001b1b8c000 	/usr/lib/libmis.dylib
0x000000019681d000 	/System/Library/PrivateFrameworks/MediaExperience.framework/Versions/A/MediaExperience
0x0000000198c78000 	/System/Library/PrivateFrameworks/AudioSession.framework/libSessionUtility.dylib
0x0000000197610000 	/System/Library/PrivateFrameworks/CMCaptureCore.framework/Versions/A/CMCaptureCore
0x000000019e1c1000 	/System/Library/Frameworks/CoreBluetooth.framework/Versions/A/CoreBluetooth
0x0000000193ccb000 	/System/Library/PrivateFrameworks/CoreUtils.framework/Versions/A/CoreUtils
0x00000001a9b41000 	/System/Library/PrivateFrameworks/HID.framework/Versions/A/HID
0x0000000244492000 	/System/Library/PrivateFrameworks/CoreUtilsExtras.framework/Versions/A/CoreUtilsExtras
0x000000025300a000 	/System/Library/PrivateFrameworks/IO80211.framework/Versions/A/IO80211
0x000000019abfa000 	/System/Library/Frameworks/IOBluetooth.framework/Versions/A/IOBluetooth
0x000000023ae03000 	/System/Library/PrivateFrameworks/ArgumentParserInternal.framework/Versions/A/ArgumentParserInternal
0x0000000196479000 	/usr/lib/libIOReport.dylib
0x0000000193e6e000 	/System/Library/Frameworks/SecurityFoundation.framework/Versions/A/SecurityFoundation
0x0000000186469000 	/System/Library/PrivateFrameworks/Lexicon.framework/Versions/A/Lexicon
0x0000000193fd9000 	/usr/lib/libgermantok.dylib
0x0000000192ad7000 	/System/Library/PrivateFrameworks/LinguisticData.framework/Versions/A/LinguisticData
0x000000019e3c9000 	/System/Library/PrivateFrameworks/MediaKit.framework/Versions/A/MediaKit
0x000000019e314000 	/System/Library/Frameworks/DiscRecording.framework/Versions/A/DiscRecording
0x00000001966f5000 	/usr/lib/libheimdal-asn1.dylib
0x00000001a1cf0000 	/System/Library/Frameworks/AudioUnit.framework/Versions/A/AudioUnit
0x000000018f705000 	/System/Library/Frameworks/OpenDirectory.framework/Versions/A/OpenDirectory
0x000000018f713000 	/System/Library/Frameworks/OpenDirectory.framework/Versions/A/Frameworks/CFOpenDirectory.framework/Versions/A/CFOpenDirectory
0x0000000229934000 	/System/Library/Frameworks/AVFAudio.framework/Versions/A/AVFAudio
0x00000001aab12000 	/usr/lib/libAccessibility.dylib
0x0000000256d5a000 	/System/Library/PrivateFrameworks/IsolatedCoreAudioClient.framework/Versions/A/IsolatedCoreAudioClient
0x0000000274b94000 	/System/Library/PrivateFrameworks/Tightbeam.framework/Versions/A/Tightbeam
0x0000000240390000 	/System/Library/PrivateFrameworks/CoreAudioOrchestration.framework/Versions/A/CoreAudioOrchestration
0x00000001c9b52000 	/System/Library/PrivateFrameworks/AFKUser.framework/Versions/A/AFKUser
0x000000019d463000 	/System/Library/Frameworks/MediaAccessibility.framework/Versions/A/MediaAccessibility
0x0000000278db3000 	/System/Library/PrivateFrameworks/VideoToolboxParavirtualizationSupport.framework/Versions/A/VideoToolboxParavirtualizationSupport
0x0000000196691000 	/System/Library/PrivateFrameworks/AppleVA.framework/Versions/A/AppleVA
0x00000001975a2000 	/System/Library/PrivateFrameworks/GPUWrangler.framework/Versions/A/GPUWrangler
0x0000000197582000 	/System/Library/PrivateFrameworks/IOPresentment.framework/Versions/A/IOPresentment
0x00000001975aa000 	/System/Library/PrivateFrameworks/DSExternalDisplay.framework/Versions/A/DSExternalDisplay
0x000000023ac5a000 	/System/Library/PrivateFrameworks/AppleMobileFileIntegrity.framework/Versions/A/AppleMobileFileIntegrity
0x00000002832ce000 	/usr/lib/libTLE.dylib
0x00000001e847d000 	/System/Library/PrivateFrameworks/ConfigProfileHelper.framework/Versions/A/ConfigProfileHelper
0x00000001dd28a000 	/usr/lib/libedit.3.dylib
0x00000002582da000 	/System/Library/PrivateFrameworks/MIL.framework/Versions/A/MIL
0x00000001b6d35000 	/usr/lib/libncurses.5.4.dylib
0x0000000193c00000 	/System/Library/PrivateFrameworks/CoreEmoji.framework/Versions/A/CoreEmoji
0x0000000186785000 	/usr/lib/libCRFSuite.dylib
0x00000001929b5000 	/System/Library/PrivateFrameworks/CoreNLP.framework/Versions/A/CoreNLP
0x0000000193f78000 	/usr/lib/libmecab.dylib
0x0000000194e85000 	/usr/lib/libThaiTokenizer.dylib
0x00000001d7642000 	/System/Library/PrivateFrameworks/HIDDisplay.framework/Versions/A/HIDDisplay
0x00000001975dc000 	/System/Library/Frameworks/ApplicationServices.framework/Versions/A/Frameworks/ATSUI.framework/Versions/A/ATSUI
0x00000001992c1000 	/usr/lib/libcups.2.dylib
0x0000000199357000 	/System/Library/Frameworks/Kerberos.framework/Versions/A/Kerberos
0x0000000198fb8000 	/usr/lib/libresolv.9.dylib
0x0000000196971000 	/System/Library/PrivateFrameworks/Heimdal.framework/Versions/A/Heimdal
0x00000001a1cef000 	/System/Library/Frameworks/Kerberos.framework/Versions/A/Libraries/libHeimdalProxy.dylib
0x00000001993bb000 	/System/Library/PrivateFrameworks/CommonAuth.framework/Versions/A/CommonAuth
0x00000001aaa0d000 	/System/Library/PrivateFrameworks/AXCoreUtilities.framework/Versions/A/AXCoreUtilities
0x0000000282ce7000 	/usr/lib/libAXSafeCategoryBundle.dylib
0x0000000193ac6000 	/System/Library/Frameworks/Accelerate.framework/Versions/A/Frameworks/vecLib.framework/Versions/A/libvDSP.dylib
0x0000000194fd2000 	/System/Library/Frameworks/Accelerate.framework/Versions/A/Frameworks/vecLib.framework/Versions/A/libLAPACK.dylib
0x0000000193fdc000 	/System/Library/Frameworks/Accelerate.framework/Versions/A/Frameworks/vecLib.framework/Versions/A/libLinearAlgebra.dylib
0x0000000194ecb000 	/System/Library/Frameworks/Accelerate.framework/Versions/A/Frameworks/vecLib.framework/Versions/A/libSparseBLAS.dylib
0x0000000194fcd000 	/System/Library/Frameworks/Accelerate.framework/Versions/A/Frameworks/vecLib.framework/Versions/A/libQuadrature.dylib
0x0000000192ade000 	/System/Library/Frameworks/Accelerate.framework/Versions/A/Frameworks/vecLib.framework/Versions/A/libBNNS.dylib
0x000000018657e000 	/System/Library/Frameworks/Accelerate.framework/Versions/A/Frameworks/vecLib.framework/Versions/A/libSparse.dylib
0x0000000199320000 	/System/Library/PrivateFrameworks/NetAuth.framework/Versions/A/NetAuth
0x000000018f924000 	/System/Library/PrivateFrameworks/login.framework/Versions/A/Frameworks/loginsupport.framework/Versions/A/loginsupport
0x0000000193f42000 	/usr/lib/libCheckFix.dylib
0x000000018ea91000 	/System/Library/PrivateFrameworks/MetadataUtilities.framework/Versions/A/MetadataUtilities
0x0000000253ad2000 	/System/Library/PrivateFrameworks/InstalledContentLibrary.framework/Versions/A/InstalledContentLibrary
0x00000001894ff000 	/System/Library/PrivateFrameworks/CoreServicesStore.framework/Versions/A/CoreServicesStore
0x00000001c507f000 	/System/Library/PrivateFrameworks/MobileSystemServices.framework/Versions/A/MobileSystemServices
0x000000019633a000 	/usr/lib/libxslt.1.dylib
0x0000000193f01000 	/System/Library/PrivateFrameworks/BackgroundTaskManagement.framework/Versions/A/BackgroundTaskManagement
0x00000001a1399000 	/usr/lib/libcurl.4.dylib
0x0000000283507000 	/usr/lib/libcrypto.46.dylib
0x0000000284127000 	/usr/lib/libssl.48.dylib
0x00000001a106f000 	/System/Library/Frameworks/LDAP.framework/Versions/A/LDAP
0x00000001a10ab000 	/System/Library/PrivateFrameworks/TrustEvaluationAgent.framework/Versions/A/TrustEvaluationAgent
0x0000000198fd5000 	/usr/lib/libsasl2.2.dylib
0x00000001aeaad000 	/usr/lib/swift/libswiftCoreGraphics.dylib
0x000000019db5f000 	/usr/lib/swift/libswiftFoundation.dylib
0x00000001e7e39000 	/usr/lib/swift/libswiftSwiftOnoneSupport.dylib
0x0000000284806000 	/usr/lib/swift/libswiftsys_time.dylib
0x00000001d3406000 	/System/Library/PrivateFrameworks/CoreMaterial.framework/Versions/A/CoreMaterial
0x000000028454c000 	/usr/lib/swift/libswiftSpatial.dylib
0x00000002832cb000 	/usr/lib/libSpatial.dylib
0x0000000282c05000 	/System/Library/SubFrameworks/UIUtilities.framework/Versions/A/UIUtilities
0x0000000109a38000 	/opt/homebrew/Cellar/openjdk@11/11.0.24/libexec/openjdk.jdk/Contents/Home/lib/server/libjvm.dylib
0x00000001041b0000 	/opt/homebrew/Cellar/openjdk@11/11.0.24/libexec/openjdk.jdk/Contents/Home/lib/libverify.dylib
0x0000000104200000 	/opt/homebrew/Cellar/openjdk@11/11.0.24/libexec/openjdk.jdk/Contents/Home/lib/libjava.dylib
0x00000001041c8000 	/opt/homebrew/Cellar/openjdk@11/11.0.24/libexec/openjdk.jdk/Contents/Home/lib/libjimage.dylib
0x0000000104238000 	/opt/homebrew/Cellar/openjdk@11/11.0.24/libexec/openjdk.jdk/Contents/Home/lib/libinstrument.dylib
0x0000000104294000 	/opt/homebrew/Cellar/openjdk@11/11.0.24/libexec/openjdk.jdk/Contents/Home/lib/libzip.dylib
0x0000000104530000 	/opt/homebrew/Cellar/openjdk@11/11.0.24/libexec/openjdk.jdk/Contents/Home/lib/libnio.dylib
0x0000000104574000 	/opt/homebrew/Cellar/openjdk@11/11.0.24/libexec/openjdk.jdk/Contents/Home/lib/libnet.dylib
0x0000000104520000 	/Users/sav/.gradle/native/c067742578af261105cb4f569cf0c3c89f3d7b1fecec35dd04571415982c5e48/osx-aarch64/libnative-platform.dylib
0x000000011b6bc000 	/Users/sav/.gradle/native/38dada09dfb8b06ba9b0570ebf7e218e3eb74d4ef43ca46872605cf95ebc2f47/osx-aarch64/libnative-platform-file-events.dylib
0x00000001047f4000 	/opt/homebrew/Cellar/openjdk@11/11.0.24/libexec/openjdk.jdk/Contents/Home/lib/libmanagement.dylib
0x0000000104808000 	/opt/homebrew/Cellar/openjdk@11/11.0.24/libexec/openjdk.jdk/Contents/Home/lib/libmanagement_ext.dylib
0x000000011b64c000 	/opt/homebrew/Cellar/openjdk@11/11.0.24/libexec/openjdk.jdk/Contents/Home/lib/libextnet.dylib
0x000000012f880000 	/opt/homebrew/Cellar/openjdk@11/11.0.24/libexec/openjdk.jdk/Contents/Home/lib/libawt.dylib
0x000000012f91c000 	/opt/homebrew/Cellar/openjdk@11/11.0.24/libexec/openjdk.jdk/Contents/Home/lib/libmlib_image.dylib
0x000000022c6cf000 	/System/Library/Frameworks/JavaRuntimeSupport.framework/Versions/A/JavaRuntimeSupport
0x00000001b05d2000 	/System/Library/Frameworks/Carbon.framework/Versions/A/Carbon
0x00000001a6909000 	/System/Library/Frameworks/Carbon.framework/Versions/A/Frameworks/CommonPanels.framework/Versions/A/CommonPanels
0x00000001a1384000 	/System/Library/Frameworks/Carbon.framework/Versions/A/Frameworks/Help.framework/Versions/A/Help
0x00000001a690d000 	/System/Library/Frameworks/Carbon.framework/Versions/A/Frameworks/ImageCapture.framework/Versions/A/ImageCapture
0x00000001a68e8000 	/System/Library/Frameworks/Carbon.framework/Versions/A/Frameworks/OpenScripting.framework/Versions/A/OpenScripting
0x00000001a6908000 	/System/Library/Frameworks/Carbon.framework/Versions/A/Frameworks/Ink.framework/Versions/A/Ink
0x00000001a6905000 	/System/Library/Frameworks/Carbon.framework/Versions/A/Frameworks/SecurityHI.framework/Versions/A/SecurityHI
0x0000000283129000 	/usr/lib/libInterpreterSecurity.dylib
0x00000001c6cb8000 	/System/Library/PrivateFrameworks/XprotectFramework.framework/Versions/A/XprotectFramework
0x00000001a9e56000 	/System/Library/PrivateFrameworks/yara.framework/Versions/A/yara
0x00000002830a5000 	/usr/lib/libEndpointSecuritySystem.dylib
0x000000012fa60000 	/opt/homebrew/Cellar/openjdk@11/11.0.24/libexec/openjdk.jdk/Contents/Home/lib/libawt_lwawt.dylib
0x000000011edac000 	/opt/homebrew/Cellar/openjdk@11/11.0.24/libexec/openjdk.jdk/Contents/Home/lib/libosxapp.dylib
0x00000001aeb14000 	/System/Library/Frameworks/ExceptionHandling.framework/Versions/A/ExceptionHandling
0x000000011b670000 	/opt/homebrew/Cellar/openjdk@11/11.0.24/libexec/openjdk.jdk/Contents/Home/lib/libfontmanager.dylib
0x000000012fc70000 	/opt/homebrew/Cellar/harfbuzz/10.2.0/lib/libharfbuzz.0.dylib
0x000000012fb4c000 	/opt/homebrew/Cellar/freetype/2.14.1_1/lib/libfreetype.6.dylib
0x000000012febc000 	/opt/homebrew/Cellar/glib/2.82.4/lib/libglib-2.0.0.dylib
0x000000011b68c000 	/opt/homebrew/Cellar/graphite2/1.3.14/lib/libgraphite2.3.2.1.dylib
0x000000012f838000 	/opt/homebrew/Cellar/libpng/1.6.54/lib/libpng16.16.dylib
0x000000012f9b4000 	/opt/homebrew/Cellar/gettext/0.26_1/lib/libintl.8.dylib
0x000000012fe24000 	/opt/homebrew/Cellar/pcre2/10.47/lib/libpcre2-8.0.dylib
0x000000012f814000 	/opt/homebrew/Cellar/openjdk@11/11.0.24/libexec/openjdk.jdk/Contents/Home/lib/librmi.dylib
0x000000012f9ec000 	/opt/homebrew/Cellar/openjdk@11/11.0.24/libexec/openjdk.jdk/Contents/Home/lib/libsunec.dylib


VM Arguments:
jvm_args: --add-opens=java.base/java.util=ALL-UNNAMED --add-opens=java.base/java.lang=ALL-UNNAMED --add-opens=java.base/java.lang.invoke=ALL-UNNAMED --add-opens=java.prefs/java.util.prefs=ALL-UNNAMED --add-opens=java.base/java.nio.charset=ALL-UNNAMED --add-opens=java.base/java.net=ALL-UNNAMED --add-opens=java.base/java.util.concurrent.atomic=ALL-UNNAMED -Xmx2048m -Dfile.encoding=UTF-8 -Duser.country=GB -Duser.language=en -Duser.variant -javaagent:/Users/sav/.gradle/wrapper/dists/gradle-8.5-bin/5t9huq95ubn472n8rpzujfbqh/gradle-8.5/lib/agents/gradle-instrumentation-agent-8.5.jar 
java_command: org.gradle.launcher.daemon.bootstrap.GradleDaemon 8.5
java_class_path (initial): /Users/sav/.gradle/wrapper/dists/gradle-8.5-bin/5t9huq95ubn472n8rpzujfbqh/gradle-8.5/lib/gradle-launcher-8.5.jar
Launcher Type: SUN_STANDARD

[Global flags]
     intx CICompilerCount                          = 4                                         {product} {ergonomic}
     uint ConcGCThreads                            = 2                                         {product} {ergonomic}
     uint G1ConcRefinementThreads                  = 9                                         {product} {ergonomic}
   size_t G1HeapRegionSize                         = 1048576                                   {product} {ergonomic}
    uintx GCDrainStackTargetSize                   = 64                                        {product} {ergonomic}
   size_t InitialHeapSize                          = 268435456                                 {product} {ergonomic}
   size_t MarkStackSize                            = 4194304                                   {product} {ergonomic}
   size_t MaxHeapSize                              = 2147483648                                {product} {command line}
   size_t MaxNewSize                               = 1287651328                                {product} {ergonomic}
   size_t MinHeapDeltaBytes                        = 1048576                                   {product} {ergonomic}
    uintx NonNMethodCodeHeapSize                   = 5836492                                {pd product} {ergonomic}
    uintx NonProfiledCodeHeapSize                  = 122910874                              {pd product} {ergonomic}
    uintx ProfiledCodeHeapSize                     = 122910874                              {pd product} {ergonomic}
    uintx ReservedCodeCacheSize                    = 251658240                              {pd product} {ergonomic}
     bool SegmentedCodeCache                       = true                                      {product} {ergonomic}
     bool UseCompressedClassPointers               = true                                 {lp64_product} {ergonomic}
     bool UseCompressedOops                        = true                                 {lp64_product} {ergonomic}
     bool UseG1GC                                  = true                                      {product} {ergonomic}

Logging:
Log output configuration:
 #0: stdout all=warning uptime,level,tags
 #1: stderr all=off uptime,level,tags

Environment Variables:
JAVA_HOME=/opt/homebrew/Cellar/openjdk@11/11.0.24/libexec/openjdk.jdk/Contents/Home
PATH=/Users/sav/development/flutter/bin:/opt/homebrew/Cellar/openjdk@11/11.0.24/libexec/openjdk.jdk/Contents/Home/bin:/Library/Frameworks/Python.framework/Versions/3.13/bin:/opt/homebrew/bin:/opt/homebrew/sbin:/Library/Frameworks/Python.framework/Versions/3.12/bin:/usr/local/bin:/System/Cryptexes/App/usr/bin:/usr/bin:/bin:/usr/sbin:/sbin:/var/run/com.apple.security.cryptexd/codex.system/bootstrap/usr/local/bin:/var/run/com.apple.security.cryptexd/codex.system/bootstrap/usr/bin:/var/run/com.apple.security.cryptexd/codex.system/bootstrap/usr/appleinternal/bin:/opt/pmk/env/global/bin:/opt/X11/bin:/Library/Apple/usr/bin:/Library/TeX/texbin:/Users/sav/Library/Application Support/JetBrains/Toolbox/scripts
SHELL=/bin/zsh
DISPLAY=/private/tmp/com.apple.launchd.3NoL7moIoK/org.xquartz:0
LANG=C.UTF-8
LC_CTYPE=UTF-8
TERM=xterm-256color
TMPDIR=/var/folders/c6/h6kx5ng130x_z9dx25q0rny40000gn/T/

Signal Handlers:
SIGSEGV: [libjvm.dylib+0x701eb0], sa_mask[0]=11111111011111110111111111111111, sa_flags=SA_ONSTACK|SA_RESTART|SA_SIGINFO
SIGBUS: [libjvm.dylib+0x701eb0], sa_mask[0]=11111111011111110111111111111111, sa_flags=SA_RESTART|SA_SIGINFO
SIGFPE: [libjvm.dylib+0x701eb0], sa_mask[0]=11111111011111110111111111111111, sa_flags=SA_RESTART|SA_SIGINFO
SIGPIPE: [libjvm.dylib+0x56a5bc], sa_mask[0]=11111111011111110111111111111111, sa_flags=SA_RESTART|SA_SIGINFO
SIGXFSZ: [libjvm.dylib+0x56a5bc], sa_mask[0]=11111111011111110111111111111111, sa_flags=SA_RESTART|SA_SIGINFO
SIGILL: [libjvm.dylib+0x701eb0], sa_mask[0]=11111111011111110111111111111111, sa_flags=SA_RESTART|SA_SIGINFO
SIGUSR2: [libjvm.dylib+0x56abb8], sa_mask[0]=00100000000000000000000000000000, sa_flags=SA_RESTART|SA_SIGINFO
SIGHUP: [libjvm.dylib+0x569350], sa_mask[0]=11111111011111110111111111111111, sa_flags=SA_RESTART|SA_SIGINFO
SIGINT: [libjvm.dylib+0x569350], sa_mask[0]=11111111011111110111111111111111, sa_flags=SA_RESTART|SA_SIGINFO
SIGTERM: [libjvm.dylib+0x569350], sa_mask[0]=11111111011111110111111111111111, sa_flags=SA_RESTART|SA_SIGINFO
SIGQUIT: [libjvm.dylib+0x569350], sa_mask[0]=11111111011111110111111111111111, sa_flags=SA_RESTART|SA_SIGINFO


---------------  S Y S T E M  ---------------

OS:uname:Darwin 25.3.0 Darwin Kernel Version 25.3.0: Wed Jan 28 20:54:46 PST 2026; root:xnu-12377.91.3~2/RELEASE_ARM64_T6000 arm64
OS uptime: 4 days 6:29 hours
rlimit (soft/hard): STACK 8176k/65520k , CORE 0k/infinity , NPROC 2666/4000 , NOFILE 12544/infinity , AS infinity/infinity , CPU infinity/infinity , DATA infinity/infinity , FSIZE infinity/infinity , MEMLOCK infinity/infinity , RSS infinity/infinity
load average:10.02 9.28 9.40

CPU:total 10 (initial active 10) 0x61:0x0:0x1b588bb3:0, simd, crc, lse

Memory: 16k page, physical 16777216k(111712k free), swap 6291456k(963008k free)

vm_info: OpenJDK 64-Bit Server VM (11.0.24+0) for bsd-aarch64 JRE (11.0.24+0), built on Sep 30 2024 13:36:56 by "brew" with clang Homebrew Clang 19.1.0

END.
