#
# A fatal error has been detected by the Java Runtime Environment:
#
#  SIGSEGV (0xb) at pc=0x00000001064491b8, pid=27695, tid=165891
#
# JRE version: OpenJDK Runtime Environment Homebrew (11.0.24) (build 11.0.24+0)
# Java VM: OpenJDK 64-Bit Server VM Homebrew (11.0.24+0, mixed mode, tiered, compressed oops, g1 gc, bsd-aarch64)
# Problematic frame:
# V  [libjvm.dylib+0x6951b8]  ObjectSynchronizer::inflate(Thread*, oopDesc*, ObjectSynchronizer::InflateCause)+0x18c
#
# No core dump will be written. Core dumps have been disabled. To enable core dumping, try "ulimit -c unlimited" before starting Java again
#
# If you would like to submit a bug report, please visit:
#   https://github.com/Homebrew/homebrew-core/issues
#

---------------  S U M M A R Y ------------

Command Line: --add-opens=java.base/java.util=ALL-UNNAMED --add-opens=java.base/java.lang=ALL-UNNAMED --add-opens=java.base/java.lang.invoke=ALL-UNNAMED --add-opens=java.prefs/java.util.prefs=ALL-UNNAMED --add-opens=java.base/java.nio.charset=ALL-UNNAMED --add-opens=java.base/java.net=ALL-UNNAMED --add-opens=java.base/java.util.concurrent.atomic=ALL-UNNAMED -Xmx2048m -Dfile.encoding=UTF-8 -Duser.country=GB -Duser.language=en -Duser.variant -javaagent:/Users/sav/.gradle/wrapper/dists/gradle-8.5-bin/5t9huq95ubn472n8rpzujfbqh/gradle-8.5/lib/agents/gradle-instrumentation-agent-8.5.jar org.gradle.launcher.daemon.bootstrap.GradleDaemon 8.5

Host: MacBookPro18,3 arm64 1 MHz, 10 cores, 16G, Darwin 25.3.0
Time: Wed Mar 11 21:23:52 2026 CET elapsed time: 7.652726 seconds (0d 0h 0m 7s)

---------------  T H R E A D  ---------------

Current thread (0x0000000921af3000):  JavaThread "WorkerExecutor Queue Thread 6" [_thread_in_vm, id=165891, stack(0x000000030665c000,0x000000030685f000)]

Stack: [0x000000030665c000,0x000000030685f000],  sp=0x000000030685c010,  free space=2048k
Native frames: (J=compiled Java code, A=aot compiled Java code, j=interpreted, Vv=VM code, C=native code)
V  [libjvm.dylib+0x6951b8]  ObjectSynchronizer::inflate(Thread*, oopDesc*, ObjectSynchronizer::InflateCause)+0x18c
V  [libjvm.dylib+0x694fa0]  ObjectSynchronizer::slow_enter(Handle, BasicLock*, Thread*)+0xc8
V  [libjvm.dylib+0x5e9510]  SharedRuntime::monitor_enter_helper(oopDesc*, BasicLock*, JavaThread*, bool)+0xdc
V  [libjvm.dylib+0x5e957c]  SharedRuntime::complete_monitor_locking_C(oopDesc*, BasicLock*, JavaThread*)+0x50
v  ~RuntimeStub::_complete_monitor_locking_Java
V  [libjvm.dylib+0x32c20c]  JavaCalls::call_helper(JavaValue*, methodHandle const&, JavaCallArguments*, Thread*)+0x2d8
V  [libjvm.dylib+0x32b57c]  JavaCalls::call_virtual(JavaValue*, Klass*, Symbol*, Symbol*, JavaCallArguments*, Thread*)+0xec
V  [libjvm.dylib+0x32b6d4]  JavaCalls::call_virtual(JavaValue*, Handle, Klass*, Symbol*, Symbol*, Handle, Thread*)+0x68
V  [libjvm.dylib+0x6991c4]  SystemDictionary::load_instance_class(Symbol*, Handle, Thread*)+0xf0
V  [libjvm.dylib+0x698510]  SystemDictionary::resolve_instance_class_or_null(Symbol*, Handle, Handle, Thread*)+0x424
V  [libjvm.dylib+0x697cd8]  SystemDictionary::resolve_or_fail(Symbol*, Handle, Handle, bool, Thread*)+0x24
V  [libjvm.dylib+0x1f30e8]  ConstantPool::klass_at_impl(constantPoolHandle const&, int, bool, Thread*)+0x124
V  [libjvm.dylib+0x1f39c4]  ConstantPool::klass_at(int, Thread*)+0x64
V  [libjvm.dylib+0x48bcec]  LinkInfo::LinkInfo(constantPoolHandle const&, int, Thread*)+0x44
V  [libjvm.dylib+0x48f5bc]  LinkResolver::resolve_invokestatic(CallInfo&, constantPoolHandle const&, int, Thread*)+0x28
V  [libjvm.dylib+0x325fa4]  InterpreterRuntime::resolve_invoke(JavaThread*, Bytecodes::Code)+0x1d8
V  [libjvm.dylib+0x326544]  InterpreterRuntime::resolve_from_cache(JavaThread*, Bytecodes::Code)+0x6c
j  com.android.tools.r8.internal.QX.<init>()V+151
j  com.android.tools.r8.graph.g.<init>(Lcom/android/tools/r8/graph/d;ILcom/android/tools/r8/internal/v40;Lcom/android/tools/r8/internal/H20;)V+73
j  com.android.tools.r8.graph.g.a(Lcom/android/tools/r8/graph/d;Lcom/android/tools/r8/internal/v40;Lcom/android/tools/r8/internal/H20;)Lcom/android/tools/r8/graph/g;+8
j  com.android.tools.r8.D8.a(Lcom/android/tools/r8/graph/d;Lcom/android/tools/r8/internal/v40;Lcom/android/tools/r8/internal/H20;)Lcom/android/tools/r8/graph/g;+3
j  com.android.tools.r8.D8$$Lambda$2088.get()Ljava/lang/Object;+12
j  com.android.tools.r8.internal.H20.a(Ljava/lang/String;Lcom/android/tools/r8/internal/x20;)Ljava/lang/Object;+6
j  com.android.tools.r8.D8.a(Lcom/android/tools/r8/utils/j;Lcom/android/tools/r8/internal/Aw;Ljava/util/concurrent/ExecutorService;Lcom/android/tools/r8/internal/H20;)Lcom/android/tools/r8/graph/g;+80
j  com.android.tools.r8.D8.d(Lcom/android/tools/r8/utils/j;Lcom/android/tools/r8/internal/Aw;Ljava/util/concurrent/ExecutorService;)V+198
j  com.android.tools.r8.D8.b(Lcom/android/tools/r8/utils/j;Lcom/android/tools/r8/internal/Aw;Ljava/util/concurrent/ExecutorService;)V+3
j  com.android.tools.r8.D8$$Lambda$1939.run()V+12
j  com.android.tools.r8.internal.vk.a(Lcom/android/tools/r8/internal/GV;Lcom/android/tools/r8/internal/vk$a;)V+2
j  com.android.tools.r8.internal.vk.b(Lcom/android/tools/r8/internal/GV;Lcom/android/tools/r8/internal/vk$a;)V+2
j  com.android.tools.r8.D8.run(Lcom/android/tools/r8/D8Command;Ljava/util/concurrent/ExecutorService;)V+22
j  com.android.builder.dexing.D8DexArchiveBuilder.convert(Ljava/util/stream/Stream;Ljava/nio/file/Path;Lcom/android/builder/dexing/DependencyGraphUpdater;)V+289
j  com.android.build.gradle.internal.dexing.DexWorkActionKt.process(Lcom/android/builder/dexing/DexArchiveBuilder;Lcom/android/builder/dexing/ClassBucket;Lkotlin/jvm/functions/Function2;Ljava/io/File;Lcom/android/builder/dexing/DependencyGraphUpdater;)V+158
j  com.android.build.gradle.internal.dexing.DexWorkActionKt.processNonIncrementally(Lcom/android/builder/dexing/DexArchiveBuilder;Lcom/android/build/gradle/internal/dexing/DexWorkActionParams;)V+62
j  com.android.build.gradle.internal.dexing.DexWorkActionKt.launchProcessing(Lcom/android/build/gradle/internal/dexing/DexWorkActionParams;Lcom/android/ide/common/blame/MessageReceiver;)V+46
j  com.android.build.gradle.internal.dexing.DexWorkAction.run()V+62
j  com.android.build.gradle.internal.profile.ProfileAwareWorkAction.execute()V+70
j  org.gradle.workers.internal.DefaultWorkerServer.execute(Lorg/gradle/workers/internal/SimpleActionExecutionSpec;)Lorg/gradle/workers/internal/DefaultWorkResult;+128
j  org.gradle.workers.internal.NoIsolationWorkerFactory$1$1.create()Lorg/gradle/workers/internal/DefaultWorkResult;+29
j  org.gradle.workers.internal.NoIsolationWorkerFactory$1$1.create()Ljava/lang/Object;+1
j  org.gradle.internal.classloader.ClassLoaderUtils.executeInClassloader(Ljava/lang/ClassLoader;Lorg/gradle/internal/Factory;)Ljava/lang/Object;+15
j  org.gradle.workers.internal.NoIsolationWorkerFactory$1.lambda$execute$0(Ljava/lang/ClassLoader;Lorg/gradle/workers/WorkerExecutor;Lorg/gradle/workers/internal/IsolatedParametersActionExecutionSpec;)Lorg/gradle/workers/internal/DefaultWorkResult;+10
j  org.gradle.workers.internal.NoIsolationWorkerFactory$1$$Lambda$1692.execute(Lorg/gradle/workers/internal/IsolatedParametersActionExecutionSpec;)Lorg/gradle/workers/internal/DefaultWorkResult;+13
j  org.gradle.workers.internal.AbstractWorker$1.call(Lorg/gradle/internal/operations/BuildOperationContext;)Lorg/gradle/workers/internal/DefaultWorkResult;+8
j  org.gradle.workers.internal.AbstractWorker$1.call(Lorg/gradle/internal/operations/BuildOperationContext;)Ljava/lang/Object;+2
J 10236 c1 org.gradle.internal.operations.DefaultBuildOperationRunner$CallableBuildOperationWorker.execute(Lorg/gradle/internal/operations/BuildOperation;Lorg/gradle/internal/operations/BuildOperationContext;)V (10 bytes) @ 0x0000000110c4de20 [0x0000000110c4dd40+0x00000000000000e0]
J 10263 c1 org.gradle.internal.operations.DefaultBuildOperationRunner$2.execute(Lorg/gradle/internal/operations/BuildOperationDescriptor;Lorg/gradle/internal/operations/BuildOperationState;Lorg/gradle/internal/operations/BuildOperationState;Lorg/gradle/internal/operations/DefaultBuildOperationRunner$ReadableBuildOperationContext;Lorg/gradle/internal/operations/DefaultBuildOperationRunner$BuildOperationExecutionListener;)Lorg/gradle/internal/operations/BuildOperation; (110 bytes) @ 0x0000000110c54518 [0x0000000110c54440+0x00000000000000d8]
J 10262 c1 org.gradle.internal.operations.DefaultBuildOperationRunner$2.execute(Lorg/gradle/internal/operations/BuildOperationDescriptor;Lorg/gradle/internal/operations/BuildOperationState;Lorg/gradle/internal/operations/BuildOperationState;Lorg/gradle/internal/operations/DefaultBuildOperationRunner$ReadableBuildOperationContext;Lorg/gradle/internal/operations/DefaultBuildOperationRunner$BuildOperationExecutionListener;)Ljava/lang/Object; (12 bytes) @ 0x0000000110c5533c [0x0000000110c552c0+0x000000000000007c]
J 10251 c1 org.gradle.internal.operations.DefaultBuildOperationRunner.execute(Lorg/gradle/internal/operations/BuildOperationDescriptor$Builder;Lorg/gradle/internal/operations/BuildOperationState;Lorg/gradle/internal/operations/DefaultBuildOperationRunner$BuildOperationExecution;)Ljava/lang/Object; (147 bytes) @ 0x0000000110c511b8 [0x0000000110c50c80+0x0000000000000538]
J 8171 c1 org.gradle.internal.operations.DefaultBuildOperationRunner.call(Lorg/gradle/internal/operations/CallableBuildOperation;)Ljava/lang/Object; (24 bytes) @ 0x0000000110800298 [0x00000001107ffb40+0x0000000000000758]
J 8170 c1 org.gradle.internal.operations.DefaultBuildOperationExecutor.call(Lorg/gradle/internal/operations/CallableBuildOperation;)Ljava/lang/Object; (11 bytes) @ 0x00000001107ff678 [0x00000001107ff540+0x0000000000000138]
j  org.gradle.workers.internal.AbstractWorker.executeWrappedInBuildOperation(Lorg/gradle/workers/internal/IsolatedParametersActionExecutionSpec;Lorg/gradle/internal/operations/BuildOperationRef;Lorg/gradle/workers/internal/AbstractWorker$Work;)Lorg/gradle/workers/internal/DefaultWorkResult;+15
j  org.gradle.workers.internal.NoIsolationWorkerFactory$1.execute(Lorg/gradle/workers/internal/IsolatedParametersActionExecutionSpec;Lorg/gradle/internal/operations/BuildOperationRef;)Lorg/gradle/workers/internal/DefaultWorkResult;+17
j  org.gradle.workers.internal.DefaultWorkerExecutor.lambda$submitWork$0(Lorg/gradle/workers/internal/WorkerFactory;Lorg/gradle/workers/internal/WorkerRequirement;Lorg/gradle/workers/internal/IsolatedParametersActionExecutionSpec;Lorg/gradle/internal/operations/BuildOperationRef;)Lorg/gradle/workers/internal/DefaultWorkResult;+13
j  org.gradle.workers.internal.DefaultWorkerExecutor$$Lambda$1691.call()Ljava/lang/Object;+16
J 5307 c1 java.util.concurrent.FutureTask.run()V java.base@11.0.24 (123 bytes) @ 0x00000001101600ac [0x000000011015ff00+0x00000000000001ac]
j  org.gradle.internal.work.DefaultConditionalExecutionQueue$ExecutionRunner.runExecution(Lorg/gradle/internal/work/ConditionalExecution;)V+6
j  org.gradle.internal.work.DefaultConditionalExecutionQueue$ExecutionRunner.access$700(Lorg/gradle/internal/work/DefaultConditionalExecutionQueue$ExecutionRunner;Lorg/gradle/internal/work/ConditionalExecution;)V+2
j  org.gradle.internal.work.DefaultConditionalExecutionQueue$ExecutionRunner$1.run()V+14
j  org.gradle.internal.Factories$1.create()Ljava/lang/Object;+4
j  org.gradle.internal.work.DefaultWorkerLeaseService.withLocks(Ljava/util/Collection;Lorg/gradle/internal/Factory;)Ljava/lang/Object;+28
j  org.gradle.internal.work.DefaultWorkerLeaseService.runAsWorkerThread(Lorg/gradle/internal/Factory;)Ljava/lang/Object;+33
j  org.gradle.internal.work.DefaultWorkerLeaseService.runAsWorkerThread(Ljava/lang/Runnable;)V+5
j  org.gradle.internal.work.DefaultConditionalExecutionQueue$ExecutionRunner.runBatch(Lorg/gradle/internal/work/ConditionalExecution;)V+16
j  org.gradle.internal.work.DefaultConditionalExecutionQueue$ExecutionRunner.run()V+11
j  java.util.concurrent.Executors$RunnableAdapter.call()Ljava/lang/Object;+4 java.base@11.0.24
J 5307 c1 java.util.concurrent.FutureTask.run()V java.base@11.0.24 (123 bytes) @ 0x00000001101600ac [0x000000011015ff00+0x00000000000001ac]
J 11294 c1 org.gradle.internal.concurrent.AbstractManagedExecutor$1.run()V (57 bytes) @ 0x0000000110e26e90 [0x0000000110e26d80+0x0000000000000110]
j  java.util.concurrent.ThreadPoolExecutor.runWorker(Ljava/util/concurrent/ThreadPoolExecutor$Worker;)V+92 java.base@11.0.24
j  java.util.concurrent.ThreadPoolExecutor$Worker.run()V+5 java.base@11.0.24
j  java.lang.Thread.run()V+11 java.base@11.0.24
v  ~StubRoutines::call_stub
V  [libjvm.dylib+0x32c20c]  JavaCalls::call_helper(JavaValue*, methodHandle const&, JavaCallArguments*, Thread*)+0x2d8
V  [libjvm.dylib+0x32b57c]  JavaCalls::call_virtual(JavaValue*, Klass*, Symbol*, Symbol*, JavaCallArguments*, Thread*)+0xec
V  [libjvm.dylib+0x32b644]  JavaCalls::call_virtual(JavaValue*, Handle, Klass*, Symbol*, Symbol*, Thread*)+0x64
V  [libjvm.dylib+0x3bbd34]  thread_entry(JavaThread*, Thread*)+0x78
V  [libjvm.dylib+0x6bc054]  JavaThread::thread_main_inner()+0x80
V  [libjvm.dylib+0x6bbe98]  JavaThread::run()+0x190
V  [libjvm.dylib+0x6b9b98]  Thread::call_run()+0x7c
V  [libjvm.dylib+0x56809c]  thread_native_entry(Thread*)+0x118
C  [libsystem_pthread.dylib+0x6c08]  _pthread_start+0x88

Java frames: (J=compiled Java code, j=interpreted, Vv=VM code)
v  ~RuntimeStub::_complete_monitor_locking_Java
J 7332 c2 java.lang.ClassLoader.loadClass(Ljava/lang/String;Z)Ljava/lang/Class; java.base@11.0.24 (122 bytes) @ 0x0000000116f63cd4 [0x0000000116f63700+0x00000000000005d4]
J 2756 c2 java.lang.ClassLoader.loadClass(Ljava/lang/String;)Ljava/lang/Class; java.base@11.0.24 (7 bytes) @ 0x0000000116d2a608 [0x0000000116d2a5c0+0x0000000000000048]
v  ~StubRoutines::call_stub
j  com.android.tools.r8.internal.QX.<init>()V+151
j  com.android.tools.r8.graph.g.<init>(Lcom/android/tools/r8/graph/d;ILcom/android/tools/r8/internal/v40;Lcom/android/tools/r8/internal/H20;)V+73
j  com.android.tools.r8.graph.g.a(Lcom/android/tools/r8/graph/d;Lcom/android/tools/r8/internal/v40;Lcom/android/tools/r8/internal/H20;)Lcom/android/tools/r8/graph/g;+8
j  com.android.tools.r8.D8.a(Lcom/android/tools/r8/graph/d;Lcom/android/tools/r8/internal/v40;Lcom/android/tools/r8/internal/H20;)Lcom/android/tools/r8/graph/g;+3
j  com.android.tools.r8.D8$$Lambda$2088.get()Ljava/lang/Object;+12
j  com.android.tools.r8.internal.H20.a(Ljava/lang/String;Lcom/android/tools/r8/internal/x20;)Ljava/lang/Object;+6
j  com.android.tools.r8.D8.a(Lcom/android/tools/r8/utils/j;Lcom/android/tools/r8/internal/Aw;Ljava/util/concurrent/ExecutorService;Lcom/android/tools/r8/internal/H20;)Lcom/android/tools/r8/graph/g;+80
j  com.android.tools.r8.D8.d(Lcom/android/tools/r8/utils/j;Lcom/android/tools/r8/internal/Aw;Ljava/util/concurrent/ExecutorService;)V+198
j  com.android.tools.r8.D8.b(Lcom/android/tools/r8/utils/j;Lcom/android/tools/r8/internal/Aw;Ljava/util/concurrent/ExecutorService;)V+3
j  com.android.tools.r8.D8$$Lambda$1939.run()V+12
j  com.android.tools.r8.internal.vk.a(Lcom/android/tools/r8/internal/GV;Lcom/android/tools/r8/internal/vk$a;)V+2
j  com.android.tools.r8.internal.vk.b(Lcom/android/tools/r8/internal/GV;Lcom/android/tools/r8/internal/vk$a;)V+2
j  com.android.tools.r8.D8.run(Lcom/android/tools/r8/D8Command;Ljava/util/concurrent/ExecutorService;)V+22
j  com.android.builder.dexing.D8DexArchiveBuilder.convert(Ljava/util/stream/Stream;Ljava/nio/file/Path;Lcom/android/builder/dexing/DependencyGraphUpdater;)V+289
j  com.android.build.gradle.internal.dexing.DexWorkActionKt.process(Lcom/android/builder/dexing/DexArchiveBuilder;Lcom/android/builder/dexing/ClassBucket;Lkotlin/jvm/functions/Function2;Ljava/io/File;Lcom/android/builder/dexing/DependencyGraphUpdater;)V+158
j  com.android.build.gradle.internal.dexing.DexWorkActionKt.processNonIncrementally(Lcom/android/builder/dexing/DexArchiveBuilder;Lcom/android/build/gradle/internal/dexing/DexWorkActionParams;)V+62
j  com.android.build.gradle.internal.dexing.DexWorkActionKt.launchProcessing(Lcom/android/build/gradle/internal/dexing/DexWorkActionParams;Lcom/android/ide/common/blame/MessageReceiver;)V+46
j  com.android.build.gradle.internal.dexing.DexWorkAction.run()V+62
j  com.android.build.gradle.internal.profile.ProfileAwareWorkAction.execute()V+70
j  org.gradle.workers.internal.DefaultWorkerServer.execute(Lorg/gradle/workers/internal/SimpleActionExecutionSpec;)Lorg/gradle/workers/internal/DefaultWorkResult;+128
j  org.gradle.workers.internal.NoIsolationWorkerFactory$1$1.create()Lorg/gradle/workers/internal/DefaultWorkResult;+29
j  org.gradle.workers.internal.NoIsolationWorkerFactory$1$1.create()Ljava/lang/Object;+1
j  org.gradle.internal.classloader.ClassLoaderUtils.executeInClassloader(Ljava/lang/ClassLoader;Lorg/gradle/internal/Factory;)Ljava/lang/Object;+15
j  org.gradle.workers.internal.NoIsolationWorkerFactory$1.lambda$execute$0(Ljava/lang/ClassLoader;Lorg/gradle/workers/WorkerExecutor;Lorg/gradle/workers/internal/IsolatedParametersActionExecutionSpec;)Lorg/gradle/workers/internal/DefaultWorkResult;+10
j  org.gradle.workers.internal.NoIsolationWorkerFactory$1$$Lambda$1692.execute(Lorg/gradle/workers/internal/IsolatedParametersActionExecutionSpec;)Lorg/gradle/workers/internal/DefaultWorkResult;+13
j  org.gradle.workers.internal.AbstractWorker$1.call(Lorg/gradle/internal/operations/BuildOperationContext;)Lorg/gradle/workers/internal/DefaultWorkResult;+8
j  org.gradle.workers.internal.AbstractWorker$1.call(Lorg/gradle/internal/operations/BuildOperationContext;)Ljava/lang/Object;+2
J 10236 c1 org.gradle.internal.operations.DefaultBuildOperationRunner$CallableBuildOperationWorker.execute(Lorg/gradle/internal/operations/BuildOperation;Lorg/gradle/internal/operations/BuildOperationContext;)V (10 bytes) @ 0x0000000110c4de20 [0x0000000110c4dd40+0x00000000000000e0]
J 10263 c1 org.gradle.internal.operations.DefaultBuildOperationRunner$2.execute(Lorg/gradle/internal/operations/BuildOperationDescriptor;Lorg/gradle/internal/operations/BuildOperationState;Lorg/gradle/internal/operations/BuildOperationState;Lorg/gradle/internal/operations/DefaultBuildOperationRunner$ReadableBuildOperationContext;Lorg/gradle/internal/operations/DefaultBuildOperationRunner$BuildOperationExecutionListener;)Lorg/gradle/internal/operations/BuildOperation; (110 bytes) @ 0x0000000110c54518 [0x0000000110c54440+0x00000000000000d8]
J 10262 c1 org.gradle.internal.operations.DefaultBuildOperationRunner$2.execute(Lorg/gradle/internal/operations/BuildOperationDescriptor;Lorg/gradle/internal/operations/BuildOperationState;Lorg/gradle/internal/operations/BuildOperationState;Lorg/gradle/internal/operations/DefaultBuildOperationRunner$ReadableBuildOperationContext;Lorg/gradle/internal/operations/DefaultBuildOperationRunner$BuildOperationExecutionListener;)Ljava/lang/Object; (12 bytes) @ 0x0000000110c5533c [0x0000000110c552c0+0x000000000000007c]
J 10251 c1 org.gradle.internal.operations.DefaultBuildOperationRunner.execute(Lorg/gradle/internal/operations/BuildOperationDescriptor$Builder;Lorg/gradle/internal/operations/BuildOperationState;Lorg/gradle/internal/operations/DefaultBuildOperationRunner$BuildOperationExecution;)Ljava/lang/Object; (147 bytes) @ 0x0000000110c511b8 [0x0000000110c50c80+0x0000000000000538]
J 8171 c1 org.gradle.internal.operations.DefaultBuildOperationRunner.call(Lorg/gradle/internal/operations/CallableBuildOperation;)Ljava/lang/Object; (24 bytes) @ 0x0000000110800298 [0x00000001107ffb40+0x0000000000000758]
J 8170 c1 org.gradle.internal.operations.DefaultBuildOperationExecutor.call(Lorg/gradle/internal/operations/CallableBuildOperation;)Ljava/lang/Object; (11 bytes) @ 0x00000001107ff678 [0x00000001107ff540+0x0000000000000138]
j  org.gradle.workers.internal.AbstractWorker.executeWrappedInBuildOperation(Lorg/gradle/workers/internal/IsolatedParametersActionExecutionSpec;Lorg/gradle/internal/operations/BuildOperationRef;Lorg/gradle/workers/internal/AbstractWorker$Work;)Lorg/gradle/workers/internal/DefaultWorkResult;+15
j  org.gradle.workers.internal.NoIsolationWorkerFactory$1.execute(Lorg/gradle/workers/internal/IsolatedParametersActionExecutionSpec;Lorg/gradle/internal/operations/BuildOperationRef;)Lorg/gradle/workers/internal/DefaultWorkResult;+17
j  org.gradle.workers.internal.DefaultWorkerExecutor.lambda$submitWork$0(Lorg/gradle/workers/internal/WorkerFactory;Lorg/gradle/workers/internal/WorkerRequirement;Lorg/gradle/workers/internal/IsolatedParametersActionExecutionSpec;Lorg/gradle/internal/operations/BuildOperationRef;)Lorg/gradle/workers/internal/DefaultWorkResult;+13
j  org.gradle.workers.internal.DefaultWorkerExecutor$$Lambda$1691.call()Ljava/lang/Object;+16
J 5307 c1 java.util.concurrent.FutureTask.run()V java.base@11.0.24 (123 bytes) @ 0x00000001101600ac [0x000000011015ff00+0x00000000000001ac]
j  org.gradle.internal.work.DefaultConditionalExecutionQueue$ExecutionRunner.runExecution(Lorg/gradle/internal/work/ConditionalExecution;)V+6
j  org.gradle.internal.work.DefaultConditionalExecutionQueue$ExecutionRunner.access$700(Lorg/gradle/internal/work/DefaultConditionalExecutionQueue$ExecutionRunner;Lorg/gradle/internal/work/ConditionalExecution;)V+2
j  org.gradle.internal.work.DefaultConditionalExecutionQueue$ExecutionRunner$1.run()V+14
j  org.gradle.internal.Factories$1.create()Ljava/lang/Object;+4
j  org.gradle.internal.work.DefaultWorkerLeaseService.withLocks(Ljava/util/Collection;Lorg/gradle/internal/Factory;)Ljava/lang/Object;+28
j  org.gradle.internal.work.DefaultWorkerLeaseService.runAsWorkerThread(Lorg/gradle/internal/Factory;)Ljava/lang/Object;+33
j  org.gradle.internal.work.DefaultWorkerLeaseService.runAsWorkerThread(Ljava/lang/Runnable;)V+5
j  org.gradle.internal.work.DefaultConditionalExecutionQueue$ExecutionRunner.runBatch(Lorg/gradle/internal/work/ConditionalExecution;)V+16
j  org.gradle.internal.work.DefaultConditionalExecutionQueue$ExecutionRunner.run()V+11
j  java.util.concurrent.Executors$RunnableAdapter.call()Ljava/lang/Object;+4 java.base@11.0.24
J 5307 c1 java.util.concurrent.FutureTask.run()V java.base@11.0.24 (123 bytes) @ 0x00000001101600ac [0x000000011015ff00+0x00000000000001ac]
J 11294 c1 org.gradle.internal.concurrent.AbstractManagedExecutor$1.run()V (57 bytes) @ 0x0000000110e26e90 [0x0000000110e26d80+0x0000000000000110]
j  java.util.concurrent.ThreadPoolExecutor.runWorker(Ljava/util/concurrent/ThreadPoolExecutor$Worker;)V+92 java.base@11.0.24
j  java.util.concurrent.ThreadPoolExecutor$Worker.run()V+5 java.base@11.0.24
j  java.lang.Thread.run()V+11 java.base@11.0.24
v  ~StubRoutines::call_stub

siginfo: si_signo: 11 (SIGSEGV), si_code: 2 (SEGV_ACCERR), si_addr: 0x0000000000000000

Register to memory mapping:

 x0=0x0 is NULL
 x1=0x0000000922077300 points into unknown readable memory: 0x0000000000000000 | 00 00 00 00 00 00 00 00
 x2=0x0000000000000001 is an unknown value
 x3=0x0000000921af3000 is a thread
 x4=0x0000000512ef6198 is an oop: java.lang.Object 
{0x0000000512ef6198} - klass: 'java/lang/Object'
 - ---- fields (total size 2 words):
 x5=0x0000000000000019 is an unknown value
 x6=0x0000000505a64040 is an oop: java.util.concurrent.ConcurrentHashMap$Node 
{0x0000000505a64040} - klass: 'java/util/concurrent/ConcurrentHashMap$Node'
 - ---- fields (total size 4 words):
 - final 'hash' 'I' @12  1582018587 (5e4bb01b)
 - final strict 'key' 'Ljava/lang/Object;' @16  "com.android.build.gradle.internal.tasks.DexArchiveBuilderTask$CreationAction$handleProvider$1"{0x0000000504fa2380} (a09f4470)
 - volatile strict 'val' 'Ljava/lang/Object;' @20  a 'java/lang/Object'{0x0000000505a64060} (a0b4c80c)
 - volatile strict 'next' 'Ljava/util/concurrent/ConcurrentHashMap$Node;' @24  a 'java/util/concurrent/ConcurrentHashMap$Node'{0x0000000512ef61a8} (a25dec35)
 x7=0x000000051302a6f0 is an oop: java.lang.Object 
{0x000000051302a6f0} - klass: 'java/lang/Object'
 - ---- fields (total size 2 words):
 x8=0x0 is NULL
 x9=0x0000000922077300 points into unknown readable memory: 0x0000000000000000 | 00 00 00 00 00 00 00 00
x10=0x0 is NULL
x11=0xffffffffffdf4040 is an unknown value
x12=0x000000030685c1e0 is pointing into the stack for thread: 0x0000000921af3000
x13=0x000000051302a6a8 is an oop: java.lang.String 
{0x000000051302a6a8} - klass: 'java/lang/String'
 - string: "com.android.tools.r8.internal.cK"
x14=0x00000000f10b40c5 is an unknown value
x15=0x00000000295dfdba is an unknown value
x16=0x00000001852009d0: pthread_jit_write_protect_np+0 in /usr/lib/system/libsystem_pthread.dylib at 0x00000001851f9000
x17=0x0000000512ef6198 is an oop: java.lang.Object 
{0x0000000512ef6198} - klass: 'java/lang/Object'
 - ---- fields (total size 2 words):
x18=0x0 is NULL
x19=0x0000000000000001 is an unknown value
x20=0x0000000512ef6198 is an oop: java.lang.Object 
{0x0000000512ef6198} - klass: 'java/lang/Object'
 - ---- fields (total size 2 words):
x21=0x0000000922077300 points into unknown readable memory: 0x0000000000000000 | 00 00 00 00 00 00 00 00
x22=0x0000000921af3000 is a thread
x23=0x0 is NULL
x24=0x000000010663fa84: _ZN13ObjectMonitor14Knob_SpinLimitE+0 in /opt/homebrew/Cellar/openjdk@11/11.0.24/libexec/openjdk.jdk/Contents/Home/lib/server/libjvm.dylib at 0x0000000105db4000
x25=0x0 is NULL
x26=0x000000091ae1b228 points into unknown readable memory: 0x0000000502378c00 | 00 8c 37 02 05 00 00 00
x27=0x0 is NULL
x28=0x0000000921af3000 is a thread


Registers:
 x0=0x0000000000000000  x1=0x0000000922077300  x2=0x0000000000000001  x3=0x0000000921af3000
 x4=0x0000000512ef6198  x5=0x0000000000000019  x6=0x0000000505a64040  x7=0x000000051302a6f0
 x8=0x0000000000000000  x9=0x0000000922077300 x10=0x0000000000000000 x11=0xffffffffffdf4040
x12=0x000000030685c1e0 x13=0x000000051302a6a8 x14=0x00000000f10b40c5 x15=0x00000000295dfdba
x16=0x00000001852009d0 x17=0x0000000512ef6198 x18=0x0000000000000000 x19=0x0000000000000001
x20=0x0000000512ef6198 x21=0x0000000922077300 x22=0x0000000921af3000 x23=0x0000000000000000
x24=0x000000010663fa84 x25=0x0000000000000000 x26=0x000000091ae1b228 x27=0x0000000000000000
x28=0x0000000921af3000  fp=0x000000030685c0c0  lr=0x00000001064491b4  sp=0x000000030685c010
pc=0x00000001064491b8 cpsr=0x0000000060001000
Top of Stack: (sp=0x000000030685c010)
0x000000030685c010:   000000030685c4e8 0000000000000000
0x000000030685c020:   000000010f169680 000000000000000c
0x000000030685c030:   000000091ae1b228 0000000000000000
0x000000030685c040:   0000000921af3000 000000030685c050
0x000000030685c050:   0000000000000000 0000000000000000
0x000000030685c060:   000000030685c100 0000000505a64040
0x000000030685c070:   00000000ddb9a8fa 0000000000000000
0x000000030685c080:   000000091ae1b228 000000000000000c
0x000000030685c090:   000000010f169680 00000003066501e0
0x000000030685c0a0:   00000003066501e0 000000091ae1b248
0x000000030685c0b0:   000000030685c1e0 0000000921af3000
0x000000030685c0c0:   000000030685c100 0000000106448fa0
0x000000030685c0d0:   000000010f169680 0000000000000000
0x000000030685c0e0:   0000000512ef6198 0000000000000001
0x000000030685c0f0:   000000030685c1e0 0000000921af3000
0x000000030685c100:   000000030685c140 000000010639d510
0x000000030685c110:   000000051302a6a8 0000000921af3000
0x000000030685c120:   0000000512ef6198 000000030685c1e0
0x000000030685c130:   0000000000000001 0000000921af3000
0x000000030685c140:   000000030685c170 000000010639d57c
0x000000030685c150:   000000030685c4e8 000000030685c408
0x000000030685c160:   000000030685c230 0000000921af3000
0x000000030685c170:   000000030685c310 000000010f225978
0x000000030685c180:   0000000000000000 000000010f225978
0x000000030685c190:   000000030685c310 0000000116f63cd4
0x000000030685c1a0:   000000051302a6a8 0000000006305e30
0x000000030685c1b0:   0000000502378c00 0000000512ef6198
0x000000030685c1c0:   0000000000000000 0000000921af3000
0x000000030685c1d0:   0000000106663fec 0000000106663df9
0x000000030685c1e0:   0000000000000003 000000092209a500
0x000000030685c1f0:   000000030685c210 00000001062f0b1c
0x000000030685c200:   000000030685c310 0000000116d2a608 

Instructions: (pc=0x00000001064491b8)
0x00000001064490b8:   1f 30 00 f9 1f 44 00 f9 1f 28 00 f9 79 03 00 b4
0x00000001064490c8:   b7 02 00 f9 bf 22 00 f9 bf 2a 00 f9 b4 06 00 f9
0x00000001064490d8:   bf 2a 00 f9 bf 3a 00 f9 08 03 40 b9 a8 7e 00 b9
0x00000001064490e8:   a9 02 7f b2 bf 3b 03 d5 e8 03 17 aa 89 7e a8 c8
0x00000001064490f8:   bf 3b 03 d5 1f 01 17 eb 60 08 00 54 ff 02 08 eb
0x0000000106449108:   20 08 00 54 bf 06 00 f9 bf 22 00 f9 bf 2a 00 f9
0x0000000106449118:   bf 36 00 f9 bf 2e 00 f9 bf 32 00 f9 bf 46 00 f9
0x0000000106449128:   bf 2a 00 f9 0d 00 00 14 bf 3a 00 f9 bf 2a 00 f9
0x0000000106449138:   08 03 40 b9 a8 7e 00 b9 bf 3b 03 d5 e8 03 17 aa
0x0000000106449148:   9f 7e a8 c8 bf 3b 03 d5 1f 01 17 eb c0 02 00 54
0x0000000106449158:   ff 02 08 eb 80 02 00 54 e0 03 16 aa e1 03 15 aa
0x0000000106449168:   22 00 80 52 9c 05 00 94 97 02 40 f9 e0 03 17 aa
0x0000000106449178:   52 ba ed 97 e0 f8 0f 36 e0 03 17 aa 4f ba ed 97
0x0000000106449188:   15 00 7f d2 e0 03 15 aa fd 7b 4b a9 f4 4f 4a a9
0x0000000106449198:   f6 57 49 a9 f8 5f 48 a9 fa 67 47 a9 ff 03 03 91
0x00000001064491a8:   c0 03 5f d6 e0 03 17 aa 44 ba ed 97 08 f8 7e 92
0x00000001064491b8:   08 01 40 f9 a8 02 00 f9 e0 03 17 aa 3f ba ed 97
0x00000001064491c8:   a0 22 00 f9 bf 2a 00 f9 b4 06 00 f9 88 02 40 f9
0x00000001064491d8:   48 01 00 b4 e0 07 00 90 00 d0 3b 91 e2 07 00 b0
0x00000001064491e8:   42 64 01 91 03 05 00 90 63 60 0c 91 01 bd 80 52
0x00000001064491f8:   a0 9e ed 97 49 4a fb 97 a8 02 7f b2 bf 3b 03 d5
0x0000000106449208:   88 02 00 f9 08 11 00 d0 08 61 0b 91 08 01 40 f9
0x0000000106449218:   48 01 00 b4 09 11 00 d0 29 01 2c 91 29 01 40 39
0x0000000106449228:   3f 05 00 71 a1 00 00 54 08 15 40 f9 09 01 40 f9
0x0000000106449238:   29 05 00 91 09 01 00 f9 c8 0f 00 f0 08 e5 43 f9
0x0000000106449248:   28 06 00 b4 c8 10 00 d0 08 e5 37 91 08 01 40 39
0x0000000106449258:   1f 05 00 71 21 01 00 54 89 0a 40 b9 ca 0f 00 f0
0x0000000106449268:   4a 61 2b 91 4b 09 40 b9 4a 01 40 f9 2b 21 cb 9a
0x0000000106449278:   6a 01 0a 8b 03 00 00 14 8a 06 40 f9 e9 03 0a aa
0x0000000106449288:   4a 09 40 b9 5f 05 00 71 eb 03 00 54 80 10 00 d0
0x0000000106449298:   00 80 27 91 0a 00 40 f9 40 01 3f d6 0a 00 40 f9
0x00000001064492a8:   4a 3d 41 f9 ea 0f 00 f9 40 05 c0 3d e0 03 82 3c 


Stack slot to memory mapping:
stack at sp + 0 slots: 0x000000030685c4e8 is pointing into the stack for thread: 0x0000000921af3000
stack at sp + 1 slots: 0x0 is NULL
stack at sp + 2 slots: 0x000000010f169680 is at code_begin+0 in an AdapterHandler
Adapter for signature: 0x000000010f169680 is at code_begin+0 in 
[CodeBlob (0x000000010f169610)]
Framesize: 0
BufferBlob (0x000000010f169610) used for I2C/C2I adapters
stack at sp + 3 slots: 0x000000000000000c is an unknown value
stack at sp + 4 slots: 0x000000091ae1b228 points into unknown readable memory: 0x0000000502378c00 | 00 8c 37 02 05 00 00 00
stack at sp + 5 slots: 0x0 is NULL
stack at sp + 6 slots: 0x0000000921af3000 is a thread
stack at sp + 7 slots: 0x000000030685c050 is pointing into the stack for thread: 0x0000000921af3000


---------------  P R O C E S S  ---------------

Threads class SMR info:
_java_thread_list=0x0000000921aebda0, length=167, elements={
0x0000000100dc2800, 0x000000091f048000, 0x000000091f049000, 0x000000091f04a000,
0x000000091f04b000, 0x000000091f5b8000, 0x000000091f5b9000, 0x000000091f5ba000,
0x000000091f5bb000, 0x000000091f1c8000, 0x000000091f1c9000, 0x000000091f1cb000,
0x000000091fbf4000, 0x000000091fbf5000, 0x000000091fbf7000, 0x000000092049c000,
0x000000092049e000, 0x000000092049f000, 0x000000091fbfc000, 0x000000091fbfd000,
0x000000091fbff000, 0x000000092049d000, 0x0000000920670000, 0x0000000920672000,
0x0000000920671000, 0x0000000920673000, 0x00000009209fc000, 0x00000009209fd000,
0x00000009209fe000, 0x00000009209ff000, 0x0000000920bd6000, 0x0000000920cfa000,
0x0000000920cfb000, 0x0000000920cab000, 0x00000009202d8000, 0x00000009202da000,
0x00000009202db000, 0x0000000920e79000, 0x0000000920e7a000, 0x0000000920e7b000,
0x0000000920cf9000, 0x0000000920e98000, 0x0000000920e99000, 0x0000000920e9a000,
0x0000000920e9b000, 0x0000000920e9c000, 0x0000000920ea7000, 0x0000000920e78000,
0x0000000920eac000, 0x0000000920ead000, 0x0000000920eae000, 0x0000000920eaf000,
0x0000000920ea6000, 0x0000000921624000, 0x0000000921626000, 0x0000000921625000,
0x0000000921129000, 0x00000009216e0000, 0x00000009216e1000, 0x00000009216e2000,
0x00000009216e3000, 0x00000009216e4000, 0x00000009216e5000, 0x00000009216e6000,
0x00000009216e7000, 0x00000009216e9000, 0x00000009216fc000, 0x00000009216fe000,
0x00000009216ff000, 0x00000009216ea000, 0x0000000921738000, 0x0000000921739000,
0x000000092173a000, 0x000000092173b000, 0x0000000921a10000, 0x0000000921a11000,
0x000000092173f000, 0x000000092173c000, 0x000000092173e000, 0x0000000921764000,
0x0000000921765000, 0x0000000921766000, 0x0000000921767000, 0x0000000921768000,
0x000000092176b000, 0x0000000921a12000, 0x00000009216eb000, 0x0000000921a40000,
0x0000000921a41000, 0x0000000921a42000, 0x0000000921a43000, 0x0000000921a44000,
0x0000000921a45000, 0x0000000921a46000, 0x0000000921a47000, 0x0000000921a48000,
0x0000000921a49000, 0x0000000921a4a000, 0x0000000921a4b000, 0x0000000921794000,
0x0000000921795000, 0x0000000921796000, 0x00000009217a2000, 0x00000009217a3000,
0x000000092176a000, 0x0000000921769000, 0x00000009217a8000, 0x00000009217a9000,
0x00000009217aa000, 0x00000009217ab000, 0x0000000921a8c000, 0x0000000921a8d000,
0x0000000921a8f000, 0x00000009217d0000, 0x00000009217d1000, 0x00000009217d2000,
0x00000009217d3000, 0x0000000921a90000, 0x0000000921a91000, 0x0000000921a92000,
0x0000000921a93000, 0x0000000921a95000, 0x0000000921a96000, 0x0000000921a97000,
0x00000009217a1000, 0x0000000922000000, 0x0000000922001000, 0x0000000922002000,
0x0000000922003000, 0x0000000922004000, 0x0000000922005000, 0x0000000922007000,
0x0000000921a94000, 0x0000000922008000, 0x0000000922009000, 0x000000092200a000,
0x000000092200b000, 0x0000000922010000, 0x0000000922011000, 0x0000000922012000,
0x0000000922013000, 0x0000000922018000, 0x0000000922019000, 0x000000092201a000,
0x0000000922006000, 0x000000092201c000, 0x000000092201d000, 0x000000092201e000,
0x000000092201f000, 0x0000000921ab8000, 0x0000000921ab9000, 0x0000000921aba000,
0x0000000921abf000, 0x0000000921abb000, 0x0000000921ac0000, 0x0000000921ac1000,
0x0000000921ac2000, 0x0000000922094000, 0x0000000922095000, 0x0000000922096000,
0x0000000921af0000, 0x0000000921af1000, 0x0000000921af3000, 0x0000000921afc000,
0x0000000921afd000, 0x0000000921afe000, 0x0000000921aff000
}

Java Threads: ( => current thread )
  0x0000000100dc2800 JavaThread "main" [_thread_blocked, id=5123, stack(0x000000016f8ac000,0x000000016faaf000)]
  0x000000091f048000 JavaThread "Reference Handler" daemon [_thread_blocked, id=16899, stack(0x0000000170700000,0x0000000170903000)]
  0x000000091f049000 JavaThread "Finalizer" daemon [_thread_blocked, id=20739, stack(0x000000017090c000,0x0000000170b0f000)]
  0x000000091f04a000 JavaThread "Signal Dispatcher" daemon [_thread_blocked, id=21763, stack(0x0000000170c30000,0x0000000170e33000)]
  0x000000091f04b000 JavaThread "Service Thread" daemon [_thread_blocked, id=22275, stack(0x0000000170e3c000,0x000000017103f000)]
  0x000000091f5b8000 JavaThread "C2 CompilerThread0" daemon [_thread_in_native, id=31747, stack(0x0000000171048000,0x000000017124b000)]
  0x000000091f5b9000 JavaThread "C1 CompilerThread0" daemon [_thread_in_vm, id=22531, stack(0x0000000171254000,0x0000000171457000)]
  0x000000091f5ba000 JavaThread "Sweeper thread" daemon [_thread_blocked, id=23043, stack(0x0000000171460000,0x0000000171663000)]
  0x000000091f5bb000 JavaThread "Common-Cleaner" daemon [_thread_blocked, id=30211, stack(0x000000017166c000,0x000000017186f000)]
  0x000000091f1c8000 JavaThread "Daemon health stats" [_thread_blocked, id=27907, stack(0x00000001724c0000,0x00000001726c3000)]
  0x000000091f1c9000 JavaThread "Incoming local TCP Connector on port 58298" [_thread_in_native, id=27139, stack(0x00000001726cc000,0x00000001728cf000)]
  0x000000091f1cb000 JavaThread "Daemon periodic checks" [_thread_blocked, id=25091, stack(0x00000001728d8000,0x0000000172adb000)]
  0x000000091fbf4000 JavaThread "Daemon" [_thread_blocked, id=25603, stack(0x0000000172ae4000,0x0000000172ce7000)]
  0x000000091fbf5000 JavaThread "Handler for socket connection from /127.0.0.1:58298 to /127.0.0.1:58299" [_thread_in_native, id=25859, stack(0x0000000172cf0000,0x0000000172ef3000)]
  0x000000091fbf7000 JavaThread "Cancel handler" [_thread_blocked, id=43267, stack(0x0000000172efc000,0x00000001730ff000)]
  0x000000092049c000 JavaThread "Daemon worker" [_thread_blocked, id=33539, stack(0x0000000173108000,0x000000017330b000)]
  0x000000092049e000 JavaThread "Asynchronous log dispatcher for DefaultDaemonConnection: socket connection from /127.0.0.1:58298 to /127.0.0.1:58299" [_thread_blocked, id=34051, stack(0x0000000173314000,0x0000000173517000)]
  0x000000092049f000 JavaThread "Stdin handler" [_thread_blocked, id=41987, stack(0x0000000173520000,0x0000000173723000)]
  0x000000091fbfc000 JavaThread "Daemon client event forwarder" [_thread_blocked, id=34563, stack(0x000000017372c000,0x000000017392f000)]
  0x000000091fbfd000 JavaThread "Cache worker for journal cache (/Users/sav/.gradle/caches/journal-1)" [_thread_blocked, id=36099, stack(0x0000000174168000,0x000000017436b000)]
  0x000000091fbff000 JavaThread "File lock request listener" [_thread_in_native, id=39939, stack(0x0000000174374000,0x0000000174577000)]
  0x000000092049d000 JavaThread "Cache worker for file hash cache (/Users/sav/.gradle/caches/8.5/fileHashes)" [_thread_blocked, id=36611, stack(0x0000000174580000,0x0000000174783000)]
  0x0000000920670000 JavaThread "File watcher server" daemon [_thread_in_native, id=37123, stack(0x000000017478c000,0x000000017498f000)]
  0x0000000920672000 JavaThread "File watcher consumer" daemon [_thread_blocked, id=38659, stack(0x0000000174998000,0x0000000174b9b000)]
  0x0000000920671000 JavaThread "Cache worker for checksums cache (/Users/sav/Documents/GitHub/Sav22999/sav-pdf-viewer-pro/.gradle/8.5/checksums)" [_thread_blocked, id=65027, stack(0x0000000174ba4000,0x0000000174da7000)]
  0x0000000920673000 JavaThread "Cache worker for file hash cache (/Users/sav/Documents/GitHub/Sav22999/sav-pdf-viewer-pro/.gradle/8.5/fileHashes)" [_thread_blocked, id=64515, stack(0x0000000174db0000,0x0000000174fb3000)]
  0x00000009209fc000 JavaThread "Cache worker for cache directory md-supplier (/Users/sav/.gradle/caches/8.5/md-supplier)" [_thread_blocked, id=44291, stack(0x0000000174fbc000,0x00000001751bf000)]
  0x00000009209fd000 JavaThread "Cache worker for cache directory md-rule (/Users/sav/.gradle/caches/8.5/md-rule)" [_thread_blocked, id=45059, stack(0x00000001751c8000,0x00000001753cb000)]
  0x00000009209fe000 JavaThread "Cache worker for file content cache (/Users/sav/.gradle/caches/8.5/fileContent)" [_thread_blocked, id=45571, stack(0x00000001753d4000,0x00000001755d7000)]
  0x00000009209ff000 JavaThread "Cache worker for execution history cache (/Users/sav/.gradle/caches/8.5/executionHistory)" [_thread_blocked, id=46339, stack(0x00000001755e0000,0x00000001757e3000)]
  0x0000000920bd6000 JavaThread "Cache worker for kotlin-dsl (/Users/sav/.gradle/caches/8.5/kotlin-dsl)" [_thread_blocked, id=47107, stack(0x00000001757ec000,0x00000001759ef000)]
  0x0000000920cfa000 JavaThread "jar transforms" [_thread_blocked, id=63491, stack(0x00000001759f8000,0x0000000175bfb000)]
  0x0000000920cfb000 JavaThread "jar transforms Thread 2" [_thread_blocked, id=47619, stack(0x0000000175c04000,0x0000000175e07000)]
  0x0000000920cab000 JavaThread "Cache worker for dependencies-accessors (/Users/sav/Documents/GitHub/Sav22999/sav-pdf-viewer-pro/.gradle/8.5/dependencies-accessors)" [_thread_blocked, id=48131, stack(0x0000000175e10000,0x0000000176013000)]
  0x00000009202d8000 JavaThread "Cache worker for Build Output Cleanup Cache (/Users/sav/Documents/GitHub/Sav22999/sav-pdf-viewer-pro/.gradle/buildOutputCleanup)" [_thread_blocked, id=62211, stack(0x000000017601c000,0x000000017621f000)]
  0x00000009202da000 JavaThread "jar transforms Thread 3" [_thread_blocked, id=48643, stack(0x0000000176228000,0x000000017642b000)]
  0x00000009202db000 JavaThread "jar transforms Thread 4" [_thread_blocked, id=61443, stack(0x0000000176434000,0x0000000176637000)]
  0x0000000920e79000 JavaThread "Unconstrained build operations" [_thread_blocked, id=49923, stack(0x0000000176640000,0x0000000176843000)]
  0x0000000920e7a000 JavaThread "Unconstrained build operations Thread 2" [_thread_blocked, id=61187, stack(0x000000017684c000,0x0000000176a4f000)]
  0x0000000920e7b000 JavaThread "Unconstrained build operations Thread 3" [_thread_blocked, id=50947, stack(0x0000000176a58000,0x0000000176c5b000)]
  0x0000000920cf9000 JavaThread "Unconstrained build operations Thread 4" [_thread_blocked, id=51459, stack(0x0000000176c64000,0x0000000176e67000)]
  0x0000000920e98000 JavaThread "Unconstrained build operations Thread 5" [_thread_blocked, id=60163, stack(0x0000000176e70000,0x0000000177073000)]
  0x0000000920e99000 JavaThread "Unconstrained build operations Thread 6" [_thread_blocked, id=59907, stack(0x000000017707c000,0x000000017727f000)]
  0x0000000920e9a000 JavaThread "Unconstrained build operations Thread 7" [_thread_blocked, id=59139, stack(0x0000000177288000,0x000000017748b000)]
  0x0000000920e9b000 JavaThread "Unconstrained build operations Thread 8" [_thread_blocked, id=52739, stack(0x0000000177494000,0x0000000177697000)]
  0x0000000920e9c000 JavaThread "Unconstrained build operations Thread 9" [_thread_blocked, id=58115, stack(0x00000001776a0000,0x00000001778a3000)]
  0x0000000920ea7000 JavaThread "jar transforms Thread 5" [_thread_blocked, id=57603, stack(0x00000001778ac000,0x0000000177aaf000)]
  0x0000000920e78000 JavaThread "jar transforms Thread 6" [_thread_blocked, id=56835, stack(0x0000000177ab8000,0x0000000177cbb000)]
  0x0000000920eac000 JavaThread "jar transforms Thread 7" [_thread_blocked, id=56067, stack(0x0000000177cc4000,0x0000000177ec7000)]
  0x0000000920ead000 JavaThread "jar transforms Thread 8" [_thread_blocked, id=55299, stack(0x0000000177ed0000,0x00000001780d3000)]
  0x0000000920eae000 JavaThread "jar transforms Thread 9" [_thread_blocked, id=54787, stack(0x00000001780dc000,0x00000001782df000)]
  0x0000000920eaf000 JavaThread "jar transforms Thread 10" [_thread_blocked, id=53763, stack(0x00000001782e8000,0x00000001784eb000)]
  0x0000000920ea6000 JavaThread "Memory manager" [_thread_blocked, id=65539, stack(0x00000001784f4000,0x00000001786f7000)]
  0x0000000921624000 JavaThread "pool-3-thread-1" [_thread_blocked, id=66051, stack(0x0000000178700000,0x0000000178903000)]
  0x0000000921626000 JavaThread "build event listener" [_thread_blocked, id=66563, stack(0x000000017890c000,0x0000000178b0f000)]
  0x0000000921625000 JavaThread "included builds" [_thread_blocked, id=86275, stack(0x0000000178b18000,0x0000000178d1b000)]
  0x0000000921129000 JavaThread "Execution worker" [_thread_blocked, id=67075, stack(0x0000000178d24000,0x0000000178f27000)]
  0x00000009216e0000 JavaThread "Execution worker Thread 2" [_thread_blocked, id=85251, stack(0x0000000178f30000,0x0000000179133000)]
  0x00000009216e1000 JavaThread "Execution worker Thread 3" [_thread_blocked, id=67843, stack(0x000000017913c000,0x000000017933f000)]
  0x00000009216e2000 JavaThread "Execution worker Thread 4" [_thread_blocked, id=68611, stack(0x0000000179348000,0x000000017954b000)]
  0x00000009216e3000 JavaThread "Execution worker Thread 5" [_thread_blocked, id=69379, stack(0x0000000179554000,0x0000000179757000)]
  0x00000009216e4000 JavaThread "Execution worker Thread 6" [_thread_blocked, id=84227, stack(0x0000000179760000,0x0000000179963000)]
  0x00000009216e5000 JavaThread "Execution worker Thread 7" [_thread_blocked, id=70147, stack(0x000000017996c000,0x0000000179b6f000)]
  0x00000009216e6000 JavaThread "Execution worker Thread 8" [_thread_blocked, id=70403, stack(0x0000000179b78000,0x0000000179d7b000)]
  0x00000009216e7000 JavaThread "Execution worker Thread 9" [_thread_blocked, id=70915, stack(0x0000000179d84000,0x0000000179f87000)]
  0x00000009216e9000 JavaThread "Cache worker for execution history cache (/Users/sav/Documents/GitHub/Sav22999/sav-pdf-viewer-pro/.gradle/8.5/executionHistory)" [_thread_blocked, id=82691, stack(0x0000000179f90000,0x000000017a193000)]
  0x00000009216fc000 JavaThread "Unconstrained build operations Thread 10" [_thread_blocked, id=71939, stack(0x000000017a19c000,0x000000017a39f000)]
  0x00000009216fe000 JavaThread "Unconstrained build operations Thread 11" [_thread_blocked, id=81155, stack(0x000000017a3a8000,0x000000017a5ab000)]
  0x00000009216ff000 JavaThread "Unconstrained build operations Thread 12" [_thread_blocked, id=72963, stack(0x000000017a5b4000,0x000000017a7b7000)]
  0x00000009216ea000 JavaThread "Unconstrained build operations Thread 13" [_thread_blocked, id=80387, stack(0x000000017a7c0000,0x000000017a9c3000)]
  0x0000000921738000 JavaThread "Unconstrained build operations Thread 14" [_thread_blocked, id=79619, stack(0x000000017a9cc000,0x000000017abcf000)]
  0x0000000921739000 JavaThread "Unconstrained build operations Thread 15" [_thread_blocked, id=73475, stack(0x000000017abd8000,0x000000017addb000)]
  0x000000092173a000 JavaThread "Unconstrained build operations Thread 16" [_thread_blocked, id=78595, stack(0x000000017ade4000,0x000000017afe7000)]
  0x000000092173b000 JavaThread "Unconstrained build operations Thread 17" [_thread_blocked, id=73731, stack(0x000000017aff0000,0x000000017b1f3000)]
  0x0000000921a10000 JavaThread "Unconstrained build operations Thread 18" [_thread_blocked, id=77827, stack(0x000000017b1fc000,0x000000017b3ff000)]
  0x0000000921a11000 JavaThread "Unconstrained build operations Thread 19" [_thread_blocked, id=74755, stack(0x000000017b408000,0x000000017b60b000)]
  0x000000092173f000 JavaThread "Unconstrained build operations Thread 20" [_thread_blocked, id=75523, stack(0x000000017b614000,0x000000017b817000)]
  0x000000092173c000 JavaThread "Unconstrained build operations Thread 21" [_thread_blocked, id=76291, stack(0x000000017b820000,0x000000017ba23000)]
  0x000000092173e000 JavaThread "Unconstrained build operations Thread 22" [_thread_blocked, id=76803, stack(0x000000017ba2c000,0x000000017bc2f000)]
  0x0000000921764000 JavaThread "Unconstrained build operations Thread 23" [_thread_blocked, id=87555, stack(0x000000017bc38000,0x000000017be3b000)]
  0x0000000921765000 JavaThread "Unconstrained build operations Thread 24" [_thread_blocked, id=88323, stack(0x000000017be44000,0x000000017c047000)]
  0x0000000921766000 JavaThread "Unconstrained build operations Thread 25" [_thread_blocked, id=130563, stack(0x000000017c050000,0x000000017c253000)]
  0x0000000921767000 JavaThread "Unconstrained build operations Thread 26" [_thread_blocked, id=88835, stack(0x000000017c25c000,0x000000017c45f000)]
  0x0000000921768000 JavaThread "Unconstrained build operations Thread 27" [_thread_blocked, id=89347, stack(0x000000017c468000,0x000000017c66b000)]
  0x000000092176b000 JavaThread "Unconstrained build operations Thread 28" [_thread_blocked, id=129283, stack(0x000000017c674000,0x000000017c877000)]
  0x0000000921a12000 JavaThread "Unconstrained build operations Thread 29" [_thread_blocked, id=128771, stack(0x000000017c880000,0x000000017ca83000)]
  0x00000009216eb000 JavaThread "Unconstrained build operations Thread 30" [_thread_blocked, id=90371, stack(0x000000017ca8c000,0x000000017cc8f000)]
  0x0000000921a40000 JavaThread "Unconstrained build operations Thread 31" [_thread_blocked, id=128003, stack(0x000000017cc98000,0x000000017ce9b000)]
  0x0000000921a41000 JavaThread "Unconstrained build operations Thread 32" [_thread_blocked, id=91139, stack(0x000000017cea4000,0x000000017d0a7000)]
  0x0000000921a42000 JavaThread "Unconstrained build operations Thread 33" [_thread_blocked, id=127491, stack(0x000000017d0b0000,0x000000017d2b3000)]
  0x0000000921a43000 JavaThread "Unconstrained build operations Thread 34" [_thread_blocked, id=91907, stack(0x000000017d2bc000,0x000000017d4bf000)]
  0x0000000921a44000 JavaThread "Unconstrained build operations Thread 35" [_thread_blocked, id=92419, stack(0x000000017d4c8000,0x000000017d6cb000)]
  0x0000000921a45000 JavaThread "Unconstrained build operations Thread 36" [_thread_blocked, id=126211, stack(0x000000017d6d4000,0x000000017d8d7000)]
  0x0000000921a46000 JavaThread "Unconstrained build operations Thread 37" [_thread_blocked, id=125443, stack(0x000000017d8e0000,0x000000017dae3000)]
  0x0000000921a47000 JavaThread "Unconstrained build operations Thread 38" [_thread_blocked, id=92931, stack(0x000000017daec000,0x000000017dcef000)]
  0x0000000921a48000 JavaThread "Unconstrained build operations Thread 39" [_thread_blocked, id=93699, stack(0x000000017dcf8000,0x000000017defb000)]
  0x0000000921a49000 JavaThread "Unconstrained build operations Thread 40" [_thread_blocked, id=94211, stack(0x000000017df04000,0x000000017e107000)]
  0x0000000921a4a000 JavaThread "Unconstrained build operations Thread 41" [_thread_blocked, id=94979, stack(0x000000017e110000,0x000000017e313000)]
  0x0000000921a4b000 JavaThread "Unconstrained build operations Thread 42" [_thread_blocked, id=123907, stack(0x000000017e31c000,0x000000017e51f000)]
  0x0000000921794000 JavaThread "Unconstrained build operations Thread 43" [_thread_blocked, id=123651, stack(0x000000017e528000,0x000000017e72b000)]
  0x0000000921795000 JavaThread "Unconstrained build operations Thread 44" [_thread_blocked, id=96259, stack(0x000000017e734000,0x000000017e937000)]
  0x0000000921796000 JavaThread "Unconstrained build operations Thread 45" [_thread_blocked, id=123139, stack(0x000000017e940000,0x000000017eb43000)]
  0x00000009217a2000 JavaThread "Unconstrained build operations Thread 46" [_thread_blocked, id=97027, stack(0x000000017eb4c000,0x000000017ed4f000)]
  0x00000009217a3000 JavaThread "Unconstrained build operations Thread 47" [_thread_blocked, id=97283, stack(0x000000017ed58000,0x000000017ef5b000)]
  0x000000092176a000 JavaThread "Unconstrained build operations Thread 48" [_thread_blocked, id=121859, stack(0x000000017ef64000,0x000000017f167000)]
  0x0000000921769000 JavaThread "Unconstrained build operations Thread 49" [_thread_blocked, id=121603, stack(0x000000017f170000,0x000000017f373000)]
  0x00000009217a8000 JavaThread "Unconstrained build operations Thread 50" [_thread_blocked, id=98307, stack(0x000000017f37c000,0x000000017f57f000)]
  0x00000009217a9000 JavaThread "Unconstrained build operations Thread 51" [_thread_blocked, id=98819, stack(0x000000017f588000,0x000000017f78b000)]
  0x00000009217aa000 JavaThread "Unconstrained build operations Thread 52" [_thread_blocked, id=120067, stack(0x000000017f794000,0x000000017f997000)]
  0x00000009217ab000 JavaThread "Unconstrained build operations Thread 53" [_thread_blocked, id=99331, stack(0x000000017f9a0000,0x000000017fba3000)]
  0x0000000921a8c000 JavaThread "Unconstrained build operations Thread 54" [_thread_blocked, id=119299, stack(0x000000017fbac000,0x000000017fdaf000)]
  0x0000000921a8d000 JavaThread "Unconstrained build operations Thread 55" [_thread_blocked, id=100099, stack(0x000000017fdb8000,0x000000017ffbb000)]
  0x0000000921a8f000 JavaThread "Unconstrained build operations Thread 56" [_thread_blocked, id=118275, stack(0x0000000300004000,0x0000000300207000)]
  0x00000009217d0000 JavaThread "Unconstrained build operations Thread 57" [_thread_blocked, id=117763, stack(0x0000000300210000,0x0000000300413000)]
  0x00000009217d1000 JavaThread "Unconstrained build operations Thread 58" [_thread_blocked, id=116995, stack(0x000000030041c000,0x000000030061f000)]
  0x00000009217d2000 JavaThread "Unconstrained build operations Thread 59" [_thread_blocked, id=116483, stack(0x0000000300628000,0x000000030082b000)]
  0x00000009217d3000 JavaThread "Unconstrained build operations Thread 60" [_thread_blocked, id=115715, stack(0x0000000300834000,0x0000000300a37000)]
  0x0000000921a90000 JavaThread "Unconstrained build operations Thread 61" [_thread_blocked, id=101123, stack(0x0000000300a40000,0x0000000300c43000)]
  0x0000000921a91000 JavaThread "Unconstrained build operations Thread 62" [_thread_blocked, id=114691, stack(0x0000000300c4c000,0x0000000300e4f000)]
  0x0000000921a92000 JavaThread "Unconstrained build operations Thread 63" [_thread_blocked, id=114179, stack(0x0000000300e58000,0x000000030105b000)]
  0x0000000921a93000 JavaThread "Unconstrained build operations Thread 64" [_thread_blocked, id=113667, stack(0x0000000301064000,0x0000000301267000)]
  0x0000000921a95000 JavaThread "Unconstrained build operations Thread 65" [_thread_blocked, id=112899, stack(0x0000000301270000,0x0000000301473000)]
  0x0000000921a96000 JavaThread "Unconstrained build operations Thread 66" [_thread_blocked, id=112131, stack(0x000000030147c000,0x000000030167f000)]
  0x0000000921a97000 JavaThread "Unconstrained build operations Thread 67" [_thread_blocked, id=101891, stack(0x0000000301688000,0x000000030188b000)]
  0x00000009217a1000 JavaThread "Unconstrained build operations Thread 68" [_thread_blocked, id=102403, stack(0x0000000301894000,0x0000000301a97000)]
  0x0000000922000000 JavaThread "Unconstrained build operations Thread 69" [_thread_blocked, id=102659, stack(0x0000000301aa0000,0x0000000301ca3000)]
  0x0000000922001000 JavaThread "Unconstrained build operations Thread 70" [_thread_blocked, id=103171, stack(0x0000000301cac000,0x0000000301eaf000)]
  0x0000000922002000 JavaThread "Unconstrained build operations Thread 71" [_thread_blocked, id=103683, stack(0x0000000301eb8000,0x00000003020bb000)]
  0x0000000922003000 JavaThread "Unconstrained build operations Thread 72" [_thread_blocked, id=109827, stack(0x00000003020c4000,0x00000003022c7000)]
  0x0000000922004000 JavaThread "Unconstrained build operations Thread 73" [_thread_blocked, id=104195, stack(0x00000003022d0000,0x00000003024d3000)]
  0x0000000922005000 JavaThread "Unconstrained build operations Thread 74" [_thread_blocked, id=108547, stack(0x00000003024dc000,0x00000003026df000)]
  0x0000000922007000 JavaThread "Unconstrained build operations Thread 75" [_thread_blocked, id=104707, stack(0x00000003026e8000,0x00000003028eb000)]
  0x0000000921a94000 JavaThread "Unconstrained build operations Thread 76" [_thread_blocked, id=105475, stack(0x00000003028f4000,0x0000000302af7000)]
  0x0000000922008000 JavaThread "Unconstrained build operations Thread 77" [_thread_blocked, id=105987, stack(0x0000000302b00000,0x0000000302d03000)]
  0x0000000922009000 JavaThread "Unconstrained build operations Thread 78" [_thread_blocked, id=107523, stack(0x0000000302d0c000,0x0000000302f0f000)]
  0x000000092200a000 JavaThread "Unconstrained build operations Thread 79" [_thread_blocked, id=106755, stack(0x0000000302f18000,0x000000030311b000)]
  0x000000092200b000 JavaThread "Unconstrained build operations Thread 80" [_thread_blocked, id=131331, stack(0x0000000303124000,0x0000000303327000)]
  0x0000000922010000 JavaThread "Unconstrained build operations Thread 81" [_thread_blocked, id=132099, stack(0x0000000303330000,0x0000000303533000)]
  0x0000000922011000 JavaThread "Unconstrained build operations Thread 82" [_thread_blocked, id=174083, stack(0x000000030353c000,0x000000030373f000)]
  0x0000000922012000 JavaThread "Unconstrained build operations Thread 83" [_thread_blocked, id=173827, stack(0x0000000303748000,0x000000030394b000)]
  0x0000000922013000 JavaThread "Unconstrained build operations Thread 84" [_thread_blocked, id=173059, stack(0x0000000303954000,0x0000000303b57000)]
  0x0000000922018000 JavaThread "Unconstrained build operations Thread 85" [_thread_blocked, id=172547, stack(0x0000000303b60000,0x0000000303d63000)]
  0x0000000922019000 JavaThread "Unconstrained build operations Thread 86" [_thread_blocked, id=172291, stack(0x0000000303d6c000,0x0000000303f6f000)]
  0x000000092201a000 JavaThread "Unconstrained build operations Thread 87" [_thread_blocked, id=134147, stack(0x0000000303f78000,0x000000030417b000)]
  0x0000000922006000 JavaThread "Unconstrained build operations Thread 88" [_thread_blocked, id=134915, stack(0x0000000304184000,0x0000000304387000)]
  0x000000092201c000 JavaThread "Unconstrained build operations Thread 89" [_thread_blocked, id=135427, stack(0x0000000304390000,0x0000000304593000)]
  0x000000092201d000 JavaThread "Unconstrained build operations Thread 90" [_thread_blocked, id=135939, stack(0x000000030459c000,0x000000030479f000)]
  0x000000092201e000 JavaThread "Unconstrained build operations Thread 91" [_thread_blocked, id=170755, stack(0x00000003047a8000,0x00000003049ab000)]
  0x000000092201f000 JavaThread "Unconstrained build operations Thread 92" [_thread_blocked, id=136707, stack(0x00000003049b4000,0x0000000304bb7000)]
  0x0000000921ab8000 JavaThread "Unconstrained build operations Thread 93" [_thread_blocked, id=137475, stack(0x0000000304bc0000,0x0000000304dc3000)]
  0x0000000921ab9000 JavaThread "Unconstrained build operations Thread 94" [_thread_blocked, id=137987, stack(0x0000000304dcc000,0x0000000304fcf000)]
  0x0000000921aba000 JavaThread "Unconstrained build operations Thread 95" [_thread_blocked, id=169987, stack(0x0000000304fd8000,0x00000003051db000)]
  0x0000000921abf000 JavaThread "Unconstrained build operations Thread 96" [_thread_blocked, id=138755, stack(0x00000003051e4000,0x00000003053e7000)]
  0x0000000921abb000 JavaThread "Unconstrained build operations Thread 97" [_thread_blocked, id=169475, stack(0x00000003053f0000,0x00000003055f3000)]
  0x0000000921ac0000 JavaThread "Unconstrained build operations Thread 98" [_thread_blocked, id=139523, stack(0x00000003055fc000,0x00000003057ff000)]
  0x0000000921ac1000 JavaThread "Unconstrained build operations Thread 99" [_thread_blocked, id=168451, stack(0x0000000305808000,0x0000000305a0b000)]
  0x0000000921ac2000 JavaThread "Unconstrained build operations Thread 100" [_thread_blocked, id=167939, stack(0x0000000305a14000,0x0000000305c17000)]
  0x0000000922094000 JavaThread "WorkerExecutor Queue" [_thread_blocked, id=167683, stack(0x0000000305c20000,0x0000000305e23000)]
  0x0000000922095000 JavaThread "WorkerExecutor Queue Thread 2" [_thread_in_vm, id=140803, stack(0x0000000305e2c000,0x000000030602f000)]
  0x0000000922096000 JavaThread "WorkerExecutor Queue Thread 3" [_thread_in_vm, id=141571, stack(0x0000000306038000,0x000000030623b000)]
  0x0000000921af0000 JavaThread "WorkerExecutor Queue Thread 4" [_thread_in_vm, id=142083, stack(0x0000000306244000,0x0000000306447000)]
  0x0000000921af1000 JavaThread "WorkerExecutor Queue Thread 5" [_thread_in_native, id=142595, stack(0x0000000306450000,0x0000000306653000)]
=>0x0000000921af3000 JavaThread "WorkerExecutor Queue Thread 6" [_thread_in_vm, id=165891, stack(0x000000030665c000,0x000000030685f000)]
  0x0000000921afc000 JavaThread "WorkerExecutor Queue Thread 7" [_thread_blocked, id=165379, stack(0x0000000306868000,0x0000000306a6b000)]
  0x0000000921afd000 JavaThread "WorkerExecutor Queue Thread 8" [_thread_in_vm, id=164867, stack(0x0000000306a74000,0x0000000306c77000)]
  0x0000000921afe000 JavaThread "WorkerExecutor Queue Thread 9" [_thread_blocked, id=143875, stack(0x0000000306c80000,0x0000000306e83000)]
  0x0000000921aff000 JavaThread "WorkerExecutor Queue Thread 10" [_thread_in_vm, id=144643, stack(0x0000000306e8c000,0x000000030708f000)]

Other Threads:
  0x000000091f4c5000 VMThread "VM Thread" [stack: 0x00000001704f4000,0x00000001706f7000] [id=21507]
  0x000000091f4c5800 WatcherThread [stack: 0x0000000171878000,0x0000000171a7b000] [id=23299]
  0x000000091f401000 GCTaskThread "GC Thread#0" [stack: 0x000000016fab8000,0x000000016fcbb000] [id=12035]
  0x000000091f9d4000 GCTaskThread "GC Thread#1" [stack: 0x0000000171a84000,0x0000000171c87000] [id=29443]
  0x000000091f9d5000 GCTaskThread "GC Thread#2" [stack: 0x0000000171c90000,0x0000000171e93000] [id=29187]
  0x000000091f9d5800 GCTaskThread "GC Thread#3" [stack: 0x0000000171e9c000,0x000000017209f000] [id=23811]
  0x000000091f9d6800 GCTaskThread "GC Thread#4" [stack: 0x00000001720a8000,0x00000001722ab000] [id=24323]
  0x000000091f9d7000 GCTaskThread "GC Thread#5" [stack: 0x00000001722b4000,0x00000001724b7000] [id=28419]
  0x00000009204f1000 GCTaskThread "GC Thread#6" [stack: 0x0000000173938000,0x0000000173b3b000] [id=34819]
  0x00000009204f1800 GCTaskThread "GC Thread#7" [stack: 0x0000000173b44000,0x0000000173d47000] [id=35075]
  0x00000009204f2800 GCTaskThread "GC Thread#8" [stack: 0x0000000173d50000,0x0000000173f53000] [id=40707]
  0x000000091f401800 ConcurrentGCThread "G1 Main Marker" [stack: 0x000000016fcc4000,0x000000016fec7000] [id=12547]
  0x000000091f402800 ConcurrentGCThread "G1 Conc#0" [stack: 0x000000016fed0000,0x00000001700d3000] [id=14851]
  0x00000009204f3000 ConcurrentGCThread "G1 Conc#1" [stack: 0x0000000173f5c000,0x000000017415f000] [id=35331]
  0x000000091f403000 ConcurrentGCThread "G1 Refine#0" [stack: 0x00000001700dc000,0x00000001702df000] [id=12803]
  0x000000091f4c4000 ConcurrentGCThread "G1 Young RemSet Sampling" [stack: 0x00000001702e8000,0x00000001704eb000] [id=13315]

Threads with active compile tasks:
C2 CompilerThread0     7674 12504       4       java.net.URLClassLoader$1::run (5 bytes)
C1 CompilerThread0     7674 12717       2       com.android.tools.r8.graph.v2::a (977 bytes)

VM state:not at safepoint (normal execution)

VM Mutex/Monitor currently owned by a thread: None

Heap address: 0x0000000500000000, size: 2048 MB, Compressed Oops mode: Zero based, Oop shift amount: 3
Narrow klass base: 0x0000000d00000000, Narrow klass shift: 0
Compressed class space size: 1073741824 Address: 0x0000000d00000000

Heap:
 garbage-first heap   total 315392K, used 135168K [0x0000000500000000, 0x0000000580000000)
  region size 1024K, 32 young (32768K), 19 survivors (19456K)
 Metaspace       used 103723K, capacity 107344K, committed 107632K, reserved 1140736K
  class space    used 13946K, capacity 15445K, committed 15552K, reserved 1048576K
Heap Regions: E=young(eden), S=young(survivor), O=old, HS=humongous(starts), HC=humongous(continues), CS=collection set, F=free, A=archive, TAMS=top-at-mark-start (previous, next)
|   0|0x0000000500000000, 0x0000000500100000, 0x0000000500100000|100%|HS|  |TAMS 0x0000000500100000, 0x0000000500000000| Complete 
|   1|0x0000000500100000, 0x0000000500200000, 0x0000000500200000|100%|HC|  |TAMS 0x0000000500200000, 0x0000000500100000| Complete 
|   2|0x0000000500200000, 0x0000000500300000, 0x0000000500300000|100%|HC|  |TAMS 0x0000000500300000, 0x0000000500200000| Complete 
|   3|0x0000000500300000, 0x0000000500400000, 0x0000000500400000|100%|HC|  |TAMS 0x0000000500400000, 0x0000000500300000| Complete 
|   4|0x0000000500400000, 0x0000000500500000, 0x0000000500500000|100%| O|  |TAMS 0x0000000500500000, 0x0000000500400000| Untracked 
|   5|0x0000000500500000, 0x0000000500600000, 0x0000000500600000|100%| O|  |TAMS 0x0000000500600000, 0x0000000500500000| Untracked 
|   6|0x0000000500600000, 0x0000000500700000, 0x0000000500700000|100%| O|  |TAMS 0x0000000500700000, 0x0000000500600000| Untracked 
|   7|0x0000000500700000, 0x0000000500800000, 0x0000000500800000|100%| O|  |TAMS 0x0000000500800000, 0x0000000500700000| Untracked 
|   8|0x0000000500800000, 0x0000000500900000, 0x0000000500900000|100%| O|  |TAMS 0x0000000500900000, 0x0000000500800000| Untracked 
|   9|0x0000000500900000, 0x0000000500a00000, 0x0000000500a00000|100%| O|  |TAMS 0x0000000500a00000, 0x0000000500900000| Untracked 
|  10|0x0000000500a00000, 0x0000000500b00000, 0x0000000500b00000|100%| O|  |TAMS 0x0000000500b00000, 0x0000000500a00000| Untracked 
|  11|0x0000000500b00000, 0x0000000500c00000, 0x0000000500c00000|100%| O|  |TAMS 0x0000000500c00000, 0x0000000500b00000| Untracked 
|  12|0x0000000500c00000, 0x0000000500d00000, 0x0000000500d00000|100%| O|  |TAMS 0x0000000500d00000, 0x0000000500c00000| Untracked 
|  13|0x0000000500d00000, 0x0000000500e00000, 0x0000000500e00000|100%| O|  |TAMS 0x0000000500e00000, 0x0000000500d00000| Untracked 
|  14|0x0000000500e00000, 0x0000000500f00000, 0x0000000500f00000|100%| O|  |TAMS 0x0000000500f00000, 0x0000000500e00000| Untracked 
|  15|0x0000000500f00000, 0x0000000501000000, 0x0000000501000000|100%| O|  |TAMS 0x0000000501000000, 0x0000000500f00000| Untracked 
|  16|0x0000000501000000, 0x0000000501100000, 0x0000000501100000|100%| O|  |TAMS 0x0000000501100000, 0x0000000501000000| Untracked 
|  17|0x0000000501100000, 0x0000000501200000, 0x0000000501200000|100%| O|  |TAMS 0x0000000501200000, 0x0000000501100000| Untracked 
|  18|0x0000000501200000, 0x0000000501300000, 0x0000000501300000|100%| O|  |TAMS 0x0000000501300000, 0x0000000501200000| Untracked 
|  19|0x0000000501300000, 0x0000000501400000, 0x0000000501400000|100%|HS|  |TAMS 0x0000000501400000, 0x0000000501300000| Complete 
|  20|0x0000000501400000, 0x0000000501500000, 0x0000000501500000|100%|HS|  |TAMS 0x0000000501500000, 0x0000000501400000| Complete 
|  21|0x0000000501500000, 0x0000000501600000, 0x0000000501600000|100%|HC|  |TAMS 0x0000000501600000, 0x0000000501500000| Complete 
|  22|0x0000000501600000, 0x0000000501700000, 0x0000000501700000|100%|HS|  |TAMS 0x0000000501700000, 0x0000000501600000| Complete 
|  23|0x0000000501700000, 0x0000000501800000, 0x0000000501800000|100%|HS|  |TAMS 0x0000000501800000, 0x0000000501700000| Complete 
|  24|0x0000000501800000, 0x0000000501900000, 0x0000000501900000|100%|HC|  |TAMS 0x0000000501900000, 0x0000000501800000| Complete 
|  25|0x0000000501900000, 0x0000000501a00000, 0x0000000501a00000|100%|HC|  |TAMS 0x0000000501a00000, 0x0000000501900000| Complete 
|  26|0x0000000501a00000, 0x0000000501b00000, 0x0000000501b00000|100%|HC|  |TAMS 0x0000000501b00000, 0x0000000501a00000| Complete 
|  27|0x0000000501b00000, 0x0000000501c00000, 0x0000000501c00000|100%| O|  |TAMS 0x0000000501c00000, 0x0000000501b00000| Untracked 
|  28|0x0000000501c00000, 0x0000000501d00000, 0x0000000501d00000|100%|HS|  |TAMS 0x0000000501d00000, 0x0000000501c00000| Complete 
|  29|0x0000000501d00000, 0x0000000501e00000, 0x0000000501e00000|100%|HS|  |TAMS 0x0000000501e00000, 0x0000000501d00000| Complete 
|  30|0x0000000501e00000, 0x0000000501f00000, 0x0000000501f00000|100%|HC|  |TAMS 0x0000000501f00000, 0x0000000501e00000| Complete 
|  31|0x0000000501f00000, 0x0000000502000000, 0x0000000502000000|100%| O|  |TAMS 0x0000000502000000, 0x0000000501f00000| Untracked 
|  32|0x0000000502000000, 0x0000000502100000, 0x0000000502100000|100%| O|  |TAMS 0x0000000502100000, 0x0000000502000000| Untracked 
|  33|0x0000000502100000, 0x0000000502200000, 0x0000000502200000|100%| O|  |TAMS 0x0000000502200000, 0x0000000502100000| Untracked 
|  34|0x0000000502200000, 0x0000000502300000, 0x0000000502300000|100%| O|  |TAMS 0x0000000502300000, 0x0000000502200000| Untracked 
|  35|0x0000000502300000, 0x0000000502400000, 0x0000000502400000|100%| O|  |TAMS 0x0000000502400000, 0x0000000502300000| Untracked 
|  36|0x0000000502400000, 0x0000000502500000, 0x0000000502500000|100%|HS|  |TAMS 0x0000000502500000, 0x0000000502400000| Complete 
|  37|0x0000000502500000, 0x0000000502600000, 0x0000000502600000|100%|HC|  |TAMS 0x0000000502600000, 0x0000000502500000| Complete 
|  38|0x0000000502600000, 0x0000000502700000, 0x0000000502700000|100%|HC|  |TAMS 0x0000000502700000, 0x0000000502600000| Complete 
|  39|0x0000000502700000, 0x0000000502800000, 0x0000000502800000|100%|HC|  |TAMS 0x0000000502800000, 0x0000000502700000| Complete 
|  40|0x0000000502800000, 0x0000000502900000, 0x0000000502900000|100%| O|  |TAMS 0x0000000502900000, 0x0000000502800000| Untracked 
|  41|0x0000000502900000, 0x0000000502a00000, 0x0000000502a00000|100%| O|  |TAMS 0x0000000502a00000, 0x0000000502900000| Untracked 
|  42|0x0000000502a00000, 0x0000000502b00000, 0x0000000502b00000|100%| O|  |TAMS 0x0000000502b00000, 0x0000000502a00000| Untracked 
|  43|0x0000000502b00000, 0x0000000502c00000, 0x0000000502c00000|100%| O|  |TAMS 0x0000000502c00000, 0x0000000502b00000| Untracked 
|  44|0x0000000502c00000, 0x0000000502d00000, 0x0000000502d00000|100%| O|  |TAMS 0x0000000502d00000, 0x0000000502c00000| Untracked 
|  45|0x0000000502d00000, 0x0000000502e00000, 0x0000000502e00000|100%| O|  |TAMS 0x0000000502e00000, 0x0000000502d00000| Untracked 
|  46|0x0000000502e00000, 0x0000000502f00000, 0x0000000502f00000|100%| O|  |TAMS 0x0000000502f00000, 0x0000000502e00000| Untracked 
|  47|0x0000000502f00000, 0x0000000503000000, 0x0000000503000000|100%| O|  |TAMS 0x0000000503000000, 0x0000000502f00000| Untracked 
|  48|0x0000000503000000, 0x0000000503100000, 0x0000000503100000|100%| O|  |TAMS 0x0000000503100000, 0x0000000503000000| Untracked 
|  49|0x0000000503100000, 0x0000000503200000, 0x0000000503200000|100%| O|  |TAMS 0x0000000503200000, 0x0000000503100000| Untracked 
|  50|0x0000000503200000, 0x0000000503300000, 0x0000000503300000|100%| O|  |TAMS 0x0000000503300000, 0x0000000503200000| Untracked 
|  51|0x0000000503300000, 0x0000000503400000, 0x0000000503400000|100%| O|  |TAMS 0x0000000503400000, 0x0000000503300000| Untracked 
|  52|0x0000000503400000, 0x0000000503500000, 0x0000000503500000|100%| O|  |TAMS 0x0000000503500000, 0x0000000503400000| Untracked 
|  53|0x0000000503500000, 0x0000000503600000, 0x0000000503600000|100%| O|  |TAMS 0x0000000503600000, 0x0000000503500000| Untracked 
|  54|0x0000000503600000, 0x0000000503700000, 0x0000000503700000|100%| O|  |TAMS 0x0000000503700000, 0x0000000503600000| Untracked 
|  55|0x0000000503700000, 0x0000000503800000, 0x0000000503800000|100%| O|  |TAMS 0x0000000503800000, 0x0000000503700000| Untracked 
|  56|0x0000000503800000, 0x0000000503900000, 0x0000000503900000|100%| O|  |TAMS 0x0000000503900000, 0x0000000503800000| Untracked 
|  57|0x0000000503900000, 0x0000000503a00000, 0x0000000503a00000|100%| O|  |TAMS 0x0000000503a00000, 0x0000000503900000| Untracked 
|  58|0x0000000503a00000, 0x0000000503b00000, 0x0000000503b00000|100%| O|  |TAMS 0x0000000503b00000, 0x0000000503a00000| Untracked 
|  59|0x0000000503b00000, 0x0000000503c00000, 0x0000000503c00000|100%| O|  |TAMS 0x0000000503c00000, 0x0000000503b00000| Untracked 
|  60|0x0000000503c00000, 0x0000000503d00000, 0x0000000503d00000|100%| O|  |TAMS 0x0000000503d00000, 0x0000000503c00000| Untracked 
|  61|0x0000000503d00000, 0x0000000503e00000, 0x0000000503e00000|100%| O|  |TAMS 0x0000000503e00000, 0x0000000503d00000| Untracked 
|  62|0x0000000503e00000, 0x0000000503f00000, 0x0000000503f00000|100%| O|  |TAMS 0x0000000503f00000, 0x0000000503e00000| Untracked 
|  63|0x0000000503f00000, 0x0000000504000000, 0x0000000504000000|100%| O|  |TAMS 0x0000000504000000, 0x0000000503f00000| Untracked 
|  64|0x0000000504000000, 0x0000000504100000, 0x0000000504100000|100%| O|  |TAMS 0x0000000504100000, 0x0000000504000000| Untracked 
|  65|0x0000000504100000, 0x0000000504200000, 0x0000000504200000|100%| O|  |TAMS 0x00000005041f6800, 0x0000000504100000| Untracked 
|  66|0x0000000504200000, 0x0000000504300000, 0x0000000504300000|100%| O|  |TAMS 0x0000000504200000, 0x0000000504200000| Untracked 
|  67|0x0000000504300000, 0x0000000504400000, 0x0000000504400000|100%| O|  |TAMS 0x0000000504300000, 0x0000000504300000| Untracked 
|  68|0x0000000504400000, 0x0000000504500000, 0x0000000504500000|100%| O|  |TAMS 0x0000000504400000, 0x0000000504400000| Untracked 
|  69|0x0000000504500000, 0x0000000504600000, 0x0000000504600000|100%| O|  |TAMS 0x0000000504500000, 0x0000000504500000| Untracked 
|  70|0x0000000504600000, 0x0000000504700000, 0x0000000504700000|100%| O|  |TAMS 0x0000000504600000, 0x0000000504600000| Untracked 
|  71|0x0000000504700000, 0x0000000504800000, 0x0000000504800000|100%| O|  |TAMS 0x0000000504700000, 0x0000000504700000| Untracked 
|  72|0x0000000504800000, 0x0000000504900000, 0x0000000504900000|100%| O|  |TAMS 0x0000000504800000, 0x0000000504800000| Untracked 
|  73|0x0000000504900000, 0x0000000504a00000, 0x0000000504a00000|100%| O|  |TAMS 0x0000000504900000, 0x0000000504900000| Untracked 
|  74|0x0000000504a00000, 0x0000000504b00000, 0x0000000504b00000|100%| O|  |TAMS 0x0000000504a00000, 0x0000000504a00000| Untracked 
|  75|0x0000000504b00000, 0x0000000504c00000, 0x0000000504c00000|100%| O|  |TAMS 0x0000000504b00000, 0x0000000504b00000| Untracked 
|  76|0x0000000504c00000, 0x0000000504d00000, 0x0000000504d00000|100%| O|  |TAMS 0x0000000504c00000, 0x0000000504c00000| Untracked 
|  77|0x0000000504d00000, 0x0000000504e00000, 0x0000000504e00000|100%| O|  |TAMS 0x0000000504d00000, 0x0000000504d00000| Untracked 
|  78|0x0000000504e00000, 0x0000000504f00000, 0x0000000504f00000|100%| O|  |TAMS 0x0000000504e00000, 0x0000000504e00000| Untracked 
|  79|0x0000000504f00000, 0x0000000505000000, 0x0000000505000000|100%| O|  |TAMS 0x0000000504f00000, 0x0000000504f00000| Untracked 
|  80|0x0000000505000000, 0x0000000505100000, 0x0000000505100000|100%| O|  |TAMS 0x0000000505000000, 0x0000000505000000| Untracked 
|  81|0x0000000505100000, 0x0000000505200000, 0x0000000505200000|100%| O|  |TAMS 0x0000000505100000, 0x0000000505100000| Untracked 
|  82|0x0000000505200000, 0x0000000505300000, 0x0000000505300000|100%| O|  |TAMS 0x0000000505200000, 0x0000000505200000| Untracked 
|  83|0x0000000505300000, 0x0000000505400000, 0x0000000505400000|100%| O|  |TAMS 0x0000000505300000, 0x0000000505300000| Untracked 
|  84|0x0000000505400000, 0x0000000505500000, 0x0000000505500000|100%| O|  |TAMS 0x0000000505400000, 0x0000000505400000| Untracked 
|  85|0x0000000505500000, 0x0000000505600000, 0x0000000505600000|100%| O|  |TAMS 0x0000000505500000, 0x0000000505500000| Untracked 
|  86|0x0000000505600000, 0x0000000505700000, 0x0000000505700000|100%| O|  |TAMS 0x0000000505600000, 0x0000000505600000| Untracked 
|  87|0x0000000505700000, 0x0000000505800000, 0x0000000505800000|100%| O|  |TAMS 0x0000000505700000, 0x0000000505700000| Untracked 
|  88|0x0000000505800000, 0x0000000505900000, 0x0000000505900000|100%| O|  |TAMS 0x0000000505800000, 0x0000000505800000| Untracked 
|  89|0x0000000505900000, 0x0000000505a00000, 0x0000000505a00000|100%| O|  |TAMS 0x0000000505900000, 0x0000000505900000| Untracked 
|  90|0x0000000505a00000, 0x0000000505b00000, 0x0000000505b00000|100%| O|  |TAMS 0x0000000505a00000, 0x0000000505a00000| Untracked 
|  91|0x0000000505b00000, 0x0000000505c00000, 0x0000000505c00000|100%| O|  |TAMS 0x0000000505b00000, 0x0000000505b00000| Untracked 
|  92|0x0000000505c00000, 0x0000000505d00000, 0x0000000505d00000|100%| O|  |TAMS 0x0000000505c00000, 0x0000000505c00000| Untracked 
|  93|0x0000000505d00000, 0x0000000505e00000, 0x0000000505e00000|100%| O|  |TAMS 0x0000000505d00000, 0x0000000505d00000| Untracked 
|  94|0x0000000505e00000, 0x0000000505e00000, 0x0000000505f00000|  0%| F|  |TAMS 0x0000000505e00000, 0x0000000505e00000| Untracked 
|  95|0x0000000505f00000, 0x0000000505f00000, 0x0000000506000000|  0%| F|  |TAMS 0x0000000505f00000, 0x0000000505f00000| Untracked 
|  96|0x0000000506000000, 0x0000000506000000, 0x0000000506100000|  0%| F|  |TAMS 0x0000000506000000, 0x0000000506000000| Untracked 
|  97|0x0000000506100000, 0x0000000506100000, 0x0000000506200000|  0%| F|  |TAMS 0x0000000506100000, 0x0000000506100000| Untracked 
|  98|0x0000000506200000, 0x0000000506300000, 0x0000000506300000|100%|HS|  |TAMS 0x0000000506200000, 0x0000000506200000| Complete 
|  99|0x0000000506300000, 0x0000000506400000, 0x0000000506400000|100%|HC|  |TAMS 0x0000000506300000, 0x0000000506300000| Complete 
| 100|0x0000000506400000, 0x0000000506500000, 0x0000000506500000|100%| O|  |TAMS 0x0000000506400000, 0x0000000506400000| Untracked 
| 101|0x0000000506500000, 0x0000000506600000, 0x0000000506600000|100%| O|  |TAMS 0x0000000506500000, 0x0000000506500000| Untracked 
| 102|0x0000000506600000, 0x0000000506700000, 0x0000000506700000|100%| O|  |TAMS 0x0000000506600000, 0x0000000506600000| Untracked 
| 103|0x0000000506700000, 0x0000000506800000, 0x0000000506800000|100%| O|  |TAMS 0x0000000506700000, 0x0000000506700000| Untracked 
| 104|0x0000000506800000, 0x0000000506900000, 0x0000000506900000|100%| O|  |TAMS 0x0000000506800000, 0x0000000506800000| Untracked 
| 105|0x0000000506900000, 0x0000000506a00000, 0x0000000506a00000|100%| O|  |TAMS 0x0000000506900000, 0x0000000506900000| Untracked 
| 106|0x0000000506a00000, 0x0000000506a00000, 0x0000000506b00000|  0%| F|  |TAMS 0x0000000506a00000, 0x0000000506a00000| Untracked 
| 107|0x0000000506b00000, 0x0000000506b00000, 0x0000000506c00000|  0%| F|  |TAMS 0x0000000506b00000, 0x0000000506b00000| Untracked 
| 108|0x0000000506c00000, 0x0000000506c00000, 0x0000000506d00000|  0%| F|  |TAMS 0x0000000506c00000, 0x0000000506c00000| Untracked 
| 109|0x0000000506d00000, 0x0000000506d00000, 0x0000000506e00000|  0%| F|  |TAMS 0x0000000506d00000, 0x0000000506d00000| Untracked 
| 110|0x0000000506e00000, 0x0000000506e00000, 0x0000000506f00000|  0%| F|  |TAMS 0x0000000506e00000, 0x0000000506e00000| Untracked 
| 111|0x0000000506f00000, 0x0000000506f00000, 0x0000000507000000|  0%| F|  |TAMS 0x0000000506f00000, 0x0000000506f00000| Untracked 
| 112|0x0000000507000000, 0x0000000507000000, 0x0000000507100000|  0%| F|  |TAMS 0x0000000507000000, 0x0000000507000000| Untracked 
| 113|0x0000000507100000, 0x0000000507100000, 0x0000000507200000|  0%| F|  |TAMS 0x0000000507100000, 0x0000000507100000| Untracked 
| 114|0x0000000507200000, 0x0000000507200000, 0x0000000507300000|  0%| F|  |TAMS 0x0000000507200000, 0x0000000507200000| Untracked 
| 115|0x0000000507300000, 0x0000000507300000, 0x0000000507400000|  0%| F|  |TAMS 0x0000000507300000, 0x0000000507300000| Untracked 
| 116|0x0000000507400000, 0x0000000507400000, 0x0000000507500000|  0%| F|  |TAMS 0x0000000507400000, 0x0000000507400000| Untracked 
| 117|0x0000000507500000, 0x0000000507500000, 0x0000000507600000|  0%| F|  |TAMS 0x0000000507500000, 0x0000000507500000| Untracked 
| 118|0x0000000507600000, 0x0000000507600000, 0x0000000507700000|  0%| F|  |TAMS 0x0000000507600000, 0x0000000507600000| Untracked 
| 119|0x0000000507700000, 0x0000000507700000, 0x0000000507800000|  0%| F|  |TAMS 0x0000000507700000, 0x0000000507700000| Untracked 
| 120|0x0000000507800000, 0x0000000507800000, 0x0000000507900000|  0%| F|  |TAMS 0x0000000507800000, 0x0000000507800000| Untracked 
| 121|0x0000000507900000, 0x0000000507900000, 0x0000000507a00000|  0%| F|  |TAMS 0x0000000507900000, 0x0000000507900000| Untracked 
| 122|0x0000000507a00000, 0x0000000507a00000, 0x0000000507b00000|  0%| F|  |TAMS 0x0000000507a00000, 0x0000000507a00000| Untracked 
| 123|0x0000000507b00000, 0x0000000507b00000, 0x0000000507c00000|  0%| F|  |TAMS 0x0000000507b00000, 0x0000000507b00000| Untracked 
| 124|0x0000000507c00000, 0x0000000507c00000, 0x0000000507d00000|  0%| F|  |TAMS 0x0000000507c00000, 0x0000000507c00000| Untracked 
| 125|0x0000000507d00000, 0x0000000507d00000, 0x0000000507e00000|  0%| F|  |TAMS 0x0000000507d00000, 0x0000000507d00000| Untracked 
| 126|0x0000000507e00000, 0x0000000507e00000, 0x0000000507f00000|  0%| F|  |TAMS 0x0000000507e00000, 0x0000000507e00000| Untracked 
| 127|0x0000000507f00000, 0x0000000507f00000, 0x0000000508000000|  0%| F|  |TAMS 0x0000000507f00000, 0x0000000507f00000| Untracked 
| 128|0x0000000508000000, 0x0000000508000000, 0x0000000508100000|  0%| F|  |TAMS 0x0000000508000000, 0x0000000508000000| Untracked 
| 129|0x0000000508100000, 0x0000000508100000, 0x0000000508200000|  0%| F|  |TAMS 0x0000000508100000, 0x0000000508100000| Untracked 
| 130|0x0000000508200000, 0x0000000508200000, 0x0000000508300000|  0%| F|  |TAMS 0x0000000508200000, 0x0000000508200000| Untracked 
| 131|0x0000000508300000, 0x0000000508300000, 0x0000000508400000|  0%| F|  |TAMS 0x0000000508300000, 0x0000000508300000| Untracked 
| 132|0x0000000508400000, 0x0000000508400000, 0x0000000508500000|  0%| F|  |TAMS 0x0000000508400000, 0x0000000508400000| Untracked 
| 133|0x0000000508500000, 0x0000000508500000, 0x0000000508600000|  0%| F|  |TAMS 0x0000000508500000, 0x0000000508500000| Untracked 
| 134|0x0000000508600000, 0x0000000508600000, 0x0000000508700000|  0%| F|  |TAMS 0x0000000508600000, 0x0000000508600000| Untracked 
| 135|0x0000000508700000, 0x0000000508700000, 0x0000000508800000|  0%| F|  |TAMS 0x0000000508700000, 0x0000000508700000| Untracked 
| 136|0x0000000508800000, 0x0000000508800000, 0x0000000508900000|  0%| F|  |TAMS 0x0000000508800000, 0x0000000508800000| Untracked 
| 137|0x0000000508900000, 0x0000000508900000, 0x0000000508a00000|  0%| F|  |TAMS 0x0000000508900000, 0x0000000508900000| Untracked 
| 138|0x0000000508a00000, 0x0000000508a00000, 0x0000000508b00000|  0%| F|  |TAMS 0x0000000508a00000, 0x0000000508a00000| Untracked 
| 139|0x0000000508b00000, 0x0000000508b00000, 0x0000000508c00000|  0%| F|  |TAMS 0x0000000508b00000, 0x0000000508b00000| Untracked 
| 140|0x0000000508c00000, 0x0000000508d00000, 0x0000000508d00000|100%| S|CS|TAMS 0x0000000508c00000, 0x0000000508c00000| Complete 
| 141|0x0000000508d00000, 0x0000000508e00000, 0x0000000508e00000|100%| S|CS|TAMS 0x0000000508d00000, 0x0000000508d00000| Complete 
| 142|0x0000000508e00000, 0x0000000508f00000, 0x0000000508f00000|100%| S|CS|TAMS 0x0000000508e00000, 0x0000000508e00000| Complete 
| 143|0x0000000508f00000, 0x0000000509000000, 0x0000000509000000|100%| S|CS|TAMS 0x0000000508f00000, 0x0000000508f00000| Complete 
| 144|0x0000000509000000, 0x0000000509100000, 0x0000000509100000|100%| S|CS|TAMS 0x0000000509000000, 0x0000000509000000| Complete 
| 145|0x0000000509100000, 0x0000000509200000, 0x0000000509200000|100%| S|CS|TAMS 0x0000000509100000, 0x0000000509100000| Complete 
| 146|0x0000000509200000, 0x0000000509300000, 0x0000000509300000|100%| S|CS|TAMS 0x0000000509200000, 0x0000000509200000| Complete 
| 147|0x0000000509300000, 0x0000000509400000, 0x0000000509400000|100%| S|CS|TAMS 0x0000000509300000, 0x0000000509300000| Complete 
| 148|0x0000000509400000, 0x0000000509500000, 0x0000000509500000|100%| S|CS|TAMS 0x0000000509400000, 0x0000000509400000| Complete 
| 149|0x0000000509500000, 0x0000000509600000, 0x0000000509600000|100%| S|CS|TAMS 0x0000000509500000, 0x0000000509500000| Complete 
| 150|0x0000000509600000, 0x0000000509700000, 0x0000000509700000|100%| S|CS|TAMS 0x0000000509600000, 0x0000000509600000| Complete 
| 151|0x0000000509700000, 0x0000000509800000, 0x0000000509800000|100%| S|CS|TAMS 0x0000000509700000, 0x0000000509700000| Complete 
| 152|0x0000000509800000, 0x0000000509900000, 0x0000000509900000|100%| S|CS|TAMS 0x0000000509800000, 0x0000000509800000| Complete 
| 153|0x0000000509900000, 0x0000000509a00000, 0x0000000509a00000|100%| S|CS|TAMS 0x0000000509900000, 0x0000000509900000| Complete 
| 154|0x0000000509a00000, 0x0000000509b00000, 0x0000000509b00000|100%| S|CS|TAMS 0x0000000509a00000, 0x0000000509a00000| Complete 
| 155|0x0000000509b00000, 0x0000000509b00000, 0x0000000509c00000|  0%| F|  |TAMS 0x0000000509b00000, 0x0000000509b00000| Untracked 
| 156|0x0000000509c00000, 0x0000000509c00000, 0x0000000509d00000|  0%| F|  |TAMS 0x0000000509c00000, 0x0000000509c00000| Untracked 
| 157|0x0000000509d00000, 0x0000000509d00000, 0x0000000509e00000|  0%| F|  |TAMS 0x0000000509d00000, 0x0000000509d00000| Untracked 
| 158|0x0000000509e00000, 0x0000000509e00000, 0x0000000509f00000|  0%| F|  |TAMS 0x0000000509e00000, 0x0000000509e00000| Untracked 
| 159|0x0000000509f00000, 0x0000000509f00000, 0x000000050a000000|  0%| F|  |TAMS 0x0000000509f00000, 0x0000000509f00000| Untracked 
| 160|0x000000050a000000, 0x000000050a000000, 0x000000050a100000|  0%| F|  |TAMS 0x000000050a000000, 0x000000050a000000| Untracked 
| 161|0x000000050a100000, 0x000000050a100000, 0x000000050a200000|  0%| F|  |TAMS 0x000000050a100000, 0x000000050a100000| Untracked 
| 162|0x000000050a200000, 0x000000050a300000, 0x000000050a300000|100%| S|CS|TAMS 0x000000050a200000, 0x000000050a200000| Complete 
| 163|0x000000050a300000, 0x000000050a400000, 0x000000050a400000|100%| S|CS|TAMS 0x000000050a300000, 0x000000050a300000| Complete 
| 164|0x000000050a400000, 0x000000050a500000, 0x000000050a500000|100%| S|CS|TAMS 0x000000050a400000, 0x000000050a400000| Complete 
| 165|0x000000050a500000, 0x000000050a600000, 0x000000050a600000|100%| S|CS|TAMS 0x000000050a500000, 0x000000050a500000| Complete 
| 166|0x000000050a600000, 0x000000050a600000, 0x000000050a700000|  0%| F|  |TAMS 0x000000050a600000, 0x000000050a600000| Untracked 
| 167|0x000000050a700000, 0x000000050a700000, 0x000000050a800000|  0%| F|  |TAMS 0x000000050a700000, 0x000000050a700000| Untracked 
| 168|0x000000050a800000, 0x000000050a800000, 0x000000050a900000|  0%| F|  |TAMS 0x000000050a800000, 0x000000050a800000| Untracked 
| 169|0x000000050a900000, 0x000000050a900000, 0x000000050aa00000|  0%| F|  |TAMS 0x000000050a900000, 0x000000050a900000| Untracked 
| 170|0x000000050aa00000, 0x000000050aa00000, 0x000000050ab00000|  0%| F|  |TAMS 0x000000050aa00000, 0x000000050aa00000| Untracked 
| 171|0x000000050ab00000, 0x000000050ab00000, 0x000000050ac00000|  0%| F|  |TAMS 0x000000050ab00000, 0x000000050ab00000| Untracked 
| 172|0x000000050ac00000, 0x000000050ac00000, 0x000000050ad00000|  0%| F|  |TAMS 0x000000050ac00000, 0x000000050ac00000| Untracked 
| 173|0x000000050ad00000, 0x000000050ad00000, 0x000000050ae00000|  0%| F|  |TAMS 0x000000050ad00000, 0x000000050ad00000| Untracked 
| 174|0x000000050ae00000, 0x000000050ae00000, 0x000000050af00000|  0%| F|  |TAMS 0x000000050ae00000, 0x000000050ae00000| Untracked 
| 175|0x000000050af00000, 0x000000050af00000, 0x000000050b000000|  0%| F|  |TAMS 0x000000050af00000, 0x000000050af00000| Untracked 
| 176|0x000000050b000000, 0x000000050b000000, 0x000000050b100000|  0%| F|  |TAMS 0x000000050b000000, 0x000000050b000000| Untracked 
| 177|0x000000050b100000, 0x000000050b100000, 0x000000050b200000|  0%| F|  |TAMS 0x000000050b100000, 0x000000050b100000| Untracked 
| 178|0x000000050b200000, 0x000000050b200000, 0x000000050b300000|  0%| F|  |TAMS 0x000000050b200000, 0x000000050b200000| Untracked 
| 179|0x000000050b300000, 0x000000050b300000, 0x000000050b400000|  0%| F|  |TAMS 0x000000050b300000, 0x000000050b300000| Untracked 
| 180|0x000000050b400000, 0x000000050b400000, 0x000000050b500000|  0%| F|  |TAMS 0x000000050b400000, 0x000000050b400000| Untracked 
| 181|0x000000050b500000, 0x000000050b500000, 0x000000050b600000|  0%| F|  |TAMS 0x000000050b500000, 0x000000050b500000| Untracked 
| 182|0x000000050b600000, 0x000000050b600000, 0x000000050b700000|  0%| F|  |TAMS 0x000000050b600000, 0x000000050b600000| Untracked 
| 183|0x000000050b700000, 0x000000050b700000, 0x000000050b800000|  0%| F|  |TAMS 0x000000050b700000, 0x000000050b700000| Untracked 
| 184|0x000000050b800000, 0x000000050b800000, 0x000000050b900000|  0%| F|  |TAMS 0x000000050b800000, 0x000000050b800000| Untracked 
| 185|0x000000050b900000, 0x000000050b900000, 0x000000050ba00000|  0%| F|  |TAMS 0x000000050b900000, 0x000000050b900000| Untracked 
| 186|0x000000050ba00000, 0x000000050ba00000, 0x000000050bb00000|  0%| F|  |TAMS 0x000000050ba00000, 0x000000050ba00000| Untracked 
| 187|0x000000050bb00000, 0x000000050bb00000, 0x000000050bc00000|  0%| F|  |TAMS 0x000000050bb00000, 0x000000050bb00000| Untracked 
| 188|0x000000050bc00000, 0x000000050bc00000, 0x000000050bd00000|  0%| F|  |TAMS 0x000000050bc00000, 0x000000050bc00000| Untracked 
| 189|0x000000050bd00000, 0x000000050bd00000, 0x000000050be00000|  0%| F|  |TAMS 0x000000050bd00000, 0x000000050bd00000| Untracked 
| 190|0x000000050be00000, 0x000000050be00000, 0x000000050bf00000|  0%| F|  |TAMS 0x000000050be00000, 0x000000050be00000| Untracked 
| 191|0x000000050bf00000, 0x000000050bf00000, 0x000000050c000000|  0%| F|  |TAMS 0x000000050bf00000, 0x000000050bf00000| Untracked 
| 192|0x000000050c000000, 0x000000050c000000, 0x000000050c100000|  0%| F|  |TAMS 0x000000050c000000, 0x000000050c000000| Untracked 
| 193|0x000000050c100000, 0x000000050c100000, 0x000000050c200000|  0%| F|  |TAMS 0x000000050c100000, 0x000000050c100000| Untracked 
| 194|0x000000050c200000, 0x000000050c200000, 0x000000050c300000|  0%| F|  |TAMS 0x000000050c200000, 0x000000050c200000| Untracked 
| 195|0x000000050c300000, 0x000000050c300000, 0x000000050c400000|  0%| F|  |TAMS 0x000000050c300000, 0x000000050c300000| Untracked 
| 196|0x000000050c400000, 0x000000050c400000, 0x000000050c500000|  0%| F|  |TAMS 0x000000050c400000, 0x000000050c400000| Untracked 
| 197|0x000000050c500000, 0x000000050c500000, 0x000000050c600000|  0%| F|  |TAMS 0x000000050c500000, 0x000000050c500000| Untracked 
| 198|0x000000050c600000, 0x000000050c600000, 0x000000050c700000|  0%| F|  |TAMS 0x000000050c600000, 0x000000050c600000| Untracked 
| 199|0x000000050c700000, 0x000000050c700000, 0x000000050c800000|  0%| F|  |TAMS 0x000000050c700000, 0x000000050c700000| Untracked 
| 200|0x000000050c800000, 0x000000050c800000, 0x000000050c900000|  0%| F|  |TAMS 0x000000050c800000, 0x000000050c800000| Untracked 
| 201|0x000000050c900000, 0x000000050c900000, 0x000000050ca00000|  0%| F|  |TAMS 0x000000050c900000, 0x000000050c900000| Untracked 
| 202|0x000000050ca00000, 0x000000050ca00000, 0x000000050cb00000|  0%| F|  |TAMS 0x000000050ca00000, 0x000000050ca00000| Untracked 
| 203|0x000000050cb00000, 0x000000050cb00000, 0x000000050cc00000|  0%| F|  |TAMS 0x000000050cb00000, 0x000000050cb00000| Untracked 
| 204|0x000000050cc00000, 0x000000050cc00000, 0x000000050cd00000|  0%| F|  |TAMS 0x000000050cc00000, 0x000000050cc00000| Untracked 
| 205|0x000000050cd00000, 0x000000050cd00000, 0x000000050ce00000|  0%| F|  |TAMS 0x000000050cd00000, 0x000000050cd00000| Untracked 
| 206|0x000000050ce00000, 0x000000050ce00000, 0x000000050cf00000|  0%| F|  |TAMS 0x000000050ce00000, 0x000000050ce00000| Untracked 
| 207|0x000000050cf00000, 0x000000050cf00000, 0x000000050d000000|  0%| F|  |TAMS 0x000000050cf00000, 0x000000050cf00000| Untracked 
| 208|0x000000050d000000, 0x000000050d000000, 0x000000050d100000|  0%| F|  |TAMS 0x000000050d000000, 0x000000050d000000| Untracked 
| 209|0x000000050d100000, 0x000000050d100000, 0x000000050d200000|  0%| F|  |TAMS 0x000000050d100000, 0x000000050d100000| Untracked 
| 210|0x000000050d200000, 0x000000050d200000, 0x000000050d300000|  0%| F|  |TAMS 0x000000050d200000, 0x000000050d200000| Untracked 
| 211|0x000000050d300000, 0x000000050d300000, 0x000000050d400000|  0%| F|  |TAMS 0x000000050d300000, 0x000000050d300000| Untracked 
| 212|0x000000050d400000, 0x000000050d400000, 0x000000050d500000|  0%| F|  |TAMS 0x000000050d400000, 0x000000050d400000| Untracked 
| 213|0x000000050d500000, 0x000000050d500000, 0x000000050d600000|  0%| F|  |TAMS 0x000000050d500000, 0x000000050d500000| Untracked 
| 214|0x000000050d600000, 0x000000050d600000, 0x000000050d700000|  0%| F|  |TAMS 0x000000050d600000, 0x000000050d600000| Untracked 
| 215|0x000000050d700000, 0x000000050d700000, 0x000000050d800000|  0%| F|  |TAMS 0x000000050d700000, 0x000000050d700000| Untracked 
| 216|0x000000050d800000, 0x000000050d800000, 0x000000050d900000|  0%| F|  |TAMS 0x000000050d800000, 0x000000050d800000| Untracked 
| 217|0x000000050d900000, 0x000000050d900000, 0x000000050da00000|  0%| F|  |TAMS 0x000000050d900000, 0x000000050d900000| Untracked 
| 218|0x000000050da00000, 0x000000050da00000, 0x000000050db00000|  0%| F|  |TAMS 0x000000050da00000, 0x000000050da00000| Untracked 
| 219|0x000000050db00000, 0x000000050db00000, 0x000000050dc00000|  0%| F|  |TAMS 0x000000050db00000, 0x000000050db00000| Untracked 
| 220|0x000000050dc00000, 0x000000050dc00000, 0x000000050dd00000|  0%| F|  |TAMS 0x000000050dc00000, 0x000000050dc00000| Untracked 
| 221|0x000000050dd00000, 0x000000050dd00000, 0x000000050de00000|  0%| F|  |TAMS 0x000000050dd00000, 0x000000050dd00000| Untracked 
| 222|0x000000050de00000, 0x000000050de00000, 0x000000050df00000|  0%| F|  |TAMS 0x000000050de00000, 0x000000050de00000| Untracked 
| 223|0x000000050df00000, 0x000000050df00000, 0x000000050e000000|  0%| F|  |TAMS 0x000000050df00000, 0x000000050df00000| Untracked 
| 224|0x000000050e000000, 0x000000050e000000, 0x000000050e100000|  0%| F|  |TAMS 0x000000050e000000, 0x000000050e000000| Untracked 
| 225|0x000000050e100000, 0x000000050e100000, 0x000000050e200000|  0%| F|  |TAMS 0x000000050e100000, 0x000000050e100000| Untracked 
| 226|0x000000050e200000, 0x000000050e200000, 0x000000050e300000|  0%| F|  |TAMS 0x000000050e200000, 0x000000050e200000| Untracked 
| 227|0x000000050e300000, 0x000000050e300000, 0x000000050e400000|  0%| F|  |TAMS 0x000000050e300000, 0x000000050e300000| Untracked 
| 228|0x000000050e400000, 0x000000050e400000, 0x000000050e500000|  0%| F|  |TAMS 0x000000050e400000, 0x000000050e400000| Untracked 
| 229|0x000000050e500000, 0x000000050e500000, 0x000000050e600000|  0%| F|  |TAMS 0x000000050e500000, 0x000000050e500000| Untracked 
| 230|0x000000050e600000, 0x000000050e600000, 0x000000050e700000|  0%| F|  |TAMS 0x000000050e600000, 0x000000050e600000| Untracked 
| 231|0x000000050e700000, 0x000000050e700000, 0x000000050e800000|  0%| F|  |TAMS 0x000000050e700000, 0x000000050e700000| Untracked 
| 232|0x000000050e800000, 0x000000050e800000, 0x000000050e900000|  0%| F|  |TAMS 0x000000050e800000, 0x000000050e800000| Untracked 
| 233|0x000000050e900000, 0x000000050e900000, 0x000000050ea00000|  0%| F|  |TAMS 0x000000050e900000, 0x000000050e900000| Untracked 
| 234|0x000000050ea00000, 0x000000050ea00000, 0x000000050eb00000|  0%| F|  |TAMS 0x000000050ea00000, 0x000000050ea00000| Untracked 
| 235|0x000000050eb00000, 0x000000050eb00000, 0x000000050ec00000|  0%| F|  |TAMS 0x000000050eb00000, 0x000000050eb00000| Untracked 
| 236|0x000000050ec00000, 0x000000050ec00000, 0x000000050ed00000|  0%| F|  |TAMS 0x000000050ec00000, 0x000000050ec00000| Untracked 
| 237|0x000000050ed00000, 0x000000050ed00000, 0x000000050ee00000|  0%| F|  |TAMS 0x000000050ed00000, 0x000000050ed00000| Untracked 
| 238|0x000000050ee00000, 0x000000050ee00000, 0x000000050ef00000|  0%| F|  |TAMS 0x000000050ee00000, 0x000000050ee00000| Untracked 
| 239|0x000000050ef00000, 0x000000050ef00000, 0x000000050f000000|  0%| F|  |TAMS 0x000000050ef00000, 0x000000050ef00000| Untracked 
| 240|0x000000050f000000, 0x000000050f000000, 0x000000050f100000|  0%| F|  |TAMS 0x000000050f000000, 0x000000050f000000| Untracked 
| 241|0x000000050f100000, 0x000000050f100000, 0x000000050f200000|  0%| F|  |TAMS 0x000000050f100000, 0x000000050f100000| Untracked 
| 242|0x000000050f200000, 0x000000050f200000, 0x000000050f300000|  0%| F|  |TAMS 0x000000050f200000, 0x000000050f200000| Untracked 
| 243|0x000000050f300000, 0x000000050f300000, 0x000000050f400000|  0%| F|  |TAMS 0x000000050f300000, 0x000000050f300000| Untracked 
| 244|0x000000050f400000, 0x000000050f400000, 0x000000050f500000|  0%| F|  |TAMS 0x000000050f400000, 0x000000050f400000| Untracked 
| 245|0x000000050f500000, 0x000000050f500000, 0x000000050f600000|  0%| F|  |TAMS 0x000000050f500000, 0x000000050f500000| Untracked 
| 246|0x000000050f600000, 0x000000050f600000, 0x000000050f700000|  0%| F|  |TAMS 0x000000050f600000, 0x000000050f600000| Untracked 
| 247|0x000000050f700000, 0x000000050f700000, 0x000000050f800000|  0%| F|  |TAMS 0x000000050f700000, 0x000000050f700000| Untracked 
| 248|0x000000050f800000, 0x000000050f800000, 0x000000050f900000|  0%| F|  |TAMS 0x000000050f800000, 0x000000050f800000| Untracked 
| 249|0x000000050f900000, 0x000000050f900000, 0x000000050fa00000|  0%| F|  |TAMS 0x000000050f900000, 0x000000050f900000| Untracked 
| 250|0x000000050fa00000, 0x000000050fa00000, 0x000000050fb00000|  0%| F|  |TAMS 0x000000050fa00000, 0x000000050fa00000| Untracked 
| 251|0x000000050fb00000, 0x000000050fb00000, 0x000000050fc00000|  0%| F|  |TAMS 0x000000050fb00000, 0x000000050fb00000| Untracked 
| 252|0x000000050fc00000, 0x000000050fc00000, 0x000000050fd00000|  0%| F|  |TAMS 0x000000050fc00000, 0x000000050fc00000| Untracked 
| 253|0x000000050fd00000, 0x000000050fd00000, 0x000000050fe00000|  0%| F|  |TAMS 0x000000050fd00000, 0x000000050fd00000| Untracked 
| 254|0x000000050fe00000, 0x000000050fe00000, 0x000000050ff00000|  0%| F|  |TAMS 0x000000050fe00000, 0x000000050fe00000| Untracked 
| 255|0x000000050ff00000, 0x000000050ff00000, 0x0000000510000000|  0%| F|  |TAMS 0x000000050ff00000, 0x000000050ff00000| Untracked 
| 256|0x0000000510000000, 0x0000000510000000, 0x0000000510100000|  0%| F|  |TAMS 0x0000000510000000, 0x0000000510000000| Untracked 
| 257|0x0000000510100000, 0x0000000510100000, 0x0000000510200000|  0%| F|  |TAMS 0x0000000510100000, 0x0000000510100000| Untracked 
| 258|0x0000000510200000, 0x0000000510200000, 0x0000000510300000|  0%| F|  |TAMS 0x0000000510200000, 0x0000000510200000| Untracked 
| 259|0x0000000510300000, 0x0000000510300000, 0x0000000510400000|  0%| F|  |TAMS 0x0000000510300000, 0x0000000510300000| Untracked 
| 260|0x0000000510400000, 0x0000000510400000, 0x0000000510500000|  0%| F|  |TAMS 0x0000000510400000, 0x0000000510400000| Untracked 
| 261|0x0000000510500000, 0x0000000510500000, 0x0000000510600000|  0%| F|  |TAMS 0x0000000510500000, 0x0000000510500000| Untracked 
| 262|0x0000000510600000, 0x0000000510600000, 0x0000000510700000|  0%| F|  |TAMS 0x0000000510600000, 0x0000000510600000| Untracked 
| 263|0x0000000510700000, 0x0000000510700000, 0x0000000510800000|  0%| F|  |TAMS 0x0000000510700000, 0x0000000510700000| Untracked 
| 264|0x0000000510800000, 0x0000000510800000, 0x0000000510900000|  0%| F|  |TAMS 0x0000000510800000, 0x0000000510800000| Untracked 
| 265|0x0000000510900000, 0x0000000510900000, 0x0000000510a00000|  0%| F|  |TAMS 0x0000000510900000, 0x0000000510900000| Untracked 
| 266|0x0000000510a00000, 0x0000000510a00000, 0x0000000510b00000|  0%| F|  |TAMS 0x0000000510a00000, 0x0000000510a00000| Untracked 
| 267|0x0000000510b00000, 0x0000000510b00000, 0x0000000510c00000|  0%| F|  |TAMS 0x0000000510b00000, 0x0000000510b00000| Untracked 
| 268|0x0000000510c00000, 0x0000000510c00000, 0x0000000510d00000|  0%| F|  |TAMS 0x0000000510c00000, 0x0000000510c00000| Untracked 
| 269|0x0000000510d00000, 0x0000000510d00000, 0x0000000510e00000|  0%| F|  |TAMS 0x0000000510d00000, 0x0000000510d00000| Untracked 
| 270|0x0000000510e00000, 0x0000000510e00000, 0x0000000510f00000|  0%| F|  |TAMS 0x0000000510e00000, 0x0000000510e00000| Untracked 
| 271|0x0000000510f00000, 0x0000000510f00000, 0x0000000511000000|  0%| F|  |TAMS 0x0000000510f00000, 0x0000000510f00000| Untracked 
| 272|0x0000000511000000, 0x0000000511000000, 0x0000000511100000|  0%| F|  |TAMS 0x0000000511000000, 0x0000000511000000| Untracked 
| 273|0x0000000511100000, 0x0000000511100000, 0x0000000511200000|  0%| F|  |TAMS 0x0000000511100000, 0x0000000511100000| Untracked 
| 274|0x0000000511200000, 0x0000000511200000, 0x0000000511300000|  0%| F|  |TAMS 0x0000000511200000, 0x0000000511200000| Untracked 
| 275|0x0000000511300000, 0x0000000511300000, 0x0000000511400000|  0%| F|  |TAMS 0x0000000511300000, 0x0000000511300000| Untracked 
| 276|0x0000000511400000, 0x0000000511400000, 0x0000000511500000|  0%| F|  |TAMS 0x0000000511400000, 0x0000000511400000| Untracked 
| 277|0x0000000511500000, 0x0000000511500000, 0x0000000511600000|  0%| F|  |TAMS 0x0000000511500000, 0x0000000511500000| Untracked 
| 278|0x0000000511600000, 0x0000000511600000, 0x0000000511700000|  0%| F|  |TAMS 0x0000000511600000, 0x0000000511600000| Untracked 
| 279|0x0000000511700000, 0x0000000511700000, 0x0000000511800000|  0%| F|  |TAMS 0x0000000511700000, 0x0000000511700000| Untracked 
| 280|0x0000000511800000, 0x0000000511800000, 0x0000000511900000|  0%| F|  |TAMS 0x0000000511800000, 0x0000000511800000| Untracked 
| 281|0x0000000511900000, 0x0000000511900000, 0x0000000511a00000|  0%| F|  |TAMS 0x0000000511900000, 0x0000000511900000| Untracked 
| 282|0x0000000511a00000, 0x0000000511a00000, 0x0000000511b00000|  0%| F|  |TAMS 0x0000000511a00000, 0x0000000511a00000| Untracked 
| 283|0x0000000511b00000, 0x0000000511b00000, 0x0000000511c00000|  0%| F|  |TAMS 0x0000000511b00000, 0x0000000511b00000| Untracked 
| 284|0x0000000511c00000, 0x0000000511c00000, 0x0000000511d00000|  0%| F|  |TAMS 0x0000000511c00000, 0x0000000511c00000| Untracked 
| 285|0x0000000511d00000, 0x0000000511d00000, 0x0000000511e00000|  0%| F|  |TAMS 0x0000000511d00000, 0x0000000511d00000| Untracked 
| 286|0x0000000511e00000, 0x0000000511e00000, 0x0000000511f00000|  0%| F|  |TAMS 0x0000000511e00000, 0x0000000511e00000| Untracked 
| 287|0x0000000511f00000, 0x0000000511f00000, 0x0000000512000000|  0%| F|  |TAMS 0x0000000511f00000, 0x0000000511f00000| Untracked 
| 288|0x0000000512000000, 0x0000000512000000, 0x0000000512100000|  0%| F|  |TAMS 0x0000000512000000, 0x0000000512000000| Untracked 
| 289|0x0000000512100000, 0x0000000512100000, 0x0000000512200000|  0%| F|  |TAMS 0x0000000512100000, 0x0000000512100000| Untracked 
| 290|0x0000000512200000, 0x0000000512200000, 0x0000000512300000|  0%| F|  |TAMS 0x0000000512200000, 0x0000000512200000| Untracked 
| 291|0x0000000512300000, 0x0000000512300000, 0x0000000512400000|  0%| F|  |TAMS 0x0000000512300000, 0x0000000512300000| Untracked 
| 292|0x0000000512400000, 0x0000000512400000, 0x0000000512500000|  0%| F|  |TAMS 0x0000000512400000, 0x0000000512400000| Untracked 
| 293|0x0000000512500000, 0x0000000512500000, 0x0000000512600000|  0%| F|  |TAMS 0x0000000512500000, 0x0000000512500000| Untracked 
| 294|0x0000000512600000, 0x000000051265b3b8, 0x0000000512700000| 35%| E|  |TAMS 0x0000000512600000, 0x0000000512600000| Complete 
| 295|0x0000000512700000, 0x0000000512800000, 0x0000000512800000|100%| E|CS|TAMS 0x0000000512700000, 0x0000000512700000| Complete 
| 296|0x0000000512800000, 0x0000000512900000, 0x0000000512900000|100%| E|  |TAMS 0x0000000512800000, 0x0000000512800000| Complete 
| 297|0x0000000512900000, 0x0000000512a00000, 0x0000000512a00000|100%| E|CS|TAMS 0x0000000512900000, 0x0000000512900000| Complete 
| 298|0x0000000512a00000, 0x0000000512b00000, 0x0000000512b00000|100%| E|CS|TAMS 0x0000000512a00000, 0x0000000512a00000| Complete 
| 299|0x0000000512b00000, 0x0000000512c00000, 0x0000000512c00000|100%| E|CS|TAMS 0x0000000512b00000, 0x0000000512b00000| Complete 
| 300|0x0000000512c00000, 0x0000000512d00000, 0x0000000512d00000|100%| E|CS|TAMS 0x0000000512c00000, 0x0000000512c00000| Complete 
| 301|0x0000000512d00000, 0x0000000512e00000, 0x0000000512e00000|100%| E|CS|TAMS 0x0000000512d00000, 0x0000000512d00000| Complete 
| 302|0x0000000512e00000, 0x0000000512f00000, 0x0000000512f00000|100%| E|CS|TAMS 0x0000000512e00000, 0x0000000512e00000| Complete 
| 303|0x0000000512f00000, 0x0000000513000000, 0x0000000513000000|100%| E|CS|TAMS 0x0000000512f00000, 0x0000000512f00000| Complete 
| 304|0x0000000513000000, 0x0000000513100000, 0x0000000513100000|100%| E|CS|TAMS 0x0000000513000000, 0x0000000513000000| Complete 
| 305|0x0000000513100000, 0x0000000513200000, 0x0000000513200000|100%| E|CS|TAMS 0x0000000513100000, 0x0000000513100000| Complete 
| 306|0x0000000513200000, 0x0000000513300000, 0x0000000513300000|100%| E|CS|TAMS 0x0000000513200000, 0x0000000513200000| Complete 
| 307|0x0000000513300000, 0x0000000513400000, 0x0000000513400000|100%| E|CS|TAMS 0x0000000513300000, 0x0000000513300000| Complete 

Card table byte_map: [0x0000000105690000,0x0000000105a90000] _byte_map_base: 0x0000000102e90000

Marking Bits (Prev, Next): (CMBitMap*) 0x0000000100dcc4a8, (CMBitMap*) 0x0000000100dcc4e0
 Prev Bits: [0x000000011e534000, 0x0000000120534000)
 Next Bits: [0x0000000120534000, 0x0000000122534000)

Polling page: 0x0000000100608000

Metaspace:

Usage:
  Non-class:     89.92 MB capacity,    87.83 MB ( 98%) used,     1.64 MB (  2%) free+waste,   453.00 KB ( <1%) overhead. 
      Class:     15.14 MB capacity,    13.66 MB ( 90%) used,     1.27 MB (  8%) free+waste,   213.88 KB (  1%) overhead. 
       Both:    105.05 MB capacity,   101.50 MB ( 97%) used,     2.91 MB (  3%) free+waste,   666.88 KB ( <1%) overhead. 

Virtual space:
  Non-class space:       90.00 MB reserved,      89.92 MB (>99%) committed 
      Class space:        1.00 GB reserved,      15.19 MB (  1%) committed 
             Both:        1.09 GB reserved,     105.11 MB (  9%) committed 

Chunk freelists:
   Non-Class:  0 bytes
       Class:  0 bytes
        Both:  0 bytes

MaxMetaspaceSize: unlimited
CompressedClassSpaceSize: 1.00 GB
Initial GC threshold: 20.80 MB
Current GC threshold: 135.19 MB
CDS: off

CodeHeap 'non-profiled nmethods': size=120032Kb used=5689Kb max_used=5689Kb free=114342Kb
 bounds [0x0000000116bfc000, 0x000000011718c000, 0x000000011e134000]
CodeHeap 'profiled nmethods': size=120016Kb used=26969Kb max_used=26969Kb free=93046Kb
 bounds [0x000000010f6c8000, 0x0000000111128000, 0x0000000116bfc000]
CodeHeap 'non-nmethods': size=5712Kb used=1553Kb max_used=1635Kb free=4159Kb
 bounds [0x000000010f134000, 0x000000010f3a4000, 0x000000010f6c8000]
 total_blobs=12832 nmethods=12034 adapters=714
 compilation: enabled
              stopped_count=0, restarted_count=0
 full_count=0

Compilation events (20 events):
Event: 7.605 Thread 0x000000091f5b9000 nmethod 12683 0x0000000117187a90 code [0x0000000117187c40, 0x0000000117187d50]
Event: 7.605 Thread 0x000000091f5b9000 12684       1       com.android.tools.r8.ProgramResource$ByteResource::getOrigin (5 bytes)
Event: 7.605 Thread 0x000000091f5b9000 nmethod 12684 0x0000000117187e10 code [0x0000000117187fc0, 0x0000000117188110]
Event: 7.605 Thread 0x000000091f5b9000 12685       1       com.android.tools.r8.graph.v0::j (5 bytes)
Event: 7.605 Thread 0x000000091f5b9000 nmethod 12685 0x0000000117188190 code [0x0000000117188340, 0x0000000117188490]
Event: 7.605 Thread 0x000000091f5b9000 12687       1       com.android.tools.r8.graph.K::h0 (2 bytes)
Event: 7.605 Thread 0x000000091f5b9000 nmethod 12687 0x0000000117188510 code [0x00000001171886c0, 0x0000000117188810]
Event: 7.605 Thread 0x000000091f5b9000 12688       1       com.android.tools.r8.graph.a1::g0 (2 bytes)
Event: 7.605 Thread 0x000000091f5b9000 nmethod 12688 0x0000000117188890 code [0x0000000117188a40, 0x0000000117188b90]
Event: 7.605 Thread 0x000000091f5b9000 12689       1       com.android.tools.r8.internal.Ab::c (5 bytes)
Event: 7.605 Thread 0x000000091f5b9000 nmethod 12689 0x0000000117188c10 code [0x0000000117188dc0, 0x0000000117188f10]
Event: 7.608 Thread 0x000000091f5b9000 12715       2       com.android.tools.r8.internal.Ab::<init> (449 bytes)
Event: 7.609 Thread 0x000000091f5b9000 nmethod 12715 0x00000001110c7610 code [0x00000001110c78c0, 0x00000001110c8690]
Event: 7.609 Thread 0x000000091f5b9000 12716       2       com.android.tools.r8.internal.Ab::a (131 bytes)
Event: 7.609 Thread 0x000000091f5b9000 nmethod 12716 0x00000001110c8c90 code [0x00000001110c8e80, 0x00000001110c9570]
Event: 7.609 Thread 0x000000091f5b9000 12714       2       com.android.tools.r8.internal.Ab::a (4413 bytes)
Event: 7.629 Thread 0x000000091f5b9000 nmethod 12714 0x00000001110c9890 code [0x00000001110caec0, 0x00000001110d77e0]
Event: 7.629 Thread 0x000000091f5b9000 12733 %     3       com.android.tools.r8.internal.Ab::<init> @ 97 (449 bytes)
Event: 7.641 Thread 0x000000091f5b9000 nmethod 12733% 0x00000001110e3510 code [0x00000001110e3900, 0x00000001110e5290]
Event: 7.641 Thread 0x000000091f5b9000 12741 %     3       com.android.tools.r8.internal.Ab::a @ 2487 (4413 bytes)

GC Heap History (20 events):
Event: 1.812 GC heap before
{Heap before GC invocations=5 (full 0):
 garbage-first heap   total 262144K, used 28115K [0x0000000500000000, 0x0000000580000000)
  region size 1024K, 11 young (11264K), 6 survivors (6144K)
 Metaspace       used 34997K, capacity 35783K, committed 35888K, reserved 1081344K
  class space    used 4645K, capacity 4982K, committed 4992K, reserved 1048576K
}
Event: 1.816 GC heap after
{Heap after GC invocations=6 (full 0):
 garbage-first heap   total 262144K, used 24632K [0x0000000500000000, 0x0000000580000000)
  region size 1024K, 6 young (6144K), 6 survivors (6144K)
 Metaspace       used 34997K, capacity 35783K, committed 35888K, reserved 1081344K
  class space    used 4645K, capacity 4982K, committed 4992K, reserved 1048576K
}
Event: 2.530 GC heap before
{Heap before GC invocations=7 (full 0):
 garbage-first heap   total 262144K, used 176184K [0x0000000500000000, 0x0000000580000000)
  region size 1024K, 153 young (156672K), 6 survivors (6144K)
 Metaspace       used 47928K, capacity 49281K, committed 49424K, reserved 1091584K
  class space    used 6428K, capacity 6999K, committed 7008K, reserved 1048576K
}
Event: 2.540 GC heap after
{Heap after GC invocations=8 (full 0):
 garbage-first heap   total 262144K, used 31533K [0x0000000500000000, 0x0000000580000000)
  region size 1024K, 13 young (13312K), 13 survivors (13312K)
 Metaspace       used 47928K, capacity 49281K, committed 49424K, reserved 1091584K
  class space    used 6428K, capacity 6999K, committed 7008K, reserved 1048576K
}
Event: 3.239 GC heap before
{Heap before GC invocations=9 (full 0):
 garbage-first heap   total 262144K, used 186157K [0x0000000500000000, 0x0000000580000000)
  region size 1024K, 153 young (156672K), 13 survivors (13312K)
 Metaspace       used 55822K, capacity 57410K, committed 57744K, reserved 1099776K
  class space    used 7412K, capacity 8056K, committed 8160K, reserved 1048576K
}
Event: 3.247 GC heap after
{Heap after GC invocations=10 (full 0):
 garbage-first heap   total 262144K, used 55779K [0x0000000500000000, 0x0000000580000000)
  region size 1024K, 20 young (20480K), 20 survivors (20480K)
 Metaspace       used 55822K, capacity 57410K, committed 57744K, reserved 1099776K
  class space    used 7412K, capacity 8056K, committed 8160K, reserved 1048576K
}
Event: 4.011 GC heap before
{Heap before GC invocations=10 (full 0):
 garbage-first heap   total 262144K, used 199139K [0x0000000500000000, 0x0000000580000000)
  region size 1024K, 153 young (156672K), 20 survivors (20480K)
 Metaspace       used 66948K, capacity 68751K, committed 69008K, reserved 1107968K
  class space    used 8822K, capacity 9589K, committed 9696K, reserved 1048576K
}
Event: 4.020 GC heap after
{Heap after GC invocations=11 (full 0):
 garbage-first heap   total 262144K, used 64917K [0x0000000500000000, 0x0000000580000000)
  region size 1024K, 9 young (9216K), 9 survivors (9216K)
 Metaspace       used 66948K, capacity 68751K, committed 69008K, reserved 1107968K
  class space    used 8822K, capacity 9589K, committed 9696K, reserved 1048576K
}
Event: 4.685 GC heap before
{Heap before GC invocations=11 (full 0):
 garbage-first heap   total 262144K, used 203157K [0x0000000500000000, 0x0000000580000000)
  region size 1024K, 140 young (143360K), 9 survivors (9216K)
 Metaspace       used 75358K, capacity 77457K, committed 77840K, reserved 1116160K
  class space    used 9886K, capacity 10745K, committed 10848K, reserved 1048576K
}
Event: 4.689 GC heap after
{Heap after GC invocations=12 (full 0):
 garbage-first heap   total 262144K, used 75102K [0x0000000500000000, 0x0000000580000000)
  region size 1024K, 15 young (15360K), 15 survivors (15360K)
 Metaspace       used 75358K, capacity 77457K, committed 77840K, reserved 1116160K
  class space    used 9886K, capacity 10745K, committed 10848K, reserved 1048576K
}
Event: 5.130 GC heap before
{Heap before GC invocations=12 (full 0):
 garbage-first heap   total 262144K, used 141662K [0x0000000500000000, 0x0000000580000000)
  region size 1024K, 81 young (82944K), 15 survivors (15360K)
 Metaspace       used 80526K, capacity 82652K, committed 82800K, reserved 1120256K
  class space    used 10779K, capacity 11658K, committed 11712K, reserved 1048576K
}
Event: 5.142 GC heap after
{Heap after GC invocations=13 (full 0):
 garbage-first heap   total 262144K, used 77514K [0x0000000500000000, 0x0000000580000000)
  region size 1024K, 10 young (10240K), 10 survivors (10240K)
 Metaspace       used 80526K, capacity 82652K, committed 82800K, reserved 1120256K
  class space    used 10779K, capacity 11658K, committed 11712K, reserved 1048576K
}
Event: 6.000 GC heap before
{Heap before GC invocations=14 (full 0):
 garbage-first heap   total 262144K, used 206538K [0x0000000500000000, 0x0000000580000000)
  region size 1024K, 136 young (139264K), 10 survivors (10240K)
 Metaspace       used 90088K, capacity 92493K, committed 92784K, reserved 1128448K
  class space    used 12119K, capacity 13128K, committed 13248K, reserved 1048576K
}
Event: 6.007 GC heap after
{Heap after GC invocations=15 (full 0):
 garbage-first heap   total 315392K, used 83993K [0x0000000500000000, 0x0000000580000000)
  region size 1024K, 10 young (10240K), 10 survivors (10240K)
 Metaspace       used 90088K, capacity 92493K, committed 92784K, reserved 1128448K
  class space    used 12119K, capacity 13128K, committed 13248K, reserved 1048576K
}
Event: 6.719 GC heap before
{Heap before GC invocations=15 (full 0):
 garbage-first heap   total 315392K, used 239641K [0x0000000500000000, 0x0000000580000000)
  region size 1024K, 163 young (166912K), 10 survivors (10240K)
 Metaspace       used 96138K, capacity 98973K, committed 99184K, reserved 1134592K
  class space    used 12865K, capacity 14016K, committed 14016K, reserved 1048576K
}
Event: 6.729 GC heap after
{Heap after GC invocations=16 (full 0):
 garbage-first heap   total 315392K, used 96256K [0x0000000500000000, 0x0000000580000000)
  region size 1024K, 21 young (21504K), 21 survivors (21504K)
 Metaspace       used 96138K, capacity 98973K, committed 99184K, reserved 1134592K
  class space    used 12865K, capacity 14016K, committed 14016K, reserved 1048576K
}
Event: 7.062 GC heap before
{Heap before GC invocations=16 (full 0):
 garbage-first heap   total 315392K, used 244736K [0x0000000500000000, 0x0000000580000000)
  region size 1024K, 167 young (171008K), 21 survivors (21504K)
 Metaspace       used 97227K, capacity 100157K, committed 100464K, reserved 1136640K
  class space    used 12950K, capacity 14149K, committed 14272K, reserved 1048576K
}
Event: 7.075 GC heap after
{Heap after GC invocations=17 (full 0):
 garbage-first heap   total 315392K, used 105767K [0x0000000500000000, 0x0000000580000000)
  region size 1024K, 10 young (10240K), 10 survivors (10240K)
 Metaspace       used 97227K, capacity 100157K, committed 100464K, reserved 1136640K
  class space    used 12950K, capacity 14149K, committed 14272K, reserved 1048576K
}
Event: 7.630 GC heap before
{Heap before GC invocations=17 (full 0):
 garbage-first heap   total 315392K, used 256295K [0x0000000500000000, 0x0000000580000000)
  region size 1024K, 152 young (155648K), 10 survivors (10240K)
 Metaspace       used 103266K, capacity 106870K, committed 106992K, reserved 1140736K
  class space    used 13866K, capacity 15330K, committed 15424K, reserved 1048576K
}
Event: 7.639 GC heap after
{Heap after GC invocations=18 (full 0):
 garbage-first heap   total 315392K, used 123904K [0x0000000500000000, 0x0000000580000000)
  region size 1024K, 19 young (19456K), 19 survivors (19456K)
 Metaspace       used 103266K, capacity 106870K, committed 106992K, reserved 1140736K
  class space    used 13866K, capacity 15330K, committed 15424K, reserved 1048576K
}

Deoptimization events (20 events):
Event: 7.556 Thread 0x0000000921afd000 DEOPT PACKING pc=0x0000000117034688 sp=0x0000000306c728b0
Event: 7.556 Thread 0x0000000921afd000 DEOPT UNPACKING pc=0x000000010f168d9c sp=0x0000000306c727a0 mode 2
Event: 7.578 Thread 0x0000000921af3000 DEOPT PACKING pc=0x0000000110b5db60 sp=0x000000030685abd0
Event: 7.578 Thread 0x0000000921afe000 DEOPT PACKING pc=0x0000000110b5db60 sp=0x0000000306e7ebd0
Event: 7.578 Thread 0x0000000921afe000 DEOPT UNPACKING pc=0x000000010f16927c sp=0x0000000306e7e990 mode 0
Event: 7.578 Thread 0x0000000921af3000 DEOPT UNPACKING pc=0x000000010f16927c sp=0x000000030685a990 mode 0
Event: 7.578 Thread 0x0000000921afd000 DEOPT PACKING pc=0x0000000110b5db60 sp=0x0000000306c72bd0
Event: 7.578 Thread 0x0000000921afd000 DEOPT UNPACKING pc=0x000000010f16927c sp=0x0000000306c72990 mode 0
Event: 7.583 Thread 0x0000000921af0000 DEOPT PACKING pc=0x0000000111038870 sp=0x0000000306443a70
Event: 7.583 Thread 0x0000000921af0000 DEOPT UNPACKING pc=0x000000010f16927c sp=0x00000003064438a0 mode 0
Event: 7.584 Thread 0x0000000921af1000 DEOPT PACKING pc=0x0000000111038870 sp=0x000000030664faf0
Event: 7.584 Thread 0x0000000921af1000 DEOPT UNPACKING pc=0x000000010f16927c sp=0x000000030664f920 mode 0
Event: 7.584 Thread 0x0000000921af1000 Uncommon trap: trap_request=0xffffff4d fr.pc=0x000000011717ad78 relative=0x0000000000000438
Event: 7.584 Thread 0x0000000921af1000 Uncommon trap: reason=unstable_if action=reinterpret pc=0x000000011717ad78 method=com.android.tools.r8.graph.e1.a(Ljava/lang/String;)[B @ 25 c2
Event: 7.584 Thread 0x0000000921af1000 DEOPT PACKING pc=0x000000011717ad78 sp=0x000000030664fb70
Event: 7.584 Thread 0x0000000921af1000 DEOPT UNPACKING pc=0x000000010f168d9c sp=0x000000030664fb10 mode 2
Event: 7.587 Thread 0x0000000921afe000 DEOPT PACKING pc=0x0000000111040dc4 sp=0x0000000306e7fe00
Event: 7.587 Thread 0x0000000921afe000 DEOPT UNPACKING pc=0x000000010f16927c sp=0x0000000306e7fb90 mode 0
Event: 7.643 Thread 0x0000000921aff000 DEOPT PACKING pc=0x00000001110c82f4 sp=0x000000030708c1e0
Event: 7.643 Thread 0x0000000921aff000 DEOPT UNPACKING pc=0x000000010f16927c sp=0x000000030708c010 mode 0

Classes redefined (0 events):
No events

Internal exceptions (20 events):
Event: 7.546 Thread 0x0000000921af0000 Exception <a 'java/lang/IncompatibleClassChangeError'{0x000000050c29c7a8}: Found class java.lang.Object, but interface was expected> (0x000000050c29c7a8) thrown at [src/hotspot/share/interpreter/linkResolver.cpp, line 839]
Event: 7.546 Thread 0x0000000921afe000 Exception <a 'java/lang/IncompatibleClassChangeError'{0x000000050c0041c8}: Found class java.lang.Object, but interface was expected> (0x000000050c0041c8) thrown at [src/hotspot/share/interpreter/linkResolver.cpp, line 839]
Event: 7.546 Thread 0x0000000922094000 Exception <a 'java/lang/IncompatibleClassChangeError'{0x000000050c0535e8}: Found class java.lang.Object, but interface was expected> (0x000000050c0535e8) thrown at [src/hotspot/share/interpreter/linkResolver.cpp, line 839]
Event: 7.546 Thread 0x0000000921afc000 Exception <a 'java/lang/IncompatibleClassChangeError'{0x000000050c1ff7d0}: Found class java.lang.Object, but interface was expected> (0x000000050c1ff7d0) thrown at [src/hotspot/share/interpreter/linkResolver.cpp, line 839]
Event: 7.546 Thread 0x0000000922095000 Exception <a 'java/lang/IncompatibleClassChangeError'{0x000000050c28b2d0}: Found class java.lang.Object, but interface was expected> (0x000000050c28b2d0) thrown at [src/hotspot/share/interpreter/linkResolver.cpp, line 839]
Event: 7.546 Thread 0x0000000921af1000 Exception <a 'java/lang/IncompatibleClassChangeError'{0x000000050bf3b090}: Found class java.lang.Object, but interface was expected> (0x000000050bf3b090) thrown at [src/hotspot/share/interpreter/linkResolver.cpp, line 839]
Event: 7.578 Thread 0x0000000921aff000 Exception <a 'java/lang/NoSuchMethodError'{0x000000050ba94120}: 'long java.lang.invoke.DirectMethodHandle$Holder.invokeStatic(java.lang.Object, long, java.lang.Object)'> (0x000000050ba94120) thrown at [src/hotspot/share/interpreter/linkResolver.cpp, line 773]
Event: 7.579 Thread 0x0000000922094000 Exception <a 'java/lang/NoSuchMethodError'{0x000000050baeffa0}: 'java.lang.Object java.lang.invoke.DirectMethodHandle$Holder.invokeStatic(java.lang.Object, long)'> (0x000000050baeffa0) thrown at [src/hotspot/share/interpreter/linkResolver.cpp, line 773]
Event: 7.579 Thread 0x0000000921afe000 Exception <a 'java/lang/NoSuchMethodError'{0x000000050bac8db0}: 'java.lang.Object java.lang.invoke.DirectMethodHandle$Holder.invokeStatic(java.lang.Object, long)'> (0x000000050bac8db0) thrown at [src/hotspot/share/interpreter/linkResolver.cpp, line 773]
Event: 7.579 Thread 0x0000000921afd000 Exception <a 'java/lang/NoSuchMethodError'{0x000000050bc78d28}: 'java.lang.Object java.lang.invoke.DirectMethodHandle$Holder.invokeStatic(java.lang.Object, long)'> (0x000000050bc78d28) thrown at [src/hotspot/share/interpreter/linkResolver.cpp, line 773]
Event: 7.579 Thread 0x0000000921af1000 Exception <a 'java/lang/NoSuchMethodError'{0x000000050bad71c8}: 'java.lang.Object java.lang.invoke.DirectMethodHandle$Holder.invokeStatic(java.lang.Object, long)'> (0x000000050bad71c8) thrown at [src/hotspot/share/interpreter/linkResolver.cpp, line 773]
Event: 7.579 Thread 0x0000000921afc000 Exception <a 'java/lang/NoSuchMethodError'{0x000000050be2d658}: 'java.lang.Object java.lang.invoke.DirectMethodHandle$Holder.invokeStatic(java.lang.Object, long)'> (0x000000050be2d658) thrown at [src/hotspot/share/interpreter/linkResolver.cpp, line 773]
Event: 7.579 Thread 0x0000000922094000 Exception <a 'java/lang/NoSuchMethodError'{0x000000050baf3570}: 'java.lang.Object java.lang.invoke.DirectMethodHandle$Holder.invokeSpecial(java.lang.Object, java.lang.Object, long)'> (0x000000050baf3570) thrown at [src/hotspot/share/interpreter/linkResolver.cpp, line 773]
Event: 7.579 Thread 0x0000000921afe000 Exception <a 'java/lang/NoSuchMethodError'{0x000000050bacbeb0}: 'java.lang.Object java.lang.invoke.Invokers$Holder.linkToTargetMethod(long, java.lang.Object)'> (0x000000050bacbeb0) thrown at [src/hotspot/share/interpreter/linkResolver.cpp, line 773]
Event: 7.579 Thread 0x0000000921aff000 Exception <a 'java/lang/NoSuchMethodError'{0x000000050ba9a218}: 'java.lang.Object java.lang.invoke.Invokers$Holder.linkToTargetMethod(long, java.lang.Object)'> (0x000000050ba9a218) thrown at [src/hotspot/share/interpreter/linkResolver.cpp, line 773]
Event: 7.579 Thread 0x0000000921af1000 Exception <a 'java/lang/NoSuchMethodError'{0x000000050bada158}: 'java.lang.Object java.lang.invoke.Invokers$Holder.linkToTargetMethod(long, java.lang.Object)'> (0x000000050bada158) thrown at [src/hotspot/share/interpreter/linkResolver.cpp, line 773]
Event: 7.579 Thread 0x0000000921afd000 Exception <a 'java/lang/NoSuchMethodError'{0x000000050bc7bcb8}: 'java.lang.Object java.lang.invoke.Invokers$Holder.linkToTargetMethod(long, java.lang.Object)'> (0x000000050bc7bcb8) thrown at [src/hotspot/share/interpreter/linkResolver.cpp, line 773]
Event: 7.579 Thread 0x0000000921af3000 Exception <a 'java/lang/NoSuchMethodError'{0x000000050bafd088}: 'java.lang.Object java.lang.invoke.Invokers$Holder.linkToTargetMethod(long, java.lang.Object)'> (0x000000050bafd088) thrown at [src/hotspot/share/interpreter/linkResolver.cpp, line 773]
Event: 7.579 Thread 0x0000000922095000 Exception <a 'java/lang/NoSuchMethodError'{0x000000050bab6d10}: 'java.lang.Object java.lang.invoke.Invokers$Holder.linkToTargetMethod(long, java.lang.Object)'> (0x000000050bab6d10) thrown at [src/hotspot/share/interpreter/linkResolver.cpp, line 773]
Event: 7.580 Thread 0x0000000922094000 Exception <a 'java/lang/NoSuchMethodError'{0x000000050baf6580}: 'java.lang.Object java.lang.invoke.Invokers$Holder.linkToTargetMethod(long, java.lang.Object)'> (0x000000050baf6580) thrown at [src/hotspot/share/interpreter/linkResolver.cpp, line 773]

Events (20 events):
Event: 7.646 loading class com/android/tools/r8/internal/kk
Event: 7.646 loading class com/android/tools/r8/internal/kk done
Event: 7.646 loading class com/android/tools/r8/internal/OX
Event: 7.646 loading class com/android/tools/r8/internal/OX done
Event: 7.648 loading class com/android/tools/r8/internal/Uw
Event: 7.648 loading class com/android/tools/r8/internal/Uw done
Event: 7.649 loading class com/android/tools/r8/internal/cs
Event: 7.649 loading class com/android/tools/r8/internal/cs done
Event: 7.650 loading class com/android/tools/r8/internal/z
Event: 7.650 loading class com/android/tools/r8/internal/z done
Event: 7.650 loading class com/android/tools/r8/internal/hs
Event: 7.650 loading class com/android/tools/r8/internal/hs done
Event: 7.650 loading class com/android/tools/r8/internal/k40
Event: 7.650 loading class com/android/tools/r8/internal/k40 done
Event: 7.650 loading class com/android/tools/r8/internal/cx
Event: 7.650 loading class com/android/tools/r8/internal/cx done
Event: 7.651 loading class com/android/tools/r8/internal/M1
Event: 7.651 loading class com/android/tools/r8/internal/M1 done
Event: 7.651 loading class com/android/tools/r8/internal/cK
Event: 7.651 loading class com/android/tools/r8/internal/cK done


Dynamic libraries:
0x000000010061c000 	/opt/homebrew/Cellar/openjdk@11/11.0.24/libexec/openjdk.jdk/Contents/Home/lib/jli/libjli.dylib
0x00000001a430b000 	/System/Library/Frameworks/Cocoa.framework/Versions/A/Cocoa
0x0000000189698000 	/System/Library/Frameworks/AppKit.framework/Versions/C/AppKit
0x000000018cd0c000 	/System/Library/Frameworks/CoreData.framework/Versions/A/CoreData
0x0000000186a92000 	/System/Library/Frameworks/Foundation.framework/Versions/C/Foundation
0x0000000194ccf000 	/usr/lib/libSystem.B.dylib
0x000000018adc5000 	/System/Library/PrivateFrameworks/UIFoundation.framework/Versions/A/UIFoundation
0x000000023eadd000 	/System/Library/PrivateFrameworks/CollectionViewCore.framework/Versions/A/CollectionViewCore
0x0000000192060000 	/System/Library/PrivateFrameworks/XCTTargetBootstrap.framework/Versions/A/XCTTargetBootstrap
0x0000000197738000 	/System/Library/PrivateFrameworks/InternationalSupport.framework/Versions/A/InternationalSupport
0x0000000197a92000 	/System/Library/PrivateFrameworks/UserActivity.framework/Versions/A/UserActivity
0x000000018d39c000 	/System/Library/PrivateFrameworks/BaseBoard.framework/Versions/A/BaseBoard
0x00000002472aa000 	/System/Library/PrivateFrameworks/FrontBoard.framework/Versions/A/FrontBoard
0x000000019f14b000 	/System/Library/PrivateFrameworks/FrontBoardServices.framework/Versions/A/FrontBoardServices
0x0000000283249000 	/usr/lib/libRosetta.dylib
0x0000000276afe000 	/System/Library/PrivateFrameworks/UIIntelligenceSupport.framework/Versions/A/UIIntelligenceSupport
0x00000002339e6000 	/System/Library/Frameworks/SwiftUICore.framework/Versions/A/SwiftUICore
0x000000027d0b2000 	/System/Library/PrivateFrameworks/WritingTools.framework/Versions/A/WritingTools
0x000000027bf03000 	/System/Library/PrivateFrameworks/WindowManagement.framework/Versions/A/WindowManagement
0x00000001866f1000 	/System/Library/Frameworks/SystemConfiguration.framework/Versions/A/SystemConfiguration
0x000000019696a000 	/usr/lib/libspindump.dylib
0x000000018af80000 	/System/Library/Frameworks/UniformTypeIdentifiers.framework/Versions/A/UniformTypeIdentifiers
0x0000000193f66000 	/usr/lib/libbsm.0.dylib
0x000000018f76a000 	/usr/lib/libapp_launch_measurement.dylib
0x000000018ea5f000 	/System/Library/PrivateFrameworks/CoreAnalytics.framework/Versions/A/CoreAnalytics
0x000000018f76e000 	/System/Library/PrivateFrameworks/CoreAutoLayout.framework/Versions/A/CoreAutoLayout
0x00000001915ab000 	/System/Library/Frameworks/Metal.framework/Versions/A/Metal
0x00000001929b3000 	/usr/lib/liblangid.dylib
0x0000000192066000 	/System/Library/PrivateFrameworks/CoreSVG.framework/Versions/A/CoreSVG
0x000000018b9e1000 	/System/Library/PrivateFrameworks/SkyLight.framework/Versions/A/SkyLight
0x0000000246fe3000 	/System/Library/PrivateFrameworks/FocusEngine.framework/Versions/A/FocusEngine
0x000000018bfa8000 	/System/Library/Frameworks/CoreGraphics.framework/Versions/A/CoreGraphics
0x0000000244bde000 	/System/Library/PrivateFrameworks/DesignLibrary.framework/Versions/A/DesignLibrary
0x000000019d413000 	/System/Library/Frameworks/Accelerate.framework/Versions/A/Accelerate
0x000000019675f000 	/System/Library/PrivateFrameworks/IconServices.framework/Versions/A/IconServices
0x0000000191583000 	/System/Library/Frameworks/IOSurface.framework/Versions/A/IOSurface
0x000000018ea8f000 	/usr/lib/libDiagnosticMessagesClient.dylib
0x0000000194c18000 	/usr/lib/libz.1.dylib
0x00000001a173b000 	/System/Library/Frameworks/ApplicationServices.framework/Versions/A/ApplicationServices
0x000000019204b000 	/System/Library/PrivateFrameworks/DFRFoundation.framework/Versions/A/DFRFoundation
0x0000000188ee7000 	/usr/lib/libicucore.A.dylib
0x0000000198ccf000 	/System/Library/Frameworks/AudioToolbox.framework/Versions/A/AudioToolbox
0x0000000197a40000 	/System/Library/PrivateFrameworks/DataDetectorsCore.framework/Versions/A/DataDetectorsCore
0x0000000277711000 	/System/Library/PrivateFrameworks/UpdateCycle.framework/Versions/A/UpdateCycle
0x00000001b5936000 	/System/Library/PrivateFrameworks/TextInput.framework/Versions/A/TextInput
0x000000018b923000 	/usr/lib/libMobileGestalt.dylib
0x0000000191d47000 	/System/Library/Frameworks/Carbon.framework/Versions/A/Frameworks/HIToolbox.framework/Versions/A/HIToolbox
0x000000018efc4000 	/System/Library/Frameworks/QuartzCore.framework/Versions/A/QuartzCore
0x0000000188ac2000 	/System/Library/Frameworks/Security.framework/Versions/A/Security
0x000000019cd92000 	/System/Library/Frameworks/Carbon.framework/Versions/A/Frameworks/SpeechRecognition.framework/Versions/A/SpeechRecognition
0x000000018f439000 	/System/Library/PrivateFrameworks/CoreUI.framework/Versions/A/CoreUI
0x0000000188310000 	/System/Library/Frameworks/CoreAudio.framework/Versions/A/CoreAudio
0x000000018eb83000 	/System/Library/Frameworks/DiskArbitration.framework/Versions/A/DiskArbitration
0x0000000196f12000 	/System/Library/PrivateFrameworks/MultitouchSupport.framework/Versions/A/MultitouchSupport
0x000000018b921000 	/usr/lib/libenergytrace.dylib
0x00000001a8e1a000 	/System/Library/PrivateFrameworks/RenderBox.framework/Versions/A/RenderBox
0x000000018953f000 	/System/Library/Frameworks/IOKit.framework/Versions/A/IOKit
0x000000019d19c000 	/System/Library/Frameworks/CoreServices.framework/Versions/A/CoreServices
0x000000018f6fb000 	/System/Library/PrivateFrameworks/PerformanceAnalysis.framework/Versions/A/PerformanceAnalysis
0x00000002293d0000 	/System/Library/Frameworks/OpenGL.framework/Versions/A/OpenGL
0x000000018f7b8000 	/usr/lib/libxml2.2.dylib
0x0000000193e47000 	/System/Library/PrivateFrameworks/MobileKeyBag.framework/Versions/A/MobileKeyBag
0x0000000184da8000 	/usr/lib/libobjc.A.dylib
0x000000018510e000 	/usr/lib/libc++.1.dylib
0x000000019d119000 	/System/Library/Frameworks/Accessibility.framework/Versions/A/Accessibility
0x000000018c702000 	/System/Library/Frameworks/ColorSync.framework/Versions/A/ColorSync
0x000000018523f000 	/System/Library/Frameworks/CoreFoundation.framework/Versions/A/CoreFoundation
0x00000001923f3000 	/System/Library/Frameworks/CoreImage.framework/Versions/A/CoreImage
0x00000001880e3000 	/System/Library/Frameworks/CoreText.framework/Versions/A/CoreText
0x000000022acda000 	/System/Library/Frameworks/CoreTransferable.framework/Versions/A/CoreTransferable
0x000000022b216000 	/System/Library/Frameworks/DataDetection.framework/Versions/A/DataDetection
0x000000022b22b000 	/System/Library/Frameworks/DeveloperToolsSupport.framework/Versions/A/DeveloperToolsSupport
0x00000001920a4000 	/System/Library/Frameworks/ImageIO.framework/Versions/A/ImageIO
0x000000023495b000 	/System/Library/Frameworks/Symbols.framework/Versions/A/Symbols
0x00000001bab5b000 	/System/Library/PrivateFrameworks/AttributeGraph.framework/Versions/A/AttributeGraph
0x000000019f22a000 	/System/Library/PrivateFrameworks/BoardServices.framework/Versions/A/BoardServices
0x00000001df31a000 	/System/Library/PrivateFrameworks/FeatureFlags.framework/Versions/A/FeatureFlags
0x0000000250223000 	/System/Library/PrivateFrameworks/Gestures.framework/Versions/A/Gestures
0x0000000194cd4000 	/System/Library/PrivateFrameworks/SoftLinking.framework/Versions/A/SoftLinking
0x00000001c93ff000 	/usr/lib/swift/libswiftAccelerate.dylib
0x00000001bf876000 	/usr/lib/swift/libswiftCompression.dylib
0x0000000198637000 	/usr/lib/swift/libswiftCore.dylib
0x00000001b1c07000 	/usr/lib/swift/libswiftCoreFoundation.dylib
0x00000001b1c60000 	/usr/lib/swift/libswiftCoreImage.dylib
0x000000019eec6000 	/usr/lib/swift/libswiftDispatch.dylib
0x00000001b1c61000 	/usr/lib/swift/libswiftIOKit.dylib
0x00000001bf869000 	/usr/lib/swift/libswiftMetal.dylib
0x00000001cebee000 	/usr/lib/swift/libswiftOSLog.dylib
0x00000001a1d8c000 	/usr/lib/swift/libswiftObjectiveC.dylib
0x000000028448a000 	/usr/lib/swift/libswiftObservation.dylib
0x00000001c4b82000 	/usr/lib/swift/libswiftQuartzCore.dylib
0x00000002845c9000 	/usr/lib/swift/libswiftSynchronization.dylib
0x00000001c93f0000 	/usr/lib/swift/libswiftUniformTypeIdentifiers.dylib
0x00000001b1c19000 	/usr/lib/swift/libswiftXPC.dylib
0x0000000284603000 	/usr/lib/swift/libswift_Builtin_float.dylib
0x0000000284606000 	/usr/lib/swift/libswift_Concurrency.dylib
0x00000001a1d90000 	/usr/lib/swift/libswiftos.dylib
0x00000001b56c6000 	/usr/lib/swift/libswiftsimd.dylib
0x0000000194efb000 	/usr/lib/libcompression.dylib
0x0000000197698000 	/System/Library/PrivateFrameworks/TextureIO.framework/Versions/A/TextureIO
0x000000018c8ae000 	/System/Library/Frameworks/ApplicationServices.framework/Versions/A/Frameworks/HIServices.framework/Versions/A/HIServices
0x00000001963e8000 	/usr/lib/libate.dylib
0x0000000194cc9000 	/usr/lib/system/libcache.dylib
0x0000000194c84000 	/usr/lib/system/libcommonCrypto.dylib
0x0000000194caf000 	/usr/lib/system/libcompiler_rt.dylib
0x0000000194ca4000 	/usr/lib/system/libcopyfile.dylib
0x0000000184f48000 	/usr/lib/system/libcorecrypto.dylib
0x0000000185041000 	/usr/lib/system/libdispatch.dylib
0x0000000184dfc000 	/usr/lib/system/libdyld.dylib
0x0000000194cbf000 	/usr/lib/system/libkeymgr.dylib
0x0000000194c67000 	/usr/lib/system/libmacho.dylib
0x0000000193f3e000 	/usr/lib/system/libquarantine.dylib
0x0000000194cbc000 	/usr/lib/system/libremovefile.dylib
0x000000018b9a4000 	/usr/lib/system/libsystem_asl.dylib
0x0000000184ecd000 	/usr/lib/system/libsystem_blocks.dylib
0x000000018508b000 	/usr/lib/system/libsystem_c.dylib
0x0000000194cb3000 	/usr/lib/system/libsystem_collections.dylib
0x00000001929a0000 	/usr/lib/system/libsystem_configuration.dylib
0x000000019154a000 	/usr/lib/system/libsystem_containermanager.dylib
0x00000001946ce000 	/usr/lib/system/libsystem_coreservices.dylib
0x00000001891b9000 	/usr/lib/system/libsystem_darwin.dylib
0x0000000284959000 	/usr/lib/system/libsystem_darwindirectory.dylib
0x0000000194cc0000 	/usr/lib/system/libsystem_dnssd.dylib
0x000000028495d000 	/usr/lib/system/libsystem_eligibility.dylib
0x0000000185088000 	/usr/lib/system/libsystem_featureflags.dylib
0x000000018520f000 	/usr/lib/system/libsystem_info.dylib
0x0000000194c28000 	/usr/lib/system/libsystem_m.dylib
0x0000000184ff5000 	/usr/lib/system/libsystem_malloc.dylib
0x000000018b906000 	/usr/lib/system/libsystem_networkextension.dylib
0x000000018962a000 	/usr/lib/system/libsystem_notify.dylib
0x00000001929a5000 	/usr/lib/system/libsystem_sandbox.dylib
0x0000000284967000 	/usr/lib/system/libsystem_sanitizers.dylib
0x0000000194cb8000 	/usr/lib/system/libsystem_secinit.dylib
0x00000001851bc000 	/usr/lib/system/libsystem_kernel.dylib
0x0000000185206000 	/usr/lib/system/libsystem_platform.dylib
0x00000001851f9000 	/usr/lib/system/libsystem_pthread.dylib
0x000000018d580000 	/usr/lib/system/libsystem_symptoms.dylib
0x0000000184f27000 	/usr/lib/system/libsystem_trace.dylib
0x000000028496f000 	/usr/lib/system/libsystem_trial.dylib
0x0000000194c92000 	/usr/lib/system/libunwind.dylib
0x0000000184ed1000 	/usr/lib/system/libxpc.dylib
0x00000001851a1000 	/usr/lib/libc++abi.dylib
0x000000028419a000 	/usr/lib/libswiftPrespecialized.dylib
0x0000000194cd1000 	/usr/lib/libfakelink.dylib
0x000000018b54a000 	/System/Library/Frameworks/CFNetwork.framework/Versions/A/CFNetwork
0x0000000194d25000 	/usr/lib/libarchive.2.dylib
0x000000019aea7000 	/System/Library/Frameworks/Combine.framework/Versions/A/Combine
0x000000023eb02000 	/System/Library/PrivateFrameworks/CollectionsInternal.framework/Versions/A/CollectionsInternal
0x0000000265c81000 	/System/Library/PrivateFrameworks/ReflectionInternal.framework/Versions/A/ReflectionInternal
0x0000000266b0d000 	/System/Library/PrivateFrameworks/RuntimeInternal.framework/Versions/A/RuntimeInternal
0x00000001aeaae000 	/usr/lib/swift/libswiftDarwin.dylib
0x00000002845d1000 	/usr/lib/swift/libswiftSystem.dylib
0x0000000284690000 	/usr/lib/swift/libswift_DarwinFoundation1.dylib
0x0000000284771000 	/usr/lib/swift/libswift_StringProcessing.dylib
0x00000001894be000 	/System/Library/PrivateFrameworks/CoreServicesInternal.framework/Versions/A/CoreServicesInternal
0x0000000194c9c000 	/usr/lib/liboah.dylib
0x00000001a11d9000 	/System/Library/PrivateFrameworks/DiskImages.framework/Versions/A/DiskImages
0x00000001ae570000 	/System/Library/Frameworks/NetFS.framework/Versions/A/NetFS
0x000000018f732000 	/System/Library/Frameworks/CoreServices.framework/Versions/A/Frameworks/FSEvents.framework/Versions/A/FSEvents
0x00000001891c4000 	/System/Library/Frameworks/CoreServices.framework/Versions/A/Frameworks/CarbonCore.framework/Versions/A/CarbonCore
0x000000018eaf7000 	/System/Library/Frameworks/CoreServices.framework/Versions/A/Frameworks/Metadata.framework/Versions/A/Metadata
0x00000001946d6000 	/System/Library/Frameworks/CoreServices.framework/Versions/A/Frameworks/OSServices.framework/Versions/A/OSServices
0x0000000194e1d000 	/System/Library/Frameworks/CoreServices.framework/Versions/A/Frameworks/SearchKit.framework/Versions/A/SearchKit
0x000000018d4f9000 	/System/Library/Frameworks/CoreServices.framework/Versions/A/Frameworks/AE.framework/Versions/A/AE
0x0000000185789000 	/System/Library/Frameworks/CoreServices.framework/Versions/A/Frameworks/LaunchServices.framework/Versions/A/LaunchServices
0x000000019623e000 	/System/Library/Frameworks/CoreServices.framework/Versions/A/Frameworks/DictionaryServices.framework/Versions/A/DictionaryServices
0x000000018f740000 	/System/Library/Frameworks/CoreServices.framework/Versions/A/Frameworks/SharedFileList.framework/Versions/A/SharedFileList
0x0000000194eb2000 	/usr/lib/libapple_nghttp2.dylib
0x000000018d113000 	/usr/lib/libsqlite3.dylib
0x00000001a1421000 	/System/Library/PrivateFrameworks/AppSupport.framework/Versions/A/AppSupport
0x0000000199369000 	/System/Library/Frameworks/GSS.framework/Versions/A/GSS
0x000000018d48d000 	/System/Library/PrivateFrameworks/RunningBoardServices.framework/Versions/A/RunningBoardServices
0x00000001a1d1a000 	/System/Library/PrivateFrameworks/StreamingZip.framework/Versions/A/StreamingZip
0x000000018d589000 	/System/Library/Frameworks/Network.framework/Versions/A/Network
0x0000000194c6b000 	/usr/lib/system/libkxld.dylib
0x000000023a363000 	/System/Library/PrivateFrameworks/AppleKeyStore.framework/Versions/A/AppleKeyStore
0x0000000282f2c000 	/usr/lib/libCoreEntitlements.dylib
0x000000025bb53000 	/System/Library/PrivateFrameworks/MessageSecurity.framework/Versions/A/MessageSecurity
0x000000018d0f7000 	/System/Library/PrivateFrameworks/ProtocolBuffer.framework/Versions/A/ProtocolBuffer
0x000000019e2c7000 	/System/Library/PrivateFrameworks/SymptomDiagnosticReporter.framework/Versions/A/SymptomDiagnosticReporter
0x0000000196482000 	/System/Library/PrivateFrameworks/CrashReporterSupport.framework/Versions/A/CrashReporterSupport
0x00000001946b5000 	/System/Library/PrivateFrameworks/AppleFSCompression.framework/Versions/A/AppleFSCompression
0x0000000193f4e000 	/usr/lib/libcoretls.dylib
0x00000001962b5000 	/usr/lib/libcoretls_cfhelpers.dylib
0x0000000194ef4000 	/usr/lib/libpam.2.dylib
0x0000000196327000 	/usr/lib/libxar.1.dylib
0x00000001962b7000 	/System/Library/PrivateFrameworks/APFS.framework/Versions/A/APFS
0x00000002715b9000 	/System/Library/PrivateFrameworks/SwiftASN1Internal.framework/Versions/A/SwiftASN1Internal
0x0000000196336000 	/usr/lib/libutil.dylib
0x00000001929ae000 	/System/Library/PrivateFrameworks/AppleSystemInfo.framework/Versions/A/AppleSystemInfo
0x0000000193c36000 	/System/Library/PrivateFrameworks/IOMobileFramebuffer.framework/Versions/A/IOMobileFramebuffer
0x00000001b1acd000 	/System/Library/PrivateFrameworks/LoggingSupport.framework/Versions/A/LoggingSupport
0x00000001993cc000 	/System/Library/PrivateFrameworks/MobileAsset.framework/Versions/A/MobileAsset
0x000000019e2d7000 	/System/Library/PrivateFrameworks/PowerLog.framework/Versions/A/PowerLog
0x0000000233878000 	/System/Library/Frameworks/SwiftData.framework/Versions/A/SwiftData
0x000000018f965000 	/System/Library/PrivateFrameworks/UserManagement.framework/Versions/A/UserManagement
0x000000018b475000 	/usr/lib/libboringssl.dylib
0x000000018d56e000 	/usr/lib/libdns_services.dylib
0x00000001b0b04000 	/usr/lib/libquic.dylib
0x00000001985c7000 	/usr/lib/libusrtcp.dylib
0x000000023b155000 	/System/Library/PrivateFrameworks/AtomicsInternal.framework/Versions/A/AtomicsInternal
0x00000001d747a000 	/System/Library/PrivateFrameworks/InternalSwiftProtobuf.framework/Versions/A/InternalSwiftProtobuf
0x0000000284461000 	/usr/lib/swift/libswiftDistributed.dylib
0x00000001929ac000 	/System/Library/PrivateFrameworks/AggregateDictionary.framework/Versions/A/AggregateDictionary
0x000000023b8e8000 	/System/Library/PrivateFrameworks/BiomeLibrary.framework/Versions/A/BiomeLibrary
0x00000001c0889000 	/System/Library/PrivateFrameworks/BiomeStreams.framework/Versions/A/BiomeStreams
0x00000001bca54000 	/System/Library/PrivateFrameworks/BiomeFoundation.framework/Versions/A/BiomeFoundation
0x00000001c694a000 	/System/Library/PrivateFrameworks/BiomePubSub.framework/Versions/A/BiomePubSub
0x00000001a2d46000 	/System/Library/PrivateFrameworks/ProactiveSupport.framework/Versions/A/ProactiveSupport
0x0000000196296000 	/usr/lib/liblzma.5.dylib
0x00000001a173c000 	/System/Library/PrivateFrameworks/InternationalTextSearch.framework/Versions/A/InternationalTextSearch
0x00000001b8f58000 	/System/Library/PrivateFrameworks/SoftwareUpdateCoreSupport.framework/Versions/A/SoftwareUpdateCoreSupport
0x00000001c130d000 	/System/Library/PrivateFrameworks/SoftwareUpdateCoreConnect.framework/Versions/A/SoftwareUpdateCoreConnect
0x00000001a12d7000 	/System/Library/PrivateFrameworks/RemoteServiceDiscovery.framework/Versions/A/RemoteServiceDiscovery
0x00000001b8b4f000 	/System/Library/PrivateFrameworks/MSUDataAccessor.framework/Versions/A/MSUDataAccessor
0x00000001b3c29000 	/usr/lib/libbootpolicy.dylib
0x00000001a12ee000 	/System/Library/PrivateFrameworks/RemoteXPC.framework/Versions/A/RemoteXPC
0x00000001c0755000 	/usr/lib/libFDR.dylib
0x00000001c656b000 	/usr/lib/libamsupport.dylib
0x0000000283241000 	/usr/lib/libReverseProxyDevice.dylib
0x0000000239c8c000 	/System/Library/PrivateFrameworks/AppleDeviceQuerySupport.framework/Versions/A/AppleDeviceQuerySupport
0x00000001c95ff000 	/usr/lib/libpartition2_dynamic.dylib
0x0000000194e8e000 	/System/Library/PrivateFrameworks/AppleSauce.framework/Versions/A/AppleSauce
0x0000000282dcd000 	/usr/lib/libAppleArchive.dylib
0x00000001946c1000 	/usr/lib/libbz2.1.0.dylib
0x000000018eb8d000 	/System/Library/Frameworks/Accelerate.framework/Versions/A/Frameworks/vImage.framework/Versions/A/vImage
0x000000019d176000 	/System/Library/Frameworks/Accelerate.framework/Versions/A/Frameworks/vecLib.framework/Versions/A/vecLib
0x000000019636d000 	/System/Library/Frameworks/Accelerate.framework/Versions/A/Frameworks/vecLib.framework/Versions/A/libvMisc.dylib
0x0000000185c89000 	/System/Library/Frameworks/Accelerate.framework/Versions/A/Frameworks/vecLib.framework/Versions/A/libBLAS.dylib
0x000000018f89f000 	/System/Library/Frameworks/CoreVideo.framework/Versions/A/CoreVideo
0x0000000198f70000 	/System/Library/Frameworks/ApplicationServices.framework/Versions/A/Frameworks/ATS.framework/Versions/A/ATS
0x0000000197621000 	/System/Library/Frameworks/ApplicationServices.framework/Versions/A/Frameworks/PrintCore.framework/Versions/A/PrintCore
0x0000000199332000 	/System/Library/Frameworks/ApplicationServices.framework/Versions/A/Frameworks/QD.framework/Versions/A/QD
0x000000019932d000 	/System/Library/Frameworks/ApplicationServices.framework/Versions/A/Frameworks/ColorSyncLegacy.framework/Versions/A/ColorSyncLegacy
0x0000000198f42000 	/System/Library/Frameworks/ApplicationServices.framework/Versions/A/Frameworks/SpeechSynthesis.framework/Versions/A/SpeechSynthesis
0x0000000191a75000 	/System/Library/PrivateFrameworks/FontServices.framework/libFontParser.dylib
0x00000001a0ffd000 	/System/Library/PrivateFrameworks/BackBoardServices.framework/Versions/A/BackBoardServices
0x000000023b801000 	/System/Library/PrivateFrameworks/BackBoardHIDEventFoundation.framework/Versions/A/BackBoardHIDEventFoundation
0x0000000187bf4000 	/System/Library/Frameworks/CoreDisplay.framework/Versions/A/CoreDisplay
0x0000000196f58000 	/System/Library/Frameworks/VideoToolbox.framework/Versions/A/VideoToolbox
0x0000000194ef2000 	/System/Library/Frameworks/MetalPerformanceShaders.framework/Versions/A/MetalPerformanceShaders
0x0000000264ced000 	/System/Library/PrivateFrameworks/ProDisplayLibrary.framework/Versions/A/ProDisplayLibrary
0x00000001a4ddd000 	/System/Library/PrivateFrameworks/IOSurfaceAccelerator.framework/Versions/A/IOSurfaceAccelerator
0x00000001915a0000 	/System/Library/PrivateFrameworks/IOAccelerator.framework/Versions/A/IOAccelerator
0x00000001918b8000 	/System/Library/Frameworks/CoreMedia.framework/Versions/A/CoreMedia
0x000000018b9bc000 	/System/Library/PrivateFrameworks/TCC.framework/Versions/A/TCC
0x0000000196f10000 	/System/Library/PrivateFrameworks/WatchdogClient.framework/Versions/A/WatchdogClient
0x00000001b1be7000 	/usr/lib/swift/libswiftCoreAudio.dylib
0x00000001cd447000 	/usr/lib/swift/libswiftCoreMedia.dylib
0x00000002845eb000 	/usr/lib/swift/libswiftVideoToolbox.dylib
0x00000001c69a8000 	/System/Library/PrivateFrameworks/BiomeStorage.framework/Versions/A/BiomeStorage
0x00000002561b3000 	/System/Library/PrivateFrameworks/IntelligencePlatformLibrary.framework/Versions/A/IntelligencePlatformLibrary
0x0000000263fec000 	/System/Library/PrivateFrameworks/PoirotSchematizer.framework/Versions/A/PoirotSchematizer
0x000000023c130000 	/System/Library/PrivateFrameworks/BiomeSync.framework/Versions/A/BiomeSync
0x000000023b8ce000 	/System/Library/PrivateFrameworks/BiomeDSL.framework/Versions/A/BiomeDSL
0x0000000264056000 	/System/Library/PrivateFrameworks/PoirotUDFs.framework/Versions/A/PoirotUDFs
0x0000000263fbb000 	/System/Library/PrivateFrameworks/PoirotSQLite.framework/Versions/A/PoirotSQLite
0x000000019f747000 	/System/Library/PrivateFrameworks/CoreTime.framework/Versions/A/CoreTime
0x0000000194d0a000 	/usr/lib/libiconv.2.dylib
0x0000000194c66000 	/usr/lib/libcharset.1.dylib
0x00000002846d1000 	/usr/lib/swift/libswift_RegexParser.dylib
0x000000023d741000 	/System/Library/PrivateFrameworks/CascadeSets.framework/Versions/A/CascadeSets
0x000000019953c000 	/System/Library/PrivateFrameworks/CorePhoneNumbers.framework/Versions/A/CorePhoneNumbers
0x0000000196cf8000 	/System/Library/PrivateFrameworks/AppleJPEG.framework/Versions/A/AppleJPEG
0x00000001966da000 	/usr/lib/libexpat.1.dylib
0x00000001974f4000 	/System/Library/Frameworks/ImageIO.framework/Versions/A/Resources/libPng.dylib
0x0000000197520000 	/System/Library/Frameworks/ImageIO.framework/Versions/A/Resources/libTIFF.dylib
0x000000019760a000 	/System/Library/Frameworks/ImageIO.framework/Versions/A/Resources/libGIF.dylib
0x0000000196d3d000 	/System/Library/Frameworks/ImageIO.framework/Versions/A/Resources/libJP2.dylib
0x00000001975b0000 	/System/Library/Frameworks/ImageIO.framework/Versions/A/Resources/libJPEG.dylib
0x00000001975a7000 	/System/Library/Frameworks/ImageIO.framework/Versions/A/Resources/libRadiance.dylib
0x000000024c991000 	/System/Library/PrivateFrameworks/GPUCompiler.framework/Versions/32023/Libraries/libllvm-flatbuffers.dylib
0x000000024729d000 	/System/Library/PrivateFrameworks/FramePacing.framework/Versions/A/FramePacing
0x00000002293c2000 	/System/Library/Frameworks/OpenGL.framework/Versions/A/Libraries/libCoreFSCache.dylib
0x00000002483de000 	/System/Library/PrivateFrameworks/GPUCompiler.framework/Versions/32023/Libraries/libGPUCompilerUtils.dylib
0x000000019f2f7000 	/System/Library/PrivateFrameworks/GraphicsServices.framework/Versions/A/GraphicsServices
0x00000001a2ed2000 	/System/Library/PrivateFrameworks/ASEProcessing.framework/Versions/A/ASEProcessing
0x00000001d2c49000 	/System/Library/PrivateFrameworks/Symbolication.framework/Versions/A/Symbolication
0x0000000263bd8000 	/System/Library/PrivateFrameworks/PhotosensitivityProcessing.framework/Versions/A/PhotosensitivityProcessing
0x0000000266d46000 	/System/Library/PrivateFrameworks/SILManager.framework/Versions/A/SILManager
0x000000019690c000 	/System/Library/PrivateFrameworks/GraphVisualizer.framework/Versions/A/GraphVisualizer
0x0000000229421000 	/System/Library/Frameworks/OpenGL.framework/Versions/A/Libraries/libGLU.dylib
0x00000002293e4000 	/System/Library/Frameworks/OpenGL.framework/Versions/A/Libraries/libGFXShared.dylib
0x00000002295b0000 	/System/Library/Frameworks/OpenGL.framework/Versions/A/Libraries/libGL.dylib
0x00000002293ed000 	/System/Library/Frameworks/OpenGL.framework/Versions/A/Libraries/libGLImage.dylib
0x00000002293e1000 	/System/Library/Frameworks/OpenGL.framework/Versions/A/Libraries/libCVMSPluginSupport.dylib
0x00000002293ca000 	/System/Library/Frameworks/OpenGL.framework/Versions/A/Libraries/libCoreVMClient.dylib
0x00000002471a8000 	/System/Library/PrivateFrameworks/FontServices.framework/Versions/A/FontServices
0x000000019691c000 	/System/Library/PrivateFrameworks/OTSVG.framework/Versions/A/OTSVG
0x000000018f3e6000 	/System/Library/Frameworks/ApplicationServices.framework/Versions/A/Frameworks/ATS.framework/Versions/A/Resources/libFontRegistry.dylib
0x0000000283751000 	/usr/lib/libhvf.dylib
0x0000000260a10000 	/System/Library/PrivateFrameworks/ParsingInternal.framework/Versions/A/ParsingInternal
0x00000002471ac000 	/System/Library/PrivateFrameworks/FontServices.framework/libXTFontStaticRegistryData.dylib
0x00000001928eb000 	/System/Library/Frameworks/MetalPerformanceShaders.framework/Versions/A/Frameworks/MPSCore.framework/Versions/A/MPSCore
0x0000000194620000 	/System/Library/Frameworks/MetalPerformanceShaders.framework/Versions/A/Frameworks/MPSImage.framework/Versions/A/MPSImage
0x0000000193ff1000 	/System/Library/Frameworks/MetalPerformanceShaders.framework/Versions/A/Frameworks/MPSNeuralNetwork.framework/Versions/A/MPSNeuralNetwork
0x0000000194429000 	/System/Library/Frameworks/MetalPerformanceShaders.framework/Versions/A/Frameworks/MPSMatrix.framework/Versions/A/MPSMatrix
0x000000019423e000 	/System/Library/Frameworks/MetalPerformanceShaders.framework/Versions/A/Frameworks/MPSRayIntersector.framework/Versions/A/MPSRayIntersector
0x000000019445b000 	/System/Library/Frameworks/MetalPerformanceShaders.framework/Versions/A/Frameworks/MPSNDArray.framework/Versions/A/MPSNDArray
0x000000022d559000 	/System/Library/Frameworks/MetalPerformanceShaders.framework/Versions/A/Frameworks/MPSFunctions.framework/Versions/A/MPSFunctions
0x000000022d53a000 	/System/Library/Frameworks/MetalPerformanceShaders.framework/Versions/A/Frameworks/MPSBenchmarkLoop.framework/Versions/A/MPSBenchmarkLoop
0x000000022d56e000 	/System/Library/Frameworks/MetalPerformanceShaders.framework/Versions/A/Frameworks/MPSHost.framework/Versions/A/MPSHost
0x0000000185aa5000 	/System/Library/PrivateFrameworks/MetalTools.framework/Versions/A/MetalTools
0x00000001b6d72000 	/System/Library/PrivateFrameworks/IOAccelMemoryInfo.framework/Versions/A/IOAccelMemoryInfo
0x00000001c4f78000 	/System/Library/PrivateFrameworks/kperf.framework/Versions/A/kperf
0x00000001b1be3000 	/System/Library/PrivateFrameworks/GPURawCounter.framework/Versions/A/GPURawCounter
0x000000019f630000 	/System/Library/PrivateFrameworks/CoreSymbolication.framework/Versions/A/CoreSymbolication
0x00000001b1b5a000 	/System/Library/PrivateFrameworks/MallocStackLogging.framework/Versions/A/MallocStackLogging
0x000000019f60d000 	/System/Library/PrivateFrameworks/DebugSymbols.framework/Versions/A/DebugSymbols
0x00000001c37de000 	/System/Library/PrivateFrameworks/OSAnalytics.framework/Versions/A/OSAnalytics
0x0000000245095000 	/System/Library/PrivateFrameworks/DeviceRecovery.framework/Versions/A/DeviceRecovery
0x000000022b370000 	/System/Library/Frameworks/ExtensionFoundation.framework/Versions/A/ExtensionFoundation
0x000000019695d000 	/System/Library/PrivateFrameworks/AppServerSupport.framework/Versions/A/AppServerSupport
0x000000022c6d8000 	/System/Library/Frameworks/LightweightCodeRequirements.framework/Versions/A/LightweightCodeRequirements
0x00000001965d9000 	/System/Library/PrivateFrameworks/PlugInKit.framework/Versions/A/PlugInKit
0x0000000193e5f000 	/System/Library/PrivateFrameworks/AssertionServices.framework/Versions/A/AssertionServices
0x00000001966ff000 	/System/Library/PrivateFrameworks/IconFoundation.framework/Versions/A/IconFoundation
0x00000002530b5000 	/System/Library/PrivateFrameworks/IconRendering.framework/Versions/A/IconRendering
0x0000000266cbe000 	/System/Library/PrivateFrameworks/SFSymbols.framework/Versions/A/SFSymbols
0x0000000187d18000 	/System/Library/PrivateFrameworks/AudioToolboxCore.framework/Versions/A/AudioToolboxCore
0x0000000198eaa000 	/System/Library/PrivateFrameworks/AudioSession.framework/Versions/A/AudioSession
0x00000001a411e000 	/System/Library/Frameworks/CoreMIDI.framework/Versions/A/CoreMIDI
0x0000000198f29000 	/usr/lib/libAudioStatistics.dylib
0x000000019188f000 	/System/Library/PrivateFrameworks/caulk.framework/Versions/A/caulk
0x00000001974ce000 	/usr/lib/libAudioToolboxUtility.dylib
0x00000001b8398000 	/usr/lib/swift/libswiftCoreMIDI.dylib
0x000000019933b000 	/System/Library/PrivateFrameworks/perfdata.framework/Versions/A/perfdata
0x00000001b0c01000 	/System/Library/PrivateFrameworks/SystemPolicy.framework/Versions/A/SystemPolicy
0x00000001991e0000 	/usr/lib/libSMC.dylib
0x0000000199349000 	/usr/lib/libperfcheck.dylib
0x000000023b215000 	/System/Library/PrivateFrameworks/AudioAnalytics.framework/Versions/A/AudioAnalytics
0x0000000284694000 	/usr/lib/swift/libswift_DarwinFoundation2.dylib
0x0000000284695000 	/usr/lib/swift/libswift_DarwinFoundation3.dylib
0x00000001d7177000 	/System/Library/Frameworks/OSLog.framework/Versions/A/OSLog
0x00000001b1b8c000 	/usr/lib/libmis.dylib
0x000000019681d000 	/System/Library/PrivateFrameworks/MediaExperience.framework/Versions/A/MediaExperience
0x0000000198c78000 	/System/Library/PrivateFrameworks/AudioSession.framework/libSessionUtility.dylib
0x0000000197610000 	/System/Library/PrivateFrameworks/CMCaptureCore.framework/Versions/A/CMCaptureCore
0x000000019e1c1000 	/System/Library/Frameworks/CoreBluetooth.framework/Versions/A/CoreBluetooth
0x0000000193ccb000 	/System/Library/PrivateFrameworks/CoreUtils.framework/Versions/A/CoreUtils
0x00000001a9b41000 	/System/Library/PrivateFrameworks/HID.framework/Versions/A/HID
0x0000000244492000 	/System/Library/PrivateFrameworks/CoreUtilsExtras.framework/Versions/A/CoreUtilsExtras
0x000000025300a000 	/System/Library/PrivateFrameworks/IO80211.framework/Versions/A/IO80211
0x000000019abfa000 	/System/Library/Frameworks/IOBluetooth.framework/Versions/A/IOBluetooth
0x000000023ae03000 	/System/Library/PrivateFrameworks/ArgumentParserInternal.framework/Versions/A/ArgumentParserInternal
0x0000000196479000 	/usr/lib/libIOReport.dylib
0x0000000193e6e000 	/System/Library/Frameworks/SecurityFoundation.framework/Versions/A/SecurityFoundation
0x0000000186469000 	/System/Library/PrivateFrameworks/Lexicon.framework/Versions/A/Lexicon
0x0000000193fd9000 	/usr/lib/libgermantok.dylib
0x0000000192ad7000 	/System/Library/PrivateFrameworks/LinguisticData.framework/Versions/A/LinguisticData
0x000000019e3c9000 	/System/Library/PrivateFrameworks/MediaKit.framework/Versions/A/MediaKit
0x000000019e314000 	/System/Library/Frameworks/DiscRecording.framework/Versions/A/DiscRecording
0x00000001966f5000 	/usr/lib/libheimdal-asn1.dylib
0x00000001a1cf0000 	/System/Library/Frameworks/AudioUnit.framework/Versions/A/AudioUnit
0x000000018f705000 	/System/Library/Frameworks/OpenDirectory.framework/Versions/A/OpenDirectory
0x000000018f713000 	/System/Library/Frameworks/OpenDirectory.framework/Versions/A/Frameworks/CFOpenDirectory.framework/Versions/A/CFOpenDirectory
0x0000000229934000 	/System/Library/Frameworks/AVFAudio.framework/Versions/A/AVFAudio
0x00000001aab12000 	/usr/lib/libAccessibility.dylib
0x0000000256d5a000 	/System/Library/PrivateFrameworks/IsolatedCoreAudioClient.framework/Versions/A/IsolatedCoreAudioClient
0x0000000274b94000 	/System/Library/PrivateFrameworks/Tightbeam.framework/Versions/A/Tightbeam
0x0000000240390000 	/System/Library/PrivateFrameworks/CoreAudioOrchestration.framework/Versions/A/CoreAudioOrchestration
0x00000001c9b52000 	/System/Library/PrivateFrameworks/AFKUser.framework/Versions/A/AFKUser
0x000000019d463000 	/System/Library/Frameworks/MediaAccessibility.framework/Versions/A/MediaAccessibility
0x0000000278db3000 	/System/Library/PrivateFrameworks/VideoToolboxParavirtualizationSupport.framework/Versions/A/VideoToolboxParavirtualizationSupport
0x0000000196691000 	/System/Library/PrivateFrameworks/AppleVA.framework/Versions/A/AppleVA
0x00000001975a2000 	/System/Library/PrivateFrameworks/GPUWrangler.framework/Versions/A/GPUWrangler
0x0000000197582000 	/System/Library/PrivateFrameworks/IOPresentment.framework/Versions/A/IOPresentment
0x00000001975aa000 	/System/Library/PrivateFrameworks/DSExternalDisplay.framework/Versions/A/DSExternalDisplay
0x000000023ac5a000 	/System/Library/PrivateFrameworks/AppleMobileFileIntegrity.framework/Versions/A/AppleMobileFileIntegrity
0x00000002832ce000 	/usr/lib/libTLE.dylib
0x00000001e847d000 	/System/Library/PrivateFrameworks/ConfigProfileHelper.framework/Versions/A/ConfigProfileHelper
0x00000001dd28a000 	/usr/lib/libedit.3.dylib
0x00000002582da000 	/System/Library/PrivateFrameworks/MIL.framework/Versions/A/MIL
0x00000001b6d35000 	/usr/lib/libncurses.5.4.dylib
0x0000000193c00000 	/System/Library/PrivateFrameworks/CoreEmoji.framework/Versions/A/CoreEmoji
0x0000000186785000 	/usr/lib/libCRFSuite.dylib
0x00000001929b5000 	/System/Library/PrivateFrameworks/CoreNLP.framework/Versions/A/CoreNLP
0x0000000193f78000 	/usr/lib/libmecab.dylib
0x0000000194e85000 	/usr/lib/libThaiTokenizer.dylib
0x00000001d7642000 	/System/Library/PrivateFrameworks/HIDDisplay.framework/Versions/A/HIDDisplay
0x00000001975dc000 	/System/Library/Frameworks/ApplicationServices.framework/Versions/A/Frameworks/ATSUI.framework/Versions/A/ATSUI
0x00000001992c1000 	/usr/lib/libcups.2.dylib
0x0000000199357000 	/System/Library/Frameworks/Kerberos.framework/Versions/A/Kerberos
0x0000000198fb8000 	/usr/lib/libresolv.9.dylib
0x0000000196971000 	/System/Library/PrivateFrameworks/Heimdal.framework/Versions/A/Heimdal
0x00000001a1cef000 	/System/Library/Frameworks/Kerberos.framework/Versions/A/Libraries/libHeimdalProxy.dylib
0x00000001993bb000 	/System/Library/PrivateFrameworks/CommonAuth.framework/Versions/A/CommonAuth
0x00000001aaa0d000 	/System/Library/PrivateFrameworks/AXCoreUtilities.framework/Versions/A/AXCoreUtilities
0x0000000282ce7000 	/usr/lib/libAXSafeCategoryBundle.dylib
0x0000000193ac6000 	/System/Library/Frameworks/Accelerate.framework/Versions/A/Frameworks/vecLib.framework/Versions/A/libvDSP.dylib
0x0000000194fd2000 	/System/Library/Frameworks/Accelerate.framework/Versions/A/Frameworks/vecLib.framework/Versions/A/libLAPACK.dylib
0x0000000193fdc000 	/System/Library/Frameworks/Accelerate.framework/Versions/A/Frameworks/vecLib.framework/Versions/A/libLinearAlgebra.dylib
0x0000000194ecb000 	/System/Library/Frameworks/Accelerate.framework/Versions/A/Frameworks/vecLib.framework/Versions/A/libSparseBLAS.dylib
0x0000000194fcd000 	/System/Library/Frameworks/Accelerate.framework/Versions/A/Frameworks/vecLib.framework/Versions/A/libQuadrature.dylib
0x0000000192ade000 	/System/Library/Frameworks/Accelerate.framework/Versions/A/Frameworks/vecLib.framework/Versions/A/libBNNS.dylib
0x000000018657e000 	/System/Library/Frameworks/Accelerate.framework/Versions/A/Frameworks/vecLib.framework/Versions/A/libSparse.dylib
0x0000000199320000 	/System/Library/PrivateFrameworks/NetAuth.framework/Versions/A/NetAuth
0x000000018f924000 	/System/Library/PrivateFrameworks/login.framework/Versions/A/Frameworks/loginsupport.framework/Versions/A/loginsupport
0x0000000193f42000 	/usr/lib/libCheckFix.dylib
0x000000018ea91000 	/System/Library/PrivateFrameworks/MetadataUtilities.framework/Versions/A/MetadataUtilities
0x0000000253ad2000 	/System/Library/PrivateFrameworks/InstalledContentLibrary.framework/Versions/A/InstalledContentLibrary
0x00000001894ff000 	/System/Library/PrivateFrameworks/CoreServicesStore.framework/Versions/A/CoreServicesStore
0x00000001c507f000 	/System/Library/PrivateFrameworks/MobileSystemServices.framework/Versions/A/MobileSystemServices
0x000000019633a000 	/usr/lib/libxslt.1.dylib
0x0000000193f01000 	/System/Library/PrivateFrameworks/BackgroundTaskManagement.framework/Versions/A/BackgroundTaskManagement
0x00000001a1399000 	/usr/lib/libcurl.4.dylib
0x0000000283507000 	/usr/lib/libcrypto.46.dylib
0x0000000284127000 	/usr/lib/libssl.48.dylib
0x00000001a106f000 	/System/Library/Frameworks/LDAP.framework/Versions/A/LDAP
0x00000001a10ab000 	/System/Library/PrivateFrameworks/TrustEvaluationAgent.framework/Versions/A/TrustEvaluationAgent
0x0000000198fd5000 	/usr/lib/libsasl2.2.dylib
0x00000001aeaad000 	/usr/lib/swift/libswiftCoreGraphics.dylib
0x000000019db5f000 	/usr/lib/swift/libswiftFoundation.dylib
0x00000001e7e39000 	/usr/lib/swift/libswiftSwiftOnoneSupport.dylib
0x0000000284806000 	/usr/lib/swift/libswiftsys_time.dylib
0x00000001d3406000 	/System/Library/PrivateFrameworks/CoreMaterial.framework/Versions/A/CoreMaterial
0x000000028454c000 	/usr/lib/swift/libswiftSpatial.dylib
0x00000002832cb000 	/usr/lib/libSpatial.dylib
0x0000000282c05000 	/System/Library/SubFrameworks/UIUtilities.framework/Versions/A/UIUtilities
0x0000000105db4000 	/opt/homebrew/Cellar/openjdk@11/11.0.24/libexec/openjdk.jdk/Contents/Home/lib/server/libjvm.dylib
0x0000000100640000 	/opt/homebrew/Cellar/openjdk@11/11.0.24/libexec/openjdk.jdk/Contents/Home/lib/libverify.dylib
0x0000000100690000 	/opt/homebrew/Cellar/openjdk@11/11.0.24/libexec/openjdk.jdk/Contents/Home/lib/libjava.dylib
0x0000000100658000 	/opt/homebrew/Cellar/openjdk@11/11.0.24/libexec/openjdk.jdk/Contents/Home/lib/libjimage.dylib
0x00000001006c8000 	/opt/homebrew/Cellar/openjdk@11/11.0.24/libexec/openjdk.jdk/Contents/Home/lib/libinstrument.dylib
0x0000000100724000 	/opt/homebrew/Cellar/openjdk@11/11.0.24/libexec/openjdk.jdk/Contents/Home/lib/libzip.dylib
0x0000000100b10000 	/opt/homebrew/Cellar/openjdk@11/11.0.24/libexec/openjdk.jdk/Contents/Home/lib/libnio.dylib
0x0000000105b18000 	/opt/homebrew/Cellar/openjdk@11/11.0.24/libexec/openjdk.jdk/Contents/Home/lib/libnet.dylib
0x000000010083c000 	/Users/sav/.gradle/native/c067742578af261105cb4f569cf0c3c89f3d7b1fecec35dd04571415982c5e48/osx-aarch64/libnative-platform.dylib
0x0000000105bac000 	/Users/sav/.gradle/native/38dada09dfb8b06ba9b0570ebf7e218e3eb74d4ef43ca46872605cf95ebc2f47/osx-aarch64/libnative-platform-file-events.dylib
0x0000000105b50000 	/opt/homebrew/Cellar/openjdk@11/11.0.24/libexec/openjdk.jdk/Contents/Home/lib/libmanagement.dylib
0x0000000105b64000 	/opt/homebrew/Cellar/openjdk@11/11.0.24/libexec/openjdk.jdk/Contents/Home/lib/libmanagement_ext.dylib
0x0000000105b78000 	/opt/homebrew/Cellar/openjdk@11/11.0.24/libexec/openjdk.jdk/Contents/Home/lib/libextnet.dylib


VM Arguments:
jvm_args: --add-opens=java.base/java.util=ALL-UNNAMED --add-opens=java.base/java.lang=ALL-UNNAMED --add-opens=java.base/java.lang.invoke=ALL-UNNAMED --add-opens=java.prefs/java.util.prefs=ALL-UNNAMED --add-opens=java.base/java.nio.charset=ALL-UNNAMED --add-opens=java.base/java.net=ALL-UNNAMED --add-opens=java.base/java.util.concurrent.atomic=ALL-UNNAMED -Xmx2048m -Dfile.encoding=UTF-8 -Duser.country=GB -Duser.language=en -Duser.variant -javaagent:/Users/sav/.gradle/wrapper/dists/gradle-8.5-bin/5t9huq95ubn472n8rpzujfbqh/gradle-8.5/lib/agents/gradle-instrumentation-agent-8.5.jar 
java_command: org.gradle.launcher.daemon.bootstrap.GradleDaemon 8.5
java_class_path (initial): /Users/sav/.gradle/wrapper/dists/gradle-8.5-bin/5t9huq95ubn472n8rpzujfbqh/gradle-8.5/lib/gradle-launcher-8.5.jar
Launcher Type: SUN_STANDARD

[Global flags]
     intx CICompilerCount                          = 4                                         {product} {ergonomic}
     uint ConcGCThreads                            = 2                                         {product} {ergonomic}
     uint G1ConcRefinementThreads                  = 9                                         {product} {ergonomic}
   size_t G1HeapRegionSize                         = 1048576                                   {product} {ergonomic}
    uintx GCDrainStackTargetSize                   = 64                                        {product} {ergonomic}
   size_t InitialHeapSize                          = 268435456                                 {product} {ergonomic}
   size_t MarkStackSize                            = 4194304                                   {product} {ergonomic}
   size_t MaxHeapSize                              = 2147483648                                {product} {command line}
   size_t MaxNewSize                               = 1287651328                                {product} {ergonomic}
   size_t MinHeapDeltaBytes                        = 1048576                                   {product} {ergonomic}
    uintx NonNMethodCodeHeapSize                   = 5836492                                {pd product} {ergonomic}
    uintx NonProfiledCodeHeapSize                  = 122910874                              {pd product} {ergonomic}
    uintx ProfiledCodeHeapSize                     = 122910874                              {pd product} {ergonomic}
    uintx ReservedCodeCacheSize                    = 251658240                              {pd product} {ergonomic}
     bool SegmentedCodeCache                       = true                                      {product} {ergonomic}
     bool UseCompressedClassPointers               = true                                 {lp64_product} {ergonomic}
     bool UseCompressedOops                        = true                                 {lp64_product} {ergonomic}
     bool UseG1GC                                  = true                                      {product} {ergonomic}

Logging:
Log output configuration:
 #0: stdout all=warning uptime,level,tags
 #1: stderr all=off uptime,level,tags

Environment Variables:
JAVA_HOME=/opt/homebrew/Cellar/openjdk@11/11.0.24/libexec/openjdk.jdk/Contents/Home
PATH=/Users/sav/development/flutter/bin:/opt/homebrew/Cellar/openjdk@11/11.0.24/libexec/openjdk.jdk/Contents/Home/bin:/Library/Frameworks/Python.framework/Versions/3.13/bin:/opt/homebrew/bin:/opt/homebrew/sbin:/Library/Frameworks/Python.framework/Versions/3.12/bin:/usr/local/bin:/System/Cryptexes/App/usr/bin:/usr/bin:/bin:/usr/sbin:/sbin:/var/run/com.apple.security.cryptexd/codex.system/bootstrap/usr/local/bin:/var/run/com.apple.security.cryptexd/codex.system/bootstrap/usr/bin:/var/run/com.apple.security.cryptexd/codex.system/bootstrap/usr/appleinternal/bin:/opt/pmk/env/global/bin:/opt/X11/bin:/Library/Apple/usr/bin:/Library/TeX/texbin:/Users/sav/Library/Application Support/JetBrains/Toolbox/scripts
SHELL=/bin/zsh
DISPLAY=/private/tmp/com.apple.launchd.3NoL7moIoK/org.xquartz:0
LANG=C.UTF-8
LC_CTYPE=UTF-8
TERM=xterm-256color
TMPDIR=/var/folders/c6/h6kx5ng130x_z9dx25q0rny40000gn/T/

Signal Handlers:
SIGSEGV: [libjvm.dylib+0x701eb0], sa_mask[0]=11111111011111110111111111111111, sa_flags=SA_ONSTACK|SA_RESTART|SA_SIGINFO
SIGBUS: [libjvm.dylib+0x701eb0], sa_mask[0]=11111111011111110111111111111111, sa_flags=SA_RESTART|SA_SIGINFO
SIGFPE: [libjvm.dylib+0x701eb0], sa_mask[0]=11111111011111110111111111111111, sa_flags=SA_RESTART|SA_SIGINFO
SIGPIPE: [libjvm.dylib+0x56a5bc], sa_mask[0]=11111111011111110111111111111111, sa_flags=SA_RESTART|SA_SIGINFO
SIGXFSZ: [libjvm.dylib+0x56a5bc], sa_mask[0]=11111111011111110111111111111111, sa_flags=SA_RESTART|SA_SIGINFO
SIGILL: [libjvm.dylib+0x701eb0], sa_mask[0]=11111111011111110111111111111111, sa_flags=SA_RESTART|SA_SIGINFO
SIGUSR2: [libjvm.dylib+0x56abb8], sa_mask[0]=00100000000000000000000000000000, sa_flags=SA_RESTART|SA_SIGINFO
SIGHUP: [libjvm.dylib+0x569350], sa_mask[0]=11111111011111110111111111111111, sa_flags=SA_RESTART|SA_SIGINFO
SIGINT: [libjvm.dylib+0x569350], sa_mask[0]=11111111011111110111111111111111, sa_flags=SA_RESTART|SA_SIGINFO
SIGTERM: [libjvm.dylib+0x569350], sa_mask[0]=11111111011111110111111111111111, sa_flags=SA_RESTART|SA_SIGINFO
SIGQUIT: [libjvm.dylib+0x569350], sa_mask[0]=11111111011111110111111111111111, sa_flags=SA_RESTART|SA_SIGINFO


---------------  S Y S T E M  ---------------

OS:uname:Darwin 25.3.0 Darwin Kernel Version 25.3.0: Wed Jan 28 20:54:46 PST 2026; root:xnu-12377.91.3~2/RELEASE_ARM64_T6000 arm64
OS uptime: 4 days 6:40 hours
rlimit (soft/hard): STACK 8176k/65520k , CORE 0k/infinity , NPROC 2666/4000 , NOFILE 12544/infinity , AS infinity/infinity , CPU infinity/infinity , DATA infinity/infinity , FSIZE infinity/infinity , MEMLOCK infinity/infinity , RSS infinity/infinity
load average:8.27 9.32 9.58

CPU:total 10 (initial active 10) 0x61:0x0:0x1b588bb3:0, simd, crc, lse

Memory: 16k page, physical 16777216k(131632k free), swap 6291456k(1234624k free)

vm_info: OpenJDK 64-Bit Server VM (11.0.24+0) for bsd-aarch64 JRE (11.0.24+0), built on Sep 30 2024 13:36:56 by "brew" with clang Homebrew Clang 19.1.0

END.
